paper_id,fit_status,strict_bin,lenient_best_bin,claims_total,claims_covered,claim_ratio,per_paper_total_gb,per_paper_max_asset_gb
bamboo-00001,oversize-floor,,,6,0,0.0,406.3,326.0
bamboo-00002,leftover,,,16,0,0.0,107.085,25.783
bamboo-00003,strict,1,,30,30,1.0,0.166,0.098
bamboo-00004,oversize-floor,,1,27,21,0.778,155.933,155.0
bamboo-00005,leftover,,21,29,6,0.207,122.228,121.366
bamboo-00006,strict,5,,18,18,1.0,27.463,25.0
bamboo-00007,strict,9,,25,25,1.0,2.766,1.252
bamboo-00008,leftover,,,18,0,0.0,20.995,11.184
bamboo-00009,strict,39,,24,24,1.0,3.406,0.8
bamboo-00010,leftover,,,19,0,0.0,14.973,12.6
bamboo-00011,strict,14,,30,30,1.0,2.593,0.8
bamboo-00012,strict,5,,29,29,1.0,5.863,4.0
bamboo-00013,strict,5,,24,24,1.0,0.054,0.054
bamboo-00014,leftover,,2,27,1,0.037,75.109,24.859
bamboo-00015,strict,49,,17,17,1.0,6.128,3.0
bamboo-00016,strict,2,,30,30,1.0,0.889,0.466
bamboo-00017,strict,22,,30,30,1.0,0.898,0.803
bamboo-00018,oversize-floor,,9,27,7,0.259,766.987,640.484
bamboo-00019,leftover,,,0,0,0.0,21.999,4.852
bamboo-00020,leftover,,41,30,18,0.6,17.801,16.937
bamboo-00021,strict,39,,26,26,1.0,3.746,2.107
bamboo-00022,oversize-floor,,,1,0,0.0,219.0,155.0
bamboo-00023,oversize-total,,,18,0,0.0,196.124,130.4
bamboo-00024,leftover,,,7,0,0.0,9.965,9.965
bamboo-00025,strict,35,,6,6,1.0,6.108,4.657
bamboo-00026,leftover,,22,30,12,0.4,14.763,12.6
bamboo-00027,strict,39,,30,30,1.0,4.432,2.641
bamboo-00028,strict,43,,30,30,1.0,6.78,3.725
bamboo-00029,strict,39,,16,16,1.0,3.675,2.875
bamboo-00030,leftover,,,52,0,0.0,13.839,13.039
bamboo-00031,leftover,,,9,0,0.0,19.998,14.183
bamboo-00032,leftover,,,30,0,0.0,15.444,5.464
bamboo-00033,oversize-floor,,,6,0,0.0,1216.119,1210.719
bamboo-00034,strict,20,,12,12,1.0,0.8,0.8
bamboo-00035,strict,10,,30,30,1.0,3.924,1.593
bamboo-00036,oversize-floor,,,30,0,0.0,710.989,631.998
bamboo-00037,leftover,,,10,0,0.0,104.923,83.819
bamboo-00038,strict,14,,30,30,1.0,2.944,0.8
bamboo-00039,leftover,,14,23,9,0.391,28.8,25.0
bamboo-00040,strict,36,,25,25,1.0,4.52,2.0
bamboo-00041,oversize-floor,,,24,0,0.0,558.406,558.406
bamboo-00042,oversize-total,,,30,0,0.0,207.698,76.916
bamboo-00043,leftover,,52,30,1,0.033,11.124,3.5
bamboo-00044,leftover,,,8,0,0.0,13.992,4.35
bamboo-00045,leftover,,,1,0,0.0,14.985,14.185
bamboo-00046,oversize-total,,6,11,4,0.364,272.482,117.864
bamboo-00047,oversize-total,,,26,0,0.0,225.756,93.402
bamboo-00048,strict,33,,30,30,1.0,2.401,0.8
bamboo-00049,oversize-total,,,30,0,0.0,179.138,58.531
bamboo-00050,oversize-floor,,,5,0,0.0,483.526,472.158
bamboo-00051,oversize-floor,,,26,0,0.0,289.347,176.673
bamboo-00052,leftover,,,30,0,0.0,26.501,7.171
bamboo-00053,leftover,,,22,0,0.0,31.658,20.0
bamboo-00054,strict,33,,30,30,1.0,2.4,0.8
bamboo-00055,leftover,,45,30,4,0.133,38.028,13.0
bamboo-00056,leftover,,,28,0,0.0,117.001,69.849
bamboo-00057,strict,53,,6,6,1.0,7.198,6.398
bamboo-00058,strict,13,,32,32,1.0,9.96,6.896
bamboo-00059,leftover,,52,22,4,0.182,21.697,6.0
bamboo-00060,strict,10,,8,8,1.0,1.53,0.8
bamboo-00061,strict,57,,28,28,1.0,8.517,4.712
bamboo-00062,strict,9,,28,28,1.0,61.4,61.381
bamboo-00063,oversize-floor,,,30,0,0.0,165.6,155.0
bamboo-00064,strict,13,,6,6,1.0,3.664,0.8
bamboo-00065,leftover,,41,30,10,0.333,136.06,62.163
bamboo-00066,oversize-floor,,,27,0,0.0,1621.02,1060.317
bamboo-00067,strict,22,,30,30,1.0,0.986,0.8
bamboo-00068,leftover,,,24,0,0.0,70.164,61.259
bamboo-00069,leftover,,,27,0,0.0,16.07,12.107
bamboo-00070,strict,32,,0,0,1.0,2.4,0.8
bamboo-00071,oversize-floor,,,26,0,0.0,188.879,185.079
bamboo-00072,oversize-total,,,27,0,0.0,153.747,74.634
bamboo-00073,leftover,,,28,0,0.0,27.493,25.0
bamboo-00074,strict,52,,30,30,1.0,8.43,3.424
bamboo-00075,strict,52,,30,30,1.0,7.905,4.005
bamboo-00076,strict,51,,30,30,1.0,6.609,1.73
bamboo-00077,strict,33,,30,30,1.0,2.405,0.8
bamboo-00078,strict,37,,30,30,1.0,26.34,25.0
bamboo-00079,leftover,,,7,0,0.0,135.275,133.863
bamboo-00080,strict,7,,24,24,1.0,17.428,17.249
bamboo-00081,strict,25,,24,24,1.0,1.6,0.8
bamboo-00082,leftover,,15,30,20,0.667,33.553,21.719
bamboo-00083,leftover,,,28,0,0.0,17.336,14.936
bamboo-00084,strict,28,,28,28,1.0,1.6,0.8
bamboo-00085,strict,56,,4,4,1.0,7.874,5.474
bamboo-00086,strict,15,,29,29,1.0,36.107,23.283
bamboo-00087,oversize-floor,,9,30,27,0.9,642.008,640.484
bamboo-00088,oversize-floor,,6,27,4,0.148,580.934,326.0
bamboo-00089,strict,7,,25,25,1.0,4.635,3.542
bamboo-00090,strict,32,,1,1,1.0,2.328,2.328
bamboo-00091,strict,45,,25,25,1.0,8.878,6.5
bamboo-00092,strict,4,,30,30,1.0,0.019,0.019
bamboo-00093,oversize-floor,,,7,0,0.0,1360.694,1210.719
bamboo-00094,leftover,,,28,0,0.0,45.246,24.214
bamboo-00095,oversize-floor,,,17,0,0.0,295.373,166.129
bamboo-00096,strict,54,,6,6,1.0,7.648,6.048
bamboo-00097,leftover,,,30,0,0.0,13.457,3.219
bamboo-00098,oversize-total,,,30,0,0.0,318.206,91.718
bamboo-00099,oversize-floor,,,30,0,0.0,212.25,155.0
bamboo-00100,leftover,,,6,0,0.0,75.382,28.38
bamboo-00101,strict,1,,30,30,1.0,0.602,0.25
bamboo-00102,strict,41,,25,25,1.0,4.097,3.0
bamboo-00103,strict,29,,30,30,1.0,1.605,0.8
bamboo-00104,strict,1,,3,3,1.0,0.034,0.029
bamboo-00105,strict,1,,30,30,1.0,0.332,0.166
bamboo-00106,strict,1,,30,30,1.0,0.669,0.25
bamboo-00107,oversize-floor,,45,30,22,0.733,174.374,155.0
bamboo-00108,strict,7,,30,30,1.0,19.014,17.249
bamboo-00109,leftover,,31,6,1,0.167,88.054,24.214
bamboo-00110,oversize-floor,,1,9,6,0.667,155.166,155.0
bamboo-00111,oversize-total,,,30,0,0.0,155.586,25.0
bamboo-00112,leftover,,,4,0,0.0,141.263,49.599
bamboo-00113,strict,1,,0,0,1.0,0.0,0.0
bamboo-00114,strict,51,,6,6,1.0,7.769,3.452
bamboo-00115,leftover,,,30,0,0.0,25.158,12.107
bamboo-00116,oversize-floor,,,30,0,0.0,636.142,629.337
bamboo-00117,leftover,,31,26,1,0.038,116.184,61.605
bamboo-00118,strict,41,,30,30,1.0,4.163,2.5
bamboo-00119,leftover,,,9,0,0.0,55.382,46.019
bamboo-00120,strict,4,,30,30,1.0,0.933,0.718
bamboo-00121,leftover,,,10,0,0.0,22.6,3.0
bamboo-00122,strict,24,,4,4,1.0,1.6,0.8
bamboo-00123,oversize-floor,,,9,0,0.0,333.844,326.0
bamboo-00124,oversize-floor,,,20,0,0.0,335.1,326.0
bamboo-00125,strict,33,,24,24,1.0,3.2,0.8
bamboo-00126,strict,38,,20,20,1.0,3.2,0.8
bamboo-00127,oversize-floor,,2,30,19,0.633,288.351,284.0
bamboo-00128,strict,41,,11,11,1.0,4.178,3.0
bamboo-00129,strict,5,,5,5,1.0,3.0,3.0
bamboo-00130,leftover,,,7,0,0.0,60.462,26.451
bamboo-00131,leftover,,,30,0,0.0,73.668,25.11
bamboo-00132,strict,10,,17,17,1.0,0.2,0.1
bamboo-00133,strict,1,,0,0,1.0,0.0,0.0
bamboo-00134,oversize-floor,,1,18,14,0.778,158.666,155.0
bamboo-00135,oversize-floor,,7,8,1,0.125,171.825,155.0
bamboo-00136,leftover,,,8,0,0.0,35.15,30.891
bamboo-00137,leftover,,,6,0,0.0,22.335,18.962
bamboo-00138,oversize-total,,,5,0,0.0,200.761,138.539
bamboo-00139,strict,48,,9,9,1.0,5.887,3.0
bamboo-00140,oversize-floor,,,8,0,0.0,155.0,155.0
bamboo-00141,strict,46,,29,29,1.0,6.034,3.229
bamboo-00142,leftover,,,9,0,0.0,88.526,52.044
bamboo-00143,strict,3,,6,6,1.0,1.704,0.904
bamboo-00144,strict,15,,7,7,1.0,47.646,25.103
bamboo-00145,strict,60,,6,6,1.0,13.424,4.912
bamboo-00146,oversize-total,,,1,0,0.0,161.038,25.796
bamboo-00147,leftover,,,21,0,0.0,40.413,24.2
bamboo-00148,leftover,,,28,0,0.0,16.381,13.981
bamboo-00149,leftover,,,7,0,0.0,13.52,12.6
bamboo-00150,oversize-floor,,,5,0,0.0,577.72,576.12
bamboo-00151,oversize-floor,,,6,0,0.0,197.282,155.0
bamboo-00152,strict,1,,0,0,1.0,0.0,0.0
bamboo-00153,oversize-floor,,,6,0,0.0,766.033,326.0
bamboo-00154,strict,51,,8,8,1.0,6.748,5.148
bamboo-00155,leftover,,,6,0,0.0,10.962,4.062
bamboo-00156,leftover,,2,24,3,0.125,52.595,24.244
bamboo-00157,leftover,,,4,0,0.0,12.323,4.005
bamboo-00158,strict,16,,6,6,1.0,0.8,0.8
bamboo-00159,strict,18,,20,20,1.0,0.8,0.8
bamboo-00160,leftover,,,8,0,0.0,46.71,24.214
bamboo-00161,strict,12,,14,14,1.0,126.428,116.688
bamboo-00162,leftover,,,3,0,0.0,14.348,7.445
bamboo-00163,strict,28,,5,5,1.0,1.6,0.8
bamboo-00164,strict,3,,6,6,1.0,25.0,25.0
bamboo-00165,strict,16,,11,11,1.0,0.8,0.8
bamboo-00166,strict,47,,4,4,1.0,5.932,3.532
bamboo-00167,leftover,,,0,0,0.0,100.463,27.359
bamboo-00168,leftover,,,8,0,0.0,41.605,18.455
bamboo-00169,leftover,,,3,0,0.0,10.0,3.0
bamboo-00170,oversize-floor,,,20,0,0.0,1046.066,931.323
bamboo-00171,strict,8,,0,0,1.0,14.949,14.9
bamboo-00172,oversize-floor,,,0,0,0.0,17730.562,16267.587
bamboo-00173,leftover,,,0,0,0.0,50.95,25.0
bamboo-00174,strict,13,,30,30,1.0,0.745,0.745
bamboo-00175,leftover,,,0,0,0.0,10.5,7.5
bamboo-00176,strict,38,,10,10,1.0,3.2,0.8
bamboo-00177,oversize-floor,,,3,0,0.0,1347.431,1342.831
bamboo-00178,oversize-floor,,,0,0,0.0,160.39,156.39
bamboo-00179,strict,15,,7,7,1.0,12.929,12.6
bamboo-00180,strict,57,,6,6,1.0,8.4,3.0
bamboo-00181,leftover,,,8,0,0.0,18.107,12.107
bamboo-00182,leftover,,,0,0,0.0,43.224,15.0
bamboo-00183,strict,18,,20,20,1.0,0.8,0.8
bamboo-00184,leftover,,,11,0,0.0,28.708,14.9
bamboo-00185,strict,1,,0,0,1.0,0.0,0.0
bamboo-00186,strict,39,,1,1,1.0,3.797,1.397
bamboo-00187,leftover,,,10,0,0.0,92.52,68.984
bamboo-00188,leftover,,,3,0,0.0,63.017,25.0
bamboo-00189,strict,1,,0,0,1.0,0.0,0.0
bamboo-00190,leftover,,,0,0,0.0,45.369,29.871
bamboo-00191,strict,25,,13,13,1.0,1.6,0.8
bamboo-00192,leftover,,15,8,1,0.125,25.182,20.489
bamboo-00193,strict,41,,1,1,1.0,4.297,0.8
bamboo-00194,oversize-floor,,,2,0,0.0,270.937,155.0
bamboo-00195,leftover,,,30,0,0.0,122.51,64.054
bamboo-00196,strict,12,,14,14,1.0,6.741,2.0
bamboo-00197,strict,51,,9,9,1.0,7.392,3.0
bamboo-00198,strict,31,,25,25,1.0,1.615,0.8
bamboo-00199,leftover,,,19,0,0.0,27.7,14.9
bamboo-00200,strict,25,,0,0,1.0,1.6,0.8
bamboo-00201,oversize-floor,,51,6,1,0.167,208.569,180.0
bamboo-00202,strict,40,,3,3,1.0,3.8,3.0
bamboo-00203,oversize-total,,,10,0,0.0,200.609,96.973
bamboo-00204,leftover,,8,30,9,0.3,15.047,13.0
bamboo-00205,leftover,,,13,0,0.0,91.748,29.915
bamboo-00206,leftover,,20,7,2,0.286,52.973,25.103
bamboo-00207,strict,37,,0,0,1.0,27.694,25.0
bamboo-00208,strict,7,,16,16,1.0,9.569,4.712
bamboo-00209,oversize-total,,,0,0,0.0,169.528,135.426
bamboo-00210,strict,20,,27,27,1.0,63.551,33.528
bamboo-00211,oversize-floor,,,10,0,0.0,311.5,284.0
bamboo-00212,leftover,,,8,0,0.0,76.984,44.013
bamboo-00213,strict,22,,12,12,1.0,0.917,0.8
bamboo-00214,strict,31,,7,7,1.0,1.942,1.142
bamboo-00215,strict,49,,20,20,1.0,11.639,5.021
bamboo-00216,leftover,,,8,0,0.0,30.414,20.053
bamboo-00217,strict,14,,4,4,1.0,4.585,2.107
bamboo-00218,oversize-floor,,,24,0,0.0,567.131,563.931
bamboo-00219,strict,31,,9,9,1.0,1.894,0.8
bamboo-00220,strict,22,,18,18,1.0,1.81,0.8
bamboo-00221,oversize-floor,,,15,0,0.0,1624.62,1060.317
bamboo-00222,strict,26,,10,10,1.0,1.6,0.8
bamboo-00223,leftover,,,14,0,0.0,32.012,30.195
bamboo-00224,strict,41,,6,6,1.0,4.163,2.5
bamboo-00225,leftover,,,14,0,0.0,77.942,76.342
bamboo-00226,strict,3,,18,18,1.0,1.361,0.8
bamboo-00227,leftover,,,0,0,0.0,135.005,105.0
bamboo-00228,strict,15,,22,22,1.0,35.064,22.352
bamboo-00229,oversize-floor,,,0,0,0.0,1547.394,1300.0
bamboo-00230,leftover,,,20,0,0.0,17.837,4.712
bamboo-00231,leftover,,,16,0,0.0,42.636,38.836
bamboo-00232,strict,10,,12,12,1.0,7.254,4.101
bamboo-00233,leftover,,,11,0,0.0,20.552,7.11
bamboo-00234,oversize-floor,,,10,0,0.0,762.074,687.569
bamboo-00235,strict,36,,16,16,1.0,3.011,2.963
bamboo-00236,strict,18,,12,12,1.0,0.8,0.8
bamboo-00237,oversize-floor,,,12,0,0.0,193.0,155.0
bamboo-00238,leftover,,39,16,10,0.625,21.064,14.638
bamboo-00239,strict,40,,0,0,1.0,3.8,3.0
bamboo-00240,strict,2,,12,12,1.0,0.875,0.466
bamboo-00241,strict,38,,4,4,1.0,3.463,1.863
bamboo-00242,leftover,,,8,0,0.0,74.966,58.531
bamboo-00243,oversize-floor,,,6,0,0.0,184.604,180.0
bamboo-00244,leftover,,,9,0,0.0,39.803,22.973
bamboo-00245,leftover,,22,10,3,0.3,27.61,20.489
bamboo-00246,strict,31,,18,18,1.0,2.161,1.0
bamboo-00247,strict,22,,1,1,1.0,0.844,0.8
bamboo-00248,leftover,,,16,0,0.0,52.123,46.854
bamboo-00249,oversize-floor,,20,15,10,0.667,1221.173,1210.719
bamboo-00250,oversize-floor,,5,10,5,0.5,163.513,155.0
bamboo-00251,leftover,,,9,0,0.0,42.908,15.0
bamboo-00252,oversize-floor,,,10,0,0.0,200.733,155.0
bamboo-00253,oversize-floor,,,10,0,0.0,270.02,166.911
bamboo-00254,strict,51,,10,10,1.0,6.8,3.0
bamboo-00255,strict,46,,10,10,1.0,5.142,3.542
bamboo-00256,leftover,,,8,0,0.0,40.787,14.9
bamboo-00257,strict,3,,18,18,1.0,0.868,0.8
bamboo-00258,strict,10,,7,7,1.0,0.151,0.076
bamboo-00259,oversize-floor,,1,15,10,0.667,159.159,155.0
bamboo-00260,strict,4,,6,6,1.0,0.043,0.023
bamboo-00261,strict,1,,0,0,1.0,0.0,0.0
bamboo-00262,oversize-floor,,5,11,9,0.818,157.25,155.0
bamboo-00263,strict,51,,6,6,1.0,7.324,4.9
bamboo-00264,strict,21,,10,10,1.0,0.813,0.8
bamboo-00265,strict,5,,12,12,1.0,26.888,25.0
bamboo-00266,leftover,,,5,0,0.0,87.041,65.716
bamboo-00267,leftover,,,10,0,0.0,39.659,15.0
bamboo-00268,oversize-floor,,,9,0,0.0,886.946,207.145
bamboo-00269,strict,41,,9,9,1.0,3.962,1.875
bamboo-00270,strict,38,,20,20,1.0,4.605,1.2
bamboo-00271,oversize-floor,,,14,0,0.0,1564.723,1060.317
bamboo-00272,strict,50,,11,11,1.0,6.2,3.0
bamboo-00273,leftover,,,6,0,0.0,28.637,25.0
bamboo-00274,leftover,,2,30,1,0.033,85.403,24.2
bamboo-00275,strict,1,,9,9,1.0,0.41,0.41
bamboo-00276,strict,32,,10,10,1.0,2.4,0.8
bamboo-00277,strict,2,,9,9,1.0,27.5,14.9
bamboo-00278,strict,40,,7,7,1.0,3.8,3.0
bamboo-00279,oversize-floor,,,13,0,0.0,413.957,280.328
bamboo-00280,leftover,,,3,0,0.0,38.011,9.349
bamboo-00281,leftover,,,11,0,0.0,41.128,33.528
bamboo-00282,leftover,,,13,0,0.0,134.763,133.863
bamboo-00283,strict,22,,9,9,1.0,1.83,0.8
bamboo-00284,strict,1,,0,0,1.0,0.0,0.0
bamboo-00285,strict,16,,12,12,1.0,0.8,0.8
bamboo-00286,strict,19,,12,12,1.0,15.7,14.9
bamboo-00287,leftover,,,12,0,0.0,130.583,42.523
bamboo-00288,oversize-total,,,13,0,0.0,158.711,130.4
bamboo-00289,leftover,,,9,0,0.0,31.745,14.9
bamboo-00290,strict,1,,0,0,1.0,0.0,0.0
bamboo-00291,strict,22,,13,13,1.0,1.11,0.8
bamboo-00292,leftover,,,0,0,0.0,64.32,15.445
bamboo-00293,oversize-total,,,0,0,0.0,298.828,87.366
bamboo-00294,leftover,,,9,0,0.0,104.4,60.0
bamboo-00295,strict,39,,8,8,1.0,3.8,3.0
bamboo-00296,oversize-total,,,3,0,0.0,172.375,130.385
bamboo-00297,oversize-floor,,,20,0,0.0,913.129,428.312
bamboo-00298,leftover,,,3,0,0.0,31.446,17.695
bamboo-00299,leftover,,,12,0,0.0,33.29,26.646
bamboo-00300,oversize-total,,,17,0,0.0,170.258,135.0
bamboo-00301,oversize-total,,,4,0,0.0,186.344,25.783
bamboo-00302,strict,21,,9,9,1.0,0.803,0.8
bamboo-00303,leftover,,,6,0,0.0,25.879,14.9
bamboo-00304,leftover,,,9,0,0.0,58.469,14.9
bamboo-00305,leftover,,,10,0,0.0,147.664,135.0
bamboo-00306,strict,49,,12,12,1.0,6.011,1.211
bamboo-00307,leftover,,,2,0,0.0,70.766,42.466
bamboo-00308,leftover,,,11,0,0.0,83.422,17.214
bamboo-00309,oversize-total,,,0,0,0.0,150.133,131.417
bamboo-00310,leftover,,,8,0,0.0,52.671,36.328
bamboo-00311,leftover,,,7,0,0.0,98.039,26.389
bamboo-00312,leftover,,1,9,6,0.667,63.627,45.627
bamboo-00313,oversize-total,,,1,0,0.0,161.857,53.905
bamboo-00314,strict,1,,0,0,1.0,0.0,0.0
bamboo-00315,oversize-floor,,,13,0,0.0,1075.622,800.0
bamboo-00316,oversize-total,,2,5,2,0.4,222.65,61.028
bamboo-00317,strict,11,,8,8,1.0,18.46,14.9
bamboo-00318,strict,11,,12,12,1.0,0.268,0.268
bamboo-00319,strict,35,,9,9,1.0,2.878,2.875
bamboo-00320,strict,2,,10,10,1.0,14.9,14.9
bamboo-00321,leftover,,,23,0,0.0,36.853,15.162
bamboo-00322,leftover,,,2,0,0.0,63.888,45.627
bamboo-00323,strict,27,,10,10,1.0,15.751,14.9
bamboo-00324,strict,1,,0,0,1.0,0.0,0.0
bamboo-00325,leftover,,,17,0,0.0,43.832,26.334
bamboo-00326,oversize-total,,,3,0,0.0,1379.896,146.047
bamboo-00327,oversize-floor,,2,17,1,0.059,422.317,284.0
bamboo-00328,oversize-total,,3,9,5,0.556,292.884,131.417
bamboo-00329,strict,41,,7,7,1.0,4.0,0.8
bamboo-00330,strict,1,,0,0,1.0,0.0,0.0
bamboo-00331,strict,4,,2,2,1.0,34.848,14.9
bamboo-00332,oversize-total,,,0,0,0.0,161.676,136.311
bamboo-00333,strict,39,,12,12,1.0,3.503,1.865
bamboo-00334,oversize-floor,,,1,0,0.0,452.508,261.944
bamboo-00335,strict,31,,9,9,1.0,1.96,0.8
bamboo-00336,leftover,,,5,0,0.0,32.596,32.596
bamboo-00337,leftover,,,8,0,0.0,22.339,13.039
bamboo-00338,leftover,,4,10,5,0.5,41.352,22.0
bamboo-00339,leftover,,,19,0,0.0,113.522,48.801
bamboo-00340,leftover,,,9,0,0.0,14.75,13.336
bamboo-00341,strict,10,,4,4,1.0,0.18,0.18
bamboo-00342,oversize-floor,,54,7,3,0.429,230.014,177.4
bamboo-00343,strict,42,,7,7,1.0,4.29,0.838
bamboo-00344,strict,47,,6,6,1.0,5.376,2.235
bamboo-00345,leftover,,,8,0,0.0,36.672,26.646
bamboo-00346,leftover,,3,18,5,0.278,27.034,14.9
bamboo-00347,oversize-total,,4,9,1,0.111,153.47,61.028
bamboo-00348,strict,1,,10,10,1.0,0.001,0.001
bamboo-00349,strict,34,,18,18,1.0,2.648,2.648
bamboo-00350,oversize-total,,,7,0,0.0,217.315,136.729
bamboo-00351,leftover,,,12,0,0.0,15.015,14.958
bamboo-00352,leftover,,19,8,5,0.625,107.858,60.0
bamboo-00353,strict,40,,7,7,1.0,3.8,3.0
bamboo-00354,leftover,,,8,0,0.0,29.184,26.978
bamboo-00355,strict,59,,5,5,1.0,9.089,3.0
bamboo-00356,leftover,,,6,0,0.0,64.912,22.352
bamboo-00357,leftover,,,13,0,0.0,127.797,69.849
bamboo-00358,leftover,,2,9,2,0.222,31.009,14.9
bamboo-00359,strict,1,,0,0,1.0,0.0,0.0
bamboo-00360,strict,3,,15,15,1.0,14.9,14.9
bamboo-00361,oversize-total,,,2,0,0.0,369.741,135.0
bamboo-00362,leftover,,,11,0,0.0,18.342,13.0
bamboo-00363,strict,37,,3,3,1.0,3.33,3.002
bamboo-00364,leftover,,3,25,3,0.12,30.605,16.0
bamboo-00365,leftover,,,9,0,0.0,11.014,6.5
bamboo-00366,leftover,,1,12,3,0.25,31.331,15.0
bamboo-00367,oversize-floor,,,0,0,0.0,17137.052,16267.587
bamboo-00368,leftover,,4,16,1,0.062,102.824,27.511
bamboo-00369,strict,3,,0,0,1.0,24.898,14.9
bamboo-00370,leftover,,,0,0,0.0,65.328,61.028
bamboo-00371,leftover,,,0,0,0.0,59.708,27.0
bamboo-00372,leftover,,2,23,4,0.174,29.1,14.9
bamboo-00373,leftover,,,0,0,0.0,108.079,45.627
bamboo-00374,leftover,,,9,0,0.0,30.398,5.47
bamboo-00375,oversize-floor,,,0,0,0.0,1657.445,800.0
bamboo-00376,leftover,,,0,0,0.0,65.904,24.2
bamboo-00377,leftover,,,0,0,0.0,54.786,34.428
bamboo-00378,oversize-total,,,1,0,0.0,175.544,125.95
bamboo-00379,oversize-total,,,17,0,0.0,378.739,130.4
bamboo-00380,leftover,,,0,0,0.0,21.465,10.472
bamboo-00381,strict,1,,0,0,1.0,0.0,0.0
bamboo-00382,leftover,,,14,0,0.0,21.311,14.9
bamboo-00383,strict,4,,21,21,1.0,14.913,14.9
bamboo-00384,oversize-total,,,14,0,0.0,219.939,130.4
bamboo-00385,leftover,,,10,0,0.0,33.197,24.214
bamboo-00386,leftover,,,13,0,0.0,81.693,69.849
bamboo-00387,oversize-floor,,,15,0,0.0,476.8,284.0
bamboo-00388,oversize-floor,,,10,0,0.0,310.066,284.0
bamboo-00389,leftover,,,2,0,0.0,74.329,28.094
bamboo-00390,leftover,,,12,0,0.0,81.178,29.664
bamboo-00391,leftover,,,17,0,0.0,82.737,18.0
bamboo-00392,leftover,,,13,0,0.0,44.522,15.0
bamboo-00393,leftover,,,11,0,0.0,44.19,36.79
bamboo-00394,oversize-floor,,,11,0,0.0,485.363,314.971
bamboo-00395,oversize-floor,,,17,0,0.0,12891.588,12856.35
bamboo-00396,leftover,,,1,0,0.0,103.875,28.869
bamboo-00397,strict,34,,19,19,1.0,2.81,0.8
bamboo-00398,strict,39,,3,3,1.0,3.563,1.963
bamboo-00399,leftover,,,19,0,0.0,132.604,130.4
bamboo-00400,oversize-floor,,,14,0,0.0,472.262,312.31
bamboo-00401,leftover,,,14,0,0.0,44.452,15.0
bamboo-00402,leftover,,,3,0,0.0,42.94,14.9
bamboo-00403,leftover,,,1,0,0.0,25.103,25.103
bamboo-00404,leftover,,,16,0,0.0,137.11,136.738
bamboo-00405,strict,1,,0,0,1.0,0.0,0.0
bamboo-00406,strict,28,,1,1,1.0,130.4,130.4
bamboo-00407,oversize-floor,,,12,0,0.0,1165.503,273.095
bamboo-00408,leftover,,,10,0,0.0,44.457,40.923
bamboo-00409,leftover,,,0,0,0.0,133.479,69.849
bamboo-00410,leftover,,,0,0,0.0,51.795,12.6
bamboo-00411,leftover,,,6,0,0.0,147.272,24.868
bamboo-00412,oversize-floor,,,6,0,0.0,817.131,456.758
bamboo-00413,leftover,,,18,0,0.0,48.834,27.0
bamboo-00414,oversize-floor,,2,21,4,0.19,5502.739,5143.905
bamboo-00415,strict,20,,9,9,1.0,15.7,14.9
bamboo-00416,leftover,,,10,0,0.0,18.923,14.2
bamboo-00417,leftover,,,0,0,0.0,144.192,47.524
bamboo-00418,strict,34,,0,0,1.0,16.489,14.624
bamboo-00419,leftover,,,18,0,0.0,20.3,13.0
bamboo-00420,leftover,,,12,0,0.0,31.881,27.672
bamboo-00421,oversize-floor,,,14,0,0.0,918.422,428.312
bamboo-00422,leftover,,,27,0,0.0,50.744,14.901
bamboo-00423,strict,43,,15,15,1.0,4.456,2.228
bamboo-00424,strict,15,,22,22,1.0,8.638,4.657
bamboo-00425,strict,8,,16,16,1.0,27.978,14.9
bamboo-00426,oversize-floor,,,30,0,0.0,28615.172,16267.587
bamboo-00427,strict,1,,0,0,1.0,0.0,0.0
bamboo-00428,strict,1,,0,0,1.0,0.0,0.0
bamboo-00429,oversize-floor,,,17,0,0.0,249.574,155.0
bamboo-00430,strict,20,,18,18,1.0,11.39,10.589
bamboo-00431,leftover,,,13,0,0.0,108.112,69.849
bamboo-00432,leftover,,,14,0,0.0,22.467,14.2
bamboo-00433,oversize-total,,,0,0,0.0,164.982,130.4
bamboo-00434,strict,15,,11,11,1.0,25.103,25.103
bamboo-00435,oversize-floor,,,5,0,0.0,349.707,301.718
bamboo-00436,oversize-total,,,6,0,0.0,200.446,130.4
bamboo-00437,leftover,,,10,0,0.0,52.985,29.915
bamboo-00438,strict,1,,0,0,1.0,0.0,0.0
bamboo-00439,strict,22,,12,12,1.0,30.791,14.958
bamboo-00440,oversize-floor,,,11,0,0.0,17525.475,12856.35
bamboo-00441,strict,54,,6,6,1.0,7.571,3.0
bamboo-00442,leftover,,,4,0,0.0,31.429,14.9
bamboo-00443,strict,59,,18,18,1.0,9.017,3.0
bamboo-00444,strict,27,,9,9,1.0,127.529,60.536
bamboo-00445,leftover,,,12,0,0.0,32.26,14.958
bamboo-00446,leftover,,,12,0,0.0,42.113,27.0
bamboo-00447,leftover,,,7,0,0.0,28.493,14.9
bamboo-00448,leftover,,2,12,2,0.167,37.752,24.2
bamboo-00449,oversize-total,,,8,0,0.0,265.094,135.23
bamboo-00450,leftover,,2,7,3,0.429,15.795,12.6
bamboo-00451,leftover,,,8,0,0.0,16.402,14.2
bamboo-00452,leftover,,4,5,2,0.4,29.085,14.9
bamboo-00453,leftover,,,7,0,0.0,85.454,69.849
bamboo-00454,strict,1,,0,0,1.0,0.0,0.0
bamboo-00455,strict,56,,4,4,1.0,8.123,5.903
bamboo-00456,oversize-total,,,1,0,0.0,183.091,122.055
bamboo-00457,oversize-floor,,2,8,2,0.25,206.601,202.361
bamboo-00458,strict,9,,12,12,1.0,0.1,0.1
bamboo-00459,leftover,,,8,0,0.0,76.812,27.511
bamboo-00460,leftover,,,16,0,0.0,17.033,8.798
bamboo-00461,strict,54,,15,15,1.0,11.872,7.5
bamboo-00462,strict,1,,12,12,1.0,12.6,12.6
bamboo-00463,strict,6,,7,7,1.0,13.475,12.6
bamboo-00464,leftover,,,12,0,0.0,36.346,13.981
bamboo-00465,leftover,,,0,0,0.0,59.782,41.97
bamboo-00466,leftover,,,8,0,0.0,24.059,23.259
bamboo-00467,oversize-total,,,12,0,0.0,257.86,101.679
bamboo-00468,strict,40,,15,15,1.0,3.824,1.393
bamboo-00469,oversize-total,,,10,0,0.0,259.797,48.488
bamboo-00470,oversize-total,,,0,0,0.0,270.426,135.426
bamboo-00471,strict,1,,0,0,1.0,0.004,0.004
bamboo-00472,leftover,,,10,0,0.0,23.002,14.9
bamboo-00473,leftover,,,12,0,0.0,135.8,135.0
bamboo-00474,strict,1,,0,0,1.0,0.0,0.0
bamboo-00475,leftover,,,16,0,0.0,74.229,31.303
bamboo-00476,leftover,,,16,0,0.0,14.082,5.903
bamboo-00477,oversize-total,,,0,0,0.0,180.346,130.4
bamboo-00478,oversize-floor,,,10,0,0.0,190.5,177.4
bamboo-00479,leftover,,,14,0,0.0,117.976,93.402
bamboo-00480,oversize-floor,,8,5,5,1.0,205.347,177.4
bamboo-00481,strict,3,,12,12,1.0,2.5,2.5
bamboo-00482,oversize-floor,,,3,0,0.0,602.323,256.958
bamboo-00483,strict,11,,12,12,1.0,27.55,14.9
bamboo-00484,leftover,,,10,0,0.0,10.829,3.219
bamboo-00485,strict,19,,13,13,1.0,28.153,14.9
bamboo-00486,strict,36,,14,14,1.0,3.0,3.0
bamboo-00487,leftover,,,2,0,0.0,134.966,130.4
bamboo-00488,leftover,,,7,0,0.0,89.339,24.2
bamboo-00489,oversize-total,,,4,0,0.0,440.982,135.426
bamboo-00490,leftover,,,15,0,0.0,11.09,3.742
bamboo-00491,oversize-floor,,2,10,1,0.1,7149.38,5434.959
bamboo-00492,leftover,,,10,0,0.0,44.212,15.0
bamboo-00493,leftover,,,9,0,0.0,149.952,135.0
bamboo-00494,oversize-floor,,2,4,1,0.25,1348.321,1300.0
bamboo-00495,strict,17,,8,8,1.0,0.8,0.8
bamboo-00496,strict,56,,8,8,1.0,9.278,3.643
bamboo-00497,leftover,,,7,0,0.0,21.339,14.9
bamboo-00498,leftover,,,12,0,0.0,86.576,20.271
bamboo-00499,oversize-total,,,0,0,0.0,530.141,136.738
bamboo-00500,oversize-floor,,,9,0,0.0,300.153,262.852
bamboo-00501,oversize-floor,,,13,0,0.0,351.071,262.852
bamboo-00502,oversize-total,,,1,0,0.0,359.31,105.737
bamboo-00503,strict,53,,0,0,1.0,7.259,5.659
bamboo-00504,leftover,,2,10,1,0.1,15.468,12.6
bamboo-00505,oversize-floor,,1,4,2,0.5,213.764,152.737
bamboo-00506,leftover,,,0,0,0.0,38.155,24.214
bamboo-00507,strict,1,,0,0,1.0,0.0,0.0
bamboo-00508,oversize-floor,,,9,0,0.0,195.595,176.673
bamboo-00509,strict,2,,10,10,1.0,0.012,0.012
bamboo-00510,strict,1,,0,0,1.0,0.003,0.003
bamboo-00511,leftover,,,9,0,0.0,36.085,15.444
bamboo-00512,oversize-total,,,0,0,0.0,153.476,31.303
bamboo-00513,strict,56,,10,10,1.0,10.906,5.903
bamboo-00514,oversize-floor,,,187,0,0.0,1146.693,456.758
bamboo-00515,leftover,,,4,0,0.0,15.835,14.185
bamboo-00516,oversize-floor,,,63,0,0.0,612.318,211.354
bamboo-00517,oversize-floor,,20,92,56,0.609,284.913,284.0
bamboo-00518,leftover,,,64,0,0.0,85.016,49.548
bamboo-00519,leftover,,,14,0,0.0,107.955,26.979
bamboo-00520,oversize-floor,,,91,0,0.0,3746.919,3066.141
bamboo-00521,leftover,,,136,0,0.0,120.909,30.503
bamboo-00522,strict,39,,8,8,1.0,3.415,3.0
bamboo-00523,leftover,,,237,0,0.0,97.595,25.0
bamboo-00524,leftover,,,36,0,0.0,12.408,6.5
bamboo-00525,leftover,,,47,0,0.0,16.75,14.2
bamboo-00526,leftover,,,33,0,0.0,26.5,13.0
bamboo-00527,strict,6,,48,48,1.0,80.138,24.2
bamboo-00528,strict,22,,35,35,1.0,0.921,0.8
bamboo-00529,leftover,,,42,0,0.0,45.261,14.9
bamboo-00530,leftover,,,44,0,0.0,74.824,36.737
bamboo-00531,leftover,,,65,0,0.0,18.985,11.384
bamboo-00532,leftover,,,14,0,0.0,11.4,3.0
bamboo-00533,strict,11,,38,38,1.0,37.048,24.2
bamboo-00534,oversize-total,,,40,0,0.0,152.213,25.0
bamboo-00535,oversize-total,,,36,0,0.0,244.729,130.4
bamboo-00536,leftover,,,88,0,0.0,86.269,29.871
bamboo-00537,oversize-floor,,,15,0,0.0,5458.962,5434.959
bamboo-00538,oversize-total,,,47,0,0.0,184.144,93.402
bamboo-00539,oversize-total,,,7,0,0.0,308.433,77.926
bamboo-00540,leftover,,,23,0,0.0,64.925,14.9
bamboo-00541,leftover,,,18,0,0.0,99.757,24.2
bamboo-00542,oversize-total,,,168,0,0.0,197.824,130.4
bamboo-00543,oversize-floor,,,33,0,0.0,651.089,626.849
bamboo-00544,oversize-floor,,,45,0,0.0,466.184,177.4
bamboo-00545,leftover,,,23,0,0.0,30.492,14.9
bamboo-00546,oversize-floor,,,61,0,0.0,755.533,284.0
bamboo-00547,oversize-total,,,66,0,0.0,152.587,137.687
bamboo-00548,oversize-total,,,36,0,0.0,154.267,130.4
bamboo-00549,oversize-floor,,19,53,6,0.113,705.486,439.106
bamboo-00550,leftover,,,47,0,0.0,127.713,25.0
bamboo-00551,leftover,,,32,0,0.0,50.349,29.876
bamboo-00552,oversize-total,,4,51,17,0.333,164.821,130.4
bamboo-00553,leftover,,,42,0,0.0,102.951,93.645
bamboo-00554,strict,4,,47,47,1.0,14.983,14.9
bamboo-00555,oversize-total,,,30,0,0.0,684.433,135.426
bamboo-00556,oversize-floor,,,39,0,0.0,1012.106,800.0
bamboo-00557,oversize-total,,,185,0,0.0,368.082,135.0
bamboo-00558,oversize-total,,,54,0,0.0,265.927,98.472
bamboo-00559,leftover,,,159,0,0.0,39.293,6.777
bamboo-00560,leftover,,,73,0,0.0,78.619,58.12
bamboo-00561,oversize-floor,,,121,0,0.0,805.806,456.758
bamboo-00562,strict,32,,127,127,1.0,2.4,0.8
bamboo-00563,oversize-total,,,109,0,0.0,312.8,130.4
bamboo-00564,leftover,,,77,0,0.0,48.735,17.214
bamboo-00565,leftover,,,38,0,0.0,137.104,69.849
bamboo-00566,leftover,,,46,0,0.0,92.834,17.214
bamboo-00567,leftover,,4,24,12,0.5,15.978,12.6
bamboo-00568,leftover,,18,31,3,0.097,18.522,12.6
bamboo-00569,oversize-total,,,78,0,0.0,451.902,146.047
bamboo-00570,leftover,,,47,0,0.0,41.779,14.9
bamboo-00571,strict,1,,0,0,1.0,0.0,0.0
bamboo-00572,leftover,,52,27,4,0.148,24.107,15.0
bamboo-00573,oversize-total,,,79,0,0.0,587.006,125.95
bamboo-00574,leftover,,,54,0,0.0,52.94,18.858
bamboo-00575,leftover,,,38,0,0.0,36.182,17.214
bamboo-00576,leftover,,,28,0,0.0,44.739,14.958
bamboo-00577,leftover,,,28,0,0.0,122.506,53.905
bamboo-00578,oversize-total,,,33,0,0.0,336.233,130.4
bamboo-00579,leftover,,,36,0,0.0,108.772,61.028
bamboo-00580,leftover,,4,123,36,0.293,129.584,60.0
bamboo-00581,leftover,,,31,0,0.0,32.577,13.039
bamboo-00582,leftover,,11,100,22,0.22,33.962,12.6
bamboo-00583,oversize-total,,,163,0,0.0,303.253,134.647
bamboo-00584,leftover,,,50,0,0.0,63.213,17.214
bamboo-00585,oversize-total,,,17,0,0.0,156.012,130.4
bamboo-00586,leftover,,,168,0,0.0,44.928,14.9
bamboo-00587,oversize-total,,,178,0,0.0,522.071,130.4
bamboo-00588,leftover,,,54,0,0.0,29.21,14.9
bamboo-00589,leftover,,,28,0,0.0,119.011,32.389
bamboo-00590,strict,27,,82,82,1.0,15.709,14.9
bamboo-00591,leftover,,,89,0,0.0,23.78,14.9
bamboo-00592,oversize-total,,,44,0,0.0,169.689,130.4
bamboo-00593,leftover,,,162,0,0.0,145.405,128.5
bamboo-00594,oversize-floor,,,90,0,0.0,377.667,180.0
bamboo-00595,oversize-total,,,44,0,0.0,219.025,130.4
bamboo-00596,leftover,,,40,0,0.0,108.427,60.0
bamboo-00597,strict,14,,36,36,1.0,23.477,5.999
bamboo-00598,oversize-total,,,20,0,0.0,299.442,130.4
bamboo-00599,leftover,,,47,0,0.0,140.749,67.647
bamboo-00600,leftover,,,58,0,0.0,94.203,26.389
bamboo-00601,oversize-total,,,154,0,0.0,216.483,26.389
bamboo-00602,leftover,,,167,0,0.0,62.568,23.283
bamboo-00603,oversize-total,,,147,0,0.0,326.353,130.4
bamboo-00604,oversize-total,,2,100,10,0.1,157.232,69.849
bamboo-00605,oversize-floor,,,94,0,0.0,443.773,207.145
bamboo-00606,strict,11,,177,177,1.0,15.086,14.9
bamboo-00607,oversize-floor,,2,127,3,0.024,486.318,439.106
bamboo-00608,leftover,,,69,0,0.0,48.508,18.0
bamboo-00609,leftover,,,132,0,0.0,50.392,14.9
bamboo-00610,oversize-total,,,198,0,0.0,351.515,130.4
bamboo-00611,leftover,,,86,0,0.0,52.159,24.2
bamboo-00612,leftover,,,89,0,0.0,67.508,27.172
bamboo-00613,leftover,,,107,0,0.0,50.766,14.9
bamboo-00614,oversize-total,,,75,0,0.0,298.119,135.0
bamboo-00615,leftover,,,280,0,0.0,60.266,14.9
bamboo-00616,oversize-floor,,,166,0,0.0,1224.437,261.944
bamboo-00617,leftover,,,60,0,0.0,59.906,15.548
bamboo-00618,leftover,,,37,0,0.0,17.444,14.9
bamboo-00619,leftover,,,104,0,0.0,74.25,23.283
bamboo-00620,oversize-floor,,,140,0,0.0,682.939,399.286
bamboo-00621,oversize-total,,,46,0,0.0,332.747,132.632
bamboo-00622,oversize-floor,,,89,0,0.0,761.1,627.013
bamboo-00623,oversize-total,,,194,0,0.0,204.101,130.4
bamboo-00624,leftover,,,32,0,0.0,29.772,20.626
bamboo-00625,leftover,,,101,0,0.0,106.958,60.0
bamboo-00626,leftover,,,178,0,0.0,24.9,3.0
bamboo-00627,oversize-floor,,,76,0,0.0,1170.682,800.0
bamboo-00628,leftover,,,157,0,0.0,134.16,27.0
bamboo-00629,leftover,,,134,0,0.0,133.792,31.333
bamboo-00630,leftover,,,15,0,0.0,145.41,135.426
bamboo-00631,strict,1,,48,48,1.0,0.012,0.005
bamboo-00632,leftover,,,22,0,0.0,32.378,14.9
bamboo-00633,leftover,,,189,0,0.0,125.713,27.0
bamboo-00634,oversize-floor,,,8,0,0.0,293.933,262.852
bamboo-00635,strict,22,,74,74,1.0,1.486,0.466
bamboo-00636,leftover,,,48,0,0.0,123.876,69.849
bamboo-00637,oversize-total,,,12,0,0.0,153.732,101.679
bamboo-00638,leftover,,,5,0,0.0,15.743,12.6
bamboo-00639,leftover,,,74,0,0.0,76.653,27.94
bamboo-00640,oversize-total,,,204,0,0.0,1141.666,142.05
bamboo-00641,leftover,,2,85,2,0.024,96.209,24.2
bamboo-00642,leftover,,,7,0,0.0,52.327,27.001
bamboo-00643,oversize-floor,,,56,0,0.0,18707.894,16267.587
bamboo-00644,strict,40,,87,87,1.0,3.8,3.0
bamboo-00645,oversize-floor,,,168,0,0.0,211.712,209.131
bamboo-00646,oversize-floor,,,268,0,0.0,215.716,167.415
bamboo-00647,oversize-total,,,64,0,0.0,282.409,131.417
bamboo-00648,oversize-floor,,,70,0,0.0,929.332,800.0
bamboo-00649,leftover,,,55,0,0.0,85.809,51.32
bamboo-00650,leftover,,,87,0,0.0,142.196,131.417
bamboo-00651,leftover,,,280,0,0.0,80.875,60.0
bamboo-00652,oversize-floor,,,191,0,0.0,964.643,781.948
bamboo-00653,oversize-total,,1,55,1,0.018,287.54,125.95
bamboo-00654,leftover,,,24,0,0.0,114.701,69.849
bamboo-00655,oversize-floor,,1,202,4,0.02,1112.039,439.106
bamboo-00656,oversize-floor,,,24,0,0.0,970.856,558.794
bamboo-00657,strict,20,,48,48,1.0,15.026,14.9
bamboo-00658,leftover,,,172,0,0.0,121.414,69.849
bamboo-00659,oversize-total,,,87,0,0.0,175.76,64.729
bamboo-00660,strict,46,,19,19,1.0,5.071,0.8
bamboo-00661,oversize-total,,,60,0,0.0,202.825,130.4
bamboo-00662,oversize-total,,,135,0,0.0,166.152,60.0
bamboo-00663,leftover,,,54,0,0.0,70.984,18.0
bamboo-00664,oversize-total,,,148,0,0.0,177.911,130.4
bamboo-00665,oversize-floor,,,77,0,0.0,1548.974,1488.147
bamboo-00666,oversize-total,,,201,0,0.0,406.159,136.729
bamboo-00667,leftover,,,167,0,0.0,83.983,24.868
bamboo-00668,oversize-total,,,265,0,0.0,171.218,51.187
bamboo-00669,oversize-total,,,179,0,0.0,317.846,136.729
bamboo-00670,leftover,,,137,0,0.0,114.099,66.862
bamboo-00671,leftover,,,90,0,0.0,26.164,14.9
bamboo-00672,leftover,,,68,0,0.0,124.444,25.133
bamboo-00673,leftover,,,93,0,0.0,89.135,47.524
bamboo-00674,oversize-total,,,208,0,0.0,593.219,146.047
bamboo-00675,oversize-floor,,,153,0,0.0,766.406,439.106
bamboo-00676,oversize-total,,,124,0,0.0,236.839,135.426
bamboo-00677,oversize-floor,,,288,0,0.0,369.592,177.4
bamboo-00678,leftover,,,57,0,0.0,53.053,14.624
bamboo-00679,oversize-floor,,,101,0,0.0,391.987,241.301
bamboo-00680,strict,52,,24,24,1.0,7.95,3.421
bamboo-00681,leftover,,,77,0,0.0,100.078,24.868
bamboo-00682,oversize-total,,,168,0,0.0,855.448,135.0
bamboo-00683,oversize-total,,,127,0,0.0,166.536,130.4
bamboo-00684,oversize-floor,,,68,0,0.0,9416.879,9313.226
bamboo-00685,oversize-floor,,,34,0,0.0,2892.71,1396.984
bamboo-00686,oversize-floor,,,63,0,0.0,1591.421,1210.719
bamboo-00687,oversize-floor,,,50,0,0.0,8396.669,8381.903
bamboo-00688,leftover,,,22,0,0.0,56.188,25.0
bamboo-00689,oversize-floor,,3,52,5,0.096,9521.09,6519.258
bamboo-00690,strict,10,,14,14,1.0,3.8,3.0
bamboo-00691,leftover,,48,46,3,0.065,38.585,29.357
bamboo-00692,strict,60,,40,40,1.0,11.279,4.912
bamboo-00693,strict,7,,69,69,1.0,1.446,0.495
bamboo-00694,oversize-floor,,,126,0,0.0,2408.439,2403.639
bamboo-00695,oversize-floor,,,39,0,0.0,597.793,508.344
bamboo-00696,oversize-total,,,38,0,0.0,152.515,61.314
bamboo-00697,oversize-floor,,,62,0,0.0,187.997,155.0
bamboo-00698,oversize-floor,,,40,0,0.0,206.157,155.0
bamboo-00699,oversize-floor,,,116,0,0.0,1239.106,1210.719
bamboo-00700,strict,7,,81,81,1.0,6.154,2.0
bamboo-00701,strict,46,,4,4,1.0,6.562,3.542
bamboo-00702,leftover,,,43,0,0.0,134.26,91.053
bamboo-00703,leftover,,,69,0,0.0,39.356,22.304
bamboo-00704,oversize-floor,,,55,0,0.0,254.264,155.0
bamboo-00705,strict,36,,62,62,1.0,7.752,4.912
bamboo-00706,oversize-floor,,,32,0,0.0,37645.321,37405.647
bamboo-00707,leftover,,,43,0,0.0,37.19,18.844
bamboo-00708,leftover,,,31,0,0.0,11.437,4.657
bamboo-00709,oversize-total,,,103,0,0.0,282.262,66.646
bamboo-00710,strict,3,,9,9,1.0,16.95,12.945
bamboo-00711,strict,39,,25,25,1.0,3.55,3.048
bamboo-00712,oversize-floor,,,47,0,0.0,277.629,155.0
bamboo-00713,leftover,,,54,0,0.0,56.28,13.97
bamboo-00714,leftover,,,8,0,0.0,125.403,91.053
bamboo-00715,strict,37,,64,64,1.0,3.166,1.863
bamboo-00716,oversize-floor,,,64,0,0.0,185.515,155.0
bamboo-00717,oversize-floor,,,111,0,0.0,881.286,428.312
bamboo-00718,leftover,,,44,0,0.0,44.66,25.0
bamboo-00719,oversize-total,,,142,0,0.0,300.848,65.108
bamboo-00720,leftover,,,217,0,0.0,43.248,8.836
bamboo-00721,strict,53,,38,38,1.0,7.233,3.0
bamboo-00722,strict,34,,34,34,1.0,2.73,1.13
bamboo-00723,leftover,,,47,0,0.0,19.351,7.451
bamboo-00724,leftover,,7,91,32,0.352,129.285,65.193
bamboo-00725,leftover,,,175,0,0.0,20.364,4.657
bamboo-00726,leftover,,,226,0,0.0,144.042,74.506
bamboo-00727,oversize-floor,,,53,0,0.0,335.727,155.0
bamboo-00728,oversize-floor,,,118,0,0.0,187.0,155.0
bamboo-00729,oversize-floor,,,181,0,0.0,1249.666,931.323
bamboo-00730,oversize-floor,,,159,0,0.0,177.0,155.0
bamboo-00731,strict,1,,36,36,1.0,4.047,3.5
bamboo-00732,leftover,,,72,0,0.0,17.742,8.948
bamboo-00733,oversize-floor,,,282,0,0.0,1464.599,631.998
bamboo-00734,leftover,,,60,0,0.0,17.942,5.029
bamboo-00735,oversize-floor,,,11,0,0.0,203.246,155.0
bamboo-00736,oversize-floor,,,168,0,0.0,13921.641,6053.597
bamboo-00737,oversize-floor,,,59,0,0.0,654.319,428.408
bamboo-00738,oversize-total,,,104,0,0.0,200.953,139.698
bamboo-00739,oversize-floor,,,185,0,0.0,657.93,561.239
bamboo-00740,leftover,,,136,0,0.0,98.899,29.802
bamboo-00741,leftover,,,28,0,0.0,96.264,41.97
bamboo-00742,leftover,,,82,0,0.0,58.826,25.0
bamboo-00743,oversize-floor,,,73,0,0.0,1416.39,1210.719
bamboo-00744,oversize-floor,,,171,0,0.0,1866.45,1862.645
bamboo-00745,leftover,,,112,0,0.0,41.79,27.94
bamboo-00746,oversize-floor,,,87,0,0.0,620.411,558.406
bamboo-00747,oversize-floor,,,183,0,0.0,542.99,465.661
bamboo-00748,oversize-floor,,45,105,15,0.143,187.1,155.0
bamboo-00749,strict,49,,50,50,1.0,6.154,4.657
bamboo-00750,leftover,,,13,0,0.0,13.057,7.885
bamboo-00751,leftover,,,104,0,0.0,73.432,27.94
bamboo-00752,oversize-floor,,,181,0,0.0,215.147,155.0
bamboo-00753,oversize-floor,,,31,0,0.0,430.609,186.265
bamboo-00754,leftover,,,50,0,0.0,58.106,39.547
bamboo-00755,strict,34,,16,16,1.0,2.608,1.863
bamboo-00756,leftover,,,269,0,0.0,105.419,93.132
bamboo-00757,oversize-floor,,,111,0,0.0,477.358,186.265
bamboo-00758,strict,54,,70,70,1.0,7.6,3.0
bamboo-00759,oversize-floor,,,18,0,0.0,2433.361,1210.719
bamboo-00760,leftover,,,112,0,0.0,34.825,22.915
bamboo-00761,leftover,,,23,0,0.0,87.09,24.214
bamboo-00762,leftover,,,46,0,0.0,15.512,3.0
bamboo-00763,strict,12,,119,119,1.0,0.93,0.25
bamboo-00764,leftover,,,41,0,0.0,64.913,24.214
bamboo-00765,strict,58,,60,60,1.0,12.734,4.217
bamboo-00766,strict,51,,116,116,1.0,6.485,3.0
bamboo-00767,oversize-floor,,,59,0,0.0,184.516,155.0
bamboo-00768,leftover,,,19,0,0.0,10.367,3.0
bamboo-00769,oversize-floor,,,8,0,0.0,422.721,388.947
bamboo-00770,leftover,,,35,0,0.0,40.723,19.0
bamboo-00771,oversize-floor,,,149,0,0.0,710.989,631.998
bamboo-00772,strict,10,,8,8,1.0,0.199,0.047
bamboo-00773,strict,54,,178,178,1.0,7.651,5.867
bamboo-00774,oversize-floor,,,74,0,0.0,2046.39,1862.645
bamboo-00775,strict,53,,28,28,1.0,7.451,4.657
bamboo-00776,leftover,,,100,0,0.0,130.571,111.759
bamboo-00777,strict,1,,87,87,1.0,0.65,0.25
bamboo-00778,leftover,,14,30,22,0.733,43.847,25.0
bamboo-00779,leftover,,,106,0,0.0,69.37,24.214
bamboo-00780,oversize-floor,,,49,0,0.0,178.181,155.0
bamboo-00781,oversize-floor,,,5,0,0.0,158.623,155.0
bamboo-00782,leftover,,,39,0,0.0,15.367,4.217
bamboo-00783,leftover,,,142,0,0.0,76.352,65.193
bamboo-00784,oversize-floor,,,66,0,0.0,328.085,326.0
bamboo-00785,leftover,,,110,0,0.0,63.239,39.126
bamboo-00786,oversize-floor,,,13,0,0.0,265.785,252.375
bamboo-00787,oversize-floor,,,92,0,0.0,828.225,537.193
bamboo-00788,oversize-floor,,,31,0,0.0,2568.503,1193.069
bamboo-00789,leftover,,13,53,6,0.113,21.478,10.845
bamboo-00790,oversize-floor,,7,154,32,0.208,1320.595,1300.0
bamboo-00791,oversize-total,,,95,0,0.0,282.59,96.973
bamboo-00792,leftover,,,181,0,0.0,149.695,96.973
bamboo-00793,oversize-floor,,,38,0,0.0,4098.001,2643.386
bamboo-00794,leftover,,,22,0,0.0,14.575,9.181
bamboo-00795,leftover,,,75,0,0.0,14.052,4.852
bamboo-00796,leftover,,,59,0,0.0,23.031,17.695
bamboo-00797,leftover,,7,70,33,0.471,53.375,27.94
bamboo-00798,leftover,,,5,0,0.0,33.278,15.444
bamboo-00799,oversize-floor,,,73,0,0.0,1625.474,1060.317
bamboo-00800,oversize-floor,,,151,0,0.0,164.708,155.0
bamboo-00801,oversize-floor,,1,66,34,0.515,163.336,155.0
bamboo-00802,oversize-floor,,,46,0,0.0,2388.89,2350.492
bamboo-00803,strict,13,,44,44,1.0,8.848,3.0
bamboo-00804,oversize-floor,,,58,0,0.0,9054.925,7418.064
bamboo-00805,leftover,,,56,0,0.0,140.083,83.819
bamboo-00806,strict,49,,158,158,1.0,6.2,3.0
bamboo-00807,oversize-floor,,,48,0,0.0,172.293,166.893
bamboo-00808,leftover,,,93,0,0.0,96.506,89.587
bamboo-00809,oversize-floor,,,78,0,0.0,187.0,155.0
bamboo-00810,oversize-total,,,185,0,0.0,208.444,47.524
bamboo-00811,leftover,,,42,0,0.0,101.985,44.013
bamboo-00812,oversize-floor,,,154,0,0.0,157.763,155.0
bamboo-00813,oversize-floor,,,16,0,0.0,14398.294,8381.903
bamboo-00814,leftover,,,23,0,0.0,16.048,6.048
bamboo-00815,leftover,,,91,0,0.0,17.012,5.894
bamboo-00816,oversize-floor,,,75,0,0.0,679.776,463.277
bamboo-00817,leftover,,,97,0,0.0,87.186,49.733
bamboo-00818,strict,7,,13,13,1.0,18.849,17.249
bamboo-00819,strict,50,,197,197,1.0,6.386,3.0
bamboo-00820,leftover,,,85,0,0.0,11.094,4.836
bamboo-00821,leftover,,,151,0,0.0,102.834,93.132
bamboo-00822,oversize-floor,,,86,0,0.0,1866.763,1862.645
bamboo-00823,oversize-floor,,,115,0,0.0,183.912,155.0
bamboo-00824,oversize-floor,,,8,0,0.0,1638.791,1062.752
bamboo-00825,leftover,,,4,0,0.0,65.893,25.0
bamboo-00826,strict,47,,5,5,1.0,5.4,3.0
bamboo-00827,oversize-floor,,,6,0,0.0,3405.364,1862.645
bamboo-00828,oversize-total,,,3,0,0.0,301.514,83.819
bamboo-00829,leftover,,,5,0,0.0,25.267,4.376
bamboo-00830,oversize-floor,,,197,0,0.0,125316.986,124500.395
bamboo-00831,strict,36,,48,48,1.0,3.285,1.372
bamboo-00832,leftover,,,110,0,0.0,42.174,25.0
bamboo-00833,leftover,,,132,0,0.0,25.459,11.079
bamboo-00834,oversize-floor,,,33,0,0.0,340.172,191.632
bamboo-00835,oversize-floor,,,33,0,0.0,790.808,558.794
bamboo-00836,leftover,,,144,0,0.0,12.258,7.229
bamboo-00837,oversize-floor,,,22,0,0.0,1520.761,1300.0
bamboo-00838,strict,50,,95,95,1.0,6.3,3.0
bamboo-00839,strict,22,,78,78,1.0,0.9,0.8
bamboo-00840,leftover,,,53,0,0.0,13.455,3.0
bamboo-00841,leftover,,,60,0,0.0,12.221,7.724
bamboo-00842,oversize-floor,,,69,0,0.0,334.534,326.0
bamboo-00843,leftover,,,8,0,0.0,44.864,28.118
bamboo-00844,leftover,,,94,0,0.0,10.7,3.0
bamboo-00845,leftover,,,146,0,0.0,39.395,25.0
bamboo-00846,oversize-floor,,,88,0,0.0,1277.404,1210.719
bamboo-00847,oversize-floor,,,51,0,0.0,1220.266,1210.719
bamboo-00848,oversize-floor,,,22,0,0.0,270.065,263.167
bamboo-00849,oversize-floor,,,151,0,0.0,2893.782,2807.936
bamboo-00850,strict,58,,113,113,1.0,9.0,3.0
bamboo-00851,oversize-floor,,2,44,39,0.886,155.908,155.0
bamboo-00852,oversize-floor,,,33,0,0.0,190.218,155.0
bamboo-00853,leftover,,,192,0,0.0,13.386,5.029
bamboo-00854,leftover,,1,145,111,0.766,17.11,7.0
bamboo-00855,strict,13,,91,91,1.0,11.703,3.0
bamboo-00856,strict,55,,36,36,1.0,8.4,3.0
bamboo-00857,oversize-floor,,,150,0,0.0,402.106,326.0
bamboo-00858,strict,33,,14,14,1.0,2.4,0.8
bamboo-00859,strict,38,,49,49,1.0,3.346,0.8
bamboo-00860,oversize-total,,,57,0,0.0,244.749,139.726
bamboo-00861,leftover,,,67,0,0.0,37.207,36.407
bamboo-00862,oversize-total,,,179,0,0.0,377.159,120.878
bamboo-00863,strict,39,,109,109,1.0,10.262,6.24
bamboo-00864,oversize-floor,,,165,0,0.0,220.363,180.0
bamboo-00865,oversize-total,,,107,0,0.0,268.502,74.171
bamboo-00866,leftover,,,138,0,0.0,87.57,46.566
bamboo-00867,oversize-total,,,20,0,0.0,306.227,139.698
bamboo-00868,strict,53,,214,214,1.0,7.451,4.657
bamboo-00869,leftover,,52,13,5,0.385,116.459,83.819
bamboo-00870,oversize-floor,,,202,0,0.0,164.501,155.0
bamboo-00871,leftover,,,189,0,0.0,51.57,24.214
bamboo-00872,oversize-floor,,,80,0,0.0,648.36,450.0
bamboo-00873,strict,23,,51,51,1.0,1.332,1.066
bamboo-00874,oversize-floor,,,135,0,0.0,947.381,917.889
bamboo-00875,oversize-floor,,,34,0,0.0,309.667,267.319
bamboo-00876,strict,45,,52,52,1.0,8.948,5.6
bamboo-00877,oversize-floor,,,132,0,0.0,234.461,155.0
bamboo-00878,leftover,,,100,0,0.0,21.883,16.764
bamboo-00879,oversize-floor,,,127,0,0.0,1228.885,1210.719
bamboo-00880,strict,7,,114,114,1.0,21.041,17.249
bamboo-00881,oversize-floor,,,68,0,0.0,1090.099,558.794
bamboo-00882,oversize-floor,,,118,0,0.0,6561.585,6519.258
bamboo-00883,oversize-floor,,,123,0,0.0,342.663,186.265
bamboo-00884,leftover,,5,64,3,0.047,92.102,56.097
bamboo-00885,oversize-floor,,3,60,42,0.7,247.766,155.0
bamboo-00886,leftover,,,50,0,0.0,21.065,8.0
bamboo-00887,leftover,,,48,0,0.0,43.227,25.0
bamboo-00888,leftover,,,78,0,0.0,122.598,83.819
bamboo-00889,leftover,,,162,0,0.0,52.726,28.38
bamboo-00890,leftover,,,68,0,0.0,90.293,83.099
bamboo-00891,oversize-floor,,,52,0,0.0,1211.819,1210.719
bamboo-00892,oversize-floor,,,177,0,0.0,482.416,465.661
bamboo-00893,strict,33,,96,96,1.0,2.568,0.868
bamboo-00894,leftover,,,93,0,0.0,147.649,68.984
bamboo-00895,oversize-floor,,,100,0,0.0,1510.732,1060.317
bamboo-00896,oversize-total,,,55,0,0.0,163.859,61.381
bamboo-00897,oversize-floor,,,162,0,0.0,192.7,155.0
bamboo-00898,leftover,,,35,0,0.0,13.002,10.679
bamboo-00899,oversize-floor,,,24,0,0.0,1418.379,1396.984
bamboo-00900,leftover,,,104,0,0.0,45.647,32.596
bamboo-00901,oversize-floor,,,187,0,0.0,205.336,155.0
bamboo-00902,oversize-floor,,,141,0,0.0,928.895,326.0
bamboo-00903,oversize-floor,,,35,0,0.0,966.32,964.238
bamboo-00904,oversize-floor,,,139,0,0.0,157.812,155.0
bamboo-00905,leftover,,,91,0,0.0,30.984,18.626
bamboo-00906,oversize-floor,,,73,0,0.0,1977.257,1210.719
bamboo-00907,strict,23,,169,169,1.0,46.799,27.94
bamboo-00908,oversize-floor,,,76,0,0.0,240.098,155.0
bamboo-00909,oversize-total,,,196,0,0.0,407.107,136.729
bamboo-00910,strict,52,,39,39,1.0,8.619,4.005
bamboo-00911,leftover,,,116,0,0.0,53.483,17.447
bamboo-00912,leftover,,,114,0,0.0,40.328,33.528
bamboo-00913,leftover,,,69,0,0.0,35.854,13.039
bamboo-00914,strict,18,,55,55,1.0,0.8,0.8
bamboo-00915,oversize-floor,,,86,0,0.0,158.266,155.0
bamboo-00916,strict,45,,27,27,1.0,12.72,5.6
bamboo-00917,leftover,,,84,0,0.0,146.548,141.948
bamboo-00918,oversize-floor,,,184,0,0.0,18331.524,8381.903
bamboo-00919,oversize-floor,,,178,0,0.0,297.239,186.265
bamboo-00920,leftover,,,72,0,0.0,10.443,3.0
bamboo-00921,leftover,,,130,0,0.0,71.725,25.745
bamboo-00922,strict,53,,32,32,1.0,7.111,4.101
bamboo-00923,oversize-floor,,,28,0,0.0,199.0,155.0
bamboo-00924,oversize-floor,,,67,0,0.0,1494.173,1300.0
bamboo-00925,leftover,,,100,0,0.0,90.634,87.202
bamboo-00926,oversize-floor,,,60,0,0.0,2998.804,2643.386
bamboo-00927,leftover,,,103,0,0.0,82.998,52.044
bamboo-00928,oversize-floor,,,77,0,0.0,1228.103,1210.719
bamboo-00929,oversize-floor,,,158,0,0.0,474.581,155.0
bamboo-00930,oversize-floor,,,46,0,0.0,8422.718,8381.903
bamboo-00931,oversize-total,,,64,0,0.0,170.486,66.532
bamboo-00932,strict,4,,95,95,1.0,4.55,3.5
bamboo-00933,oversize-floor,,,175,0,0.0,266.326,155.0
bamboo-00934,leftover,,,200,0,0.0,62.344,24.214
bamboo-00935,leftover,,,73,0,0.0,54.526,18.455
bamboo-00936,leftover,,,98,0,0.0,45.823,17.378
bamboo-00937,leftover,,,72,0,0.0,24.86,6.216
bamboo-00938,oversize-total,,,10,0,0.0,358.012,136.207
bamboo-00939,oversize-floor,,,4,0,0.0,255.782,225.511
bamboo-00940,leftover,,,5,0,0.0,23.526,13.156
bamboo-00941,leftover,,,5,0,0.0,13.093,3.0
bamboo-00942,oversize-floor,,,6,0,0.0,338.893,326.0
bamboo-00943,strict,45,,4,4,1.0,20.653,17.249
bamboo-00944,oversize-floor,,,203,0,0.0,600.572,530.151
bamboo-00945,leftover,,,91,0,0.0,63.986,44.013
bamboo-00946,oversize-floor,,,179,0,0.0,125223.025,124500.395
bamboo-00947,strict,51,,134,134,1.0,6.782,3.382
bamboo-00948,leftover,,,201,0,0.0,55.119,39.126
bamboo-00949,strict,16,,27,27,1.0,46.384,11.92
bamboo-00950,leftover,,,80,0,0.0,14.192,3.0
bamboo-00951,strict,43,,18,18,1.0,4.6,3.0
bamboo-00952,oversize-floor,,,144,0,0.0,567.01,522.472
bamboo-00953,leftover,,,146,0,0.0,74.743,19.0
bamboo-00954,oversize-total,,,147,0,0.0,562.71,136.729
bamboo-00955,oversize-floor,,,195,0,0.0,287.984,185.91
bamboo-00956,oversize-floor,,,78,0,0.0,558.928,270.0
bamboo-00957,oversize-floor,,,91,0,0.0,766.699,326.0
bamboo-00958,oversize-floor,,,17,0,0.0,1345.713,1024.455
bamboo-00959,oversize-floor,,,25,0,0.0,4097.613,1210.719
bamboo-00960,leftover,,,187,0,0.0,79.723,75.0
bamboo-00961,oversize-total,,,106,0,0.0,173.726,80.0
bamboo-00962,oversize-floor,,,20,0,0.0,2812.784,2773.721
bamboo-00963,strict,9,,151,151,1.0,65.2,61.381
bamboo-00964,leftover,,,137,0,0.0,16.703,4.912
bamboo-00965,oversize-floor,,,150,0,0.0,400.077,394.077
bamboo-00966,oversize-floor,,,81,0,0.0,695.846,631.998
bamboo-00967,strict,46,,23,23,1.0,5.366,3.0
bamboo-00968,oversize-floor,,,69,0,0.0,1303.589,1300.0
bamboo-00969,oversize-floor,,,115,0,0.0,195.045,155.0
bamboo-00970,oversize-floor,,,88,0,0.0,1457.943,428.312
bamboo-00971,leftover,,,120,0,0.0,115.759,111.759
bamboo-00972,leftover,,,42,0,0.0,29.554,17.378
bamboo-00973,oversize-floor,,,84,0,0.0,2446.251,1862.645
bamboo-00974,strict,46,,110,110,1.0,6.029,4.657
bamboo-00975,oversize-floor,,,68,0,0.0,1223.728,1210.719
bamboo-00976,leftover,,,122,0,0.0,10.617,4.843
bamboo-00977,leftover,,,166,0,0.0,113.568,29.357
bamboo-00978,leftover,,,36,0,0.0,51.58,25.846
bamboo-00979,strict,60,,209,209,1.0,16.711,4.912
bamboo-00980,leftover,,,43,0,0.0,28.785,14.047
bamboo-00981,oversize-total,,,166,0,0.0,172.505,64.731
bamboo-00982,leftover,,,206,0,0.0,78.786,63.386
bamboo-00983,oversize-total,,,182,0,0.0,199.345,91.053
bamboo-00984,oversize-total,,,174,0,0.0,235.464,83.099
bamboo-00985,leftover,,,170,0,0.0,142.306,58.312
bamboo-00986,leftover,,,46,0,0.0,21.219,17.378
bamboo-00987,leftover,,,20,0,0.0,25.216,23.283
bamboo-00988,oversize-floor,,,109,0,0.0,794.607,558.794
bamboo-00989,oversize-floor,,,77,0,0.0,744.192,320.626
bamboo-00990,leftover,,,38,0,0.0,59.082,44.013
bamboo-00991,leftover,,,34,0,0.0,14.723,4.04
bamboo-00992,strict,39,,67,67,1.0,3.64,3.0
bamboo-00993,oversize-floor,,20,116,8,0.069,628.021,284.0
bamboo-00994,oversize-floor,,60,158,36,0.228,420.556,180.0
bamboo-00995,leftover,,,98,0,0.0,16.6,3.0
bamboo-00996,oversize-floor,,,31,0,0.0,253.368,155.0
bamboo-00997,leftover,,,60,0,0.0,74.604,24.868
bamboo-00998,oversize-floor,,,169,0,0.0,506.844,326.0
bamboo-00999,strict,43,,172,172,1.0,4.457,3.0
bamboo-01000,oversize-floor,,,82,0,0.0,335.158,326.0
bamboo-01001,oversize-floor,,,70,0,0.0,674.247,558.794
bamboo-01002,leftover,,,40,0,0.0,15.655,10.082
bamboo-01003,leftover,,,111,0,0.0,29.484,19.797
bamboo-01004,oversize-floor,,,129,0,0.0,338.9,326.0
bamboo-01005,leftover,,,174,0,0.0,95.763,37.844
bamboo-01006,leftover,,,121,0,0.0,25.2,3.0
bamboo-01007,leftover,,,181,0,0.0,79.972,51.87
bamboo-01008,oversize-floor,,,167,0,0.0,187.089,155.0
bamboo-01009,leftover,,5,175,163,0.931,31.362,25.0
bamboo-01010,oversize-floor,,,133,0,0.0,1407.73,1210.719
bamboo-01011,oversize-floor,,,170,0,0.0,691.968,232.831
bamboo-01012,oversize-total,,,10,0,0.0,255.676,82.966
bamboo-01013,leftover,,,61,0,0.0,107.971,42.523
bamboo-01014,oversize-floor,,20,77,2,0.026,3553.733,2328.306
bamboo-01015,oversize-total,,,161,0,0.0,171.18,71.753
bamboo-01016,oversize-floor,,,175,0,0.0,8472.378,4967.921
bamboo-01017,strict,57,,58,58,1.0,8.517,3.0
bamboo-01018,strict,36,,22,22,1.0,4.587,2.235
bamboo-01019,strict,1,,32,32,1.0,0.582,0.25
bamboo-01020,strict,48,,116,116,1.0,9.182,4.831
bamboo-01021,leftover,,,52,0,0.0,13.956,3.261
bamboo-01022,leftover,,,73,0,0.0,16.917,13.614
bamboo-01023,strict,47,,68,68,1.0,5.4,3.0
bamboo-01024,leftover,,,120,0,0.0,13.037,5.862
bamboo-01025,leftover,,,61,0,0.0,27.453,17.15
bamboo-01026,oversize-floor,,,117,0,0.0,331.262,326.0
bamboo-01027,leftover,,,67,0,0.0,16.771,7.671
bamboo-01028,leftover,,,76,0,0.0,97.863,74.506
bamboo-01029,oversize-floor,,,186,0,0.0,10035.669,5122.274
bamboo-01030,oversize-floor,,,136,0,0.0,1573.817,792.326
bamboo-01031,oversize-floor,,,130,0,0.0,1603.427,1060.317
bamboo-01032,oversize-floor,,,94,0,0.0,360.184,326.0
bamboo-01033,oversize-floor,,,36,0,0.0,841.153,537.193
bamboo-01034,leftover,,,70,0,0.0,94.858,93.132
bamboo-01035,oversize-floor,,,100,0,0.0,1096.835,1030.745
bamboo-01036,oversize-floor,,,90,0,0.0,876.275,558.794
bamboo-01037,strict,32,,144,144,1.0,2.325,1.863
bamboo-01038,oversize-floor,,3,168,24,0.143,527.419,186.265
bamboo-01039,oversize-floor,,,152,0,0.0,7527.803,7418.064
bamboo-01040,oversize-floor,,,0,0,0.0,102327.192,93132.257
bamboo-01041,strict,42,,122,122,1.0,4.326,0.8
bamboo-01042,leftover,,,70,0,0.0,54.961,17.695
bamboo-01043,oversize-floor,,,84,0,0.0,246.097,155.0
bamboo-01044,strict,7,,108,108,1.0,5.28,2.0
bamboo-01045,strict,38,,52,52,1.0,3.2,0.8
bamboo-01046,oversize-floor,,,42,0,0.0,191.47,155.0
bamboo-01047,leftover,,,140,0,0.0,91.491,32.737
bamboo-01048,leftover,,,158,0,0.0,112.768,57.187
bamboo-01049,leftover,,,126,0,0.0,19.508,7.788
bamboo-01050,leftover,,,127,0,0.0,34.805,20.0
bamboo-01051,strict,50,,122,122,1.0,6.2,3.0
bamboo-01052,oversize-floor,,,86,0,0.0,1510.211,1300.0
bamboo-01053,oversize-floor,,,113,0,0.0,1480.583,1060.317
bamboo-01054,oversize-floor,,,72,0,0.0,1222.973,1210.719
bamboo-01055,oversize-floor,,,160,0,0.0,200.139,155.0
bamboo-01056,oversize-total,,,99,0,0.0,180.051,131.246
bamboo-01057,strict,43,,0,0,1.0,4.8,0.8
bamboo-01058,oversize-floor,,,0,0,0.0,157.25,155.0
bamboo-01059,leftover,,,0,0,0.0,130.241,105.0
bamboo-01060,leftover,,,0,0,0.0,99.51,94.026
bamboo-01061,oversize-floor,,,0,0,0.0,276.993,166.893
bamboo-01062,leftover,,,0,0,0.0,67.943,27.733
bamboo-01063,leftover,,,6,0,0.0,42.873,18.455
bamboo-01064,oversize-floor,,,8,0,0.0,298.591,155.0
bamboo-01065,leftover,,,5,0,0.0,38.051,19.784
bamboo-01066,leftover,,,0,0,0.0,32.107,24.214
bamboo-01067,strict,1,,5,5,1.0,0.166,0.166
bamboo-01068,oversize-floor,,,4,0,0.0,699.825,450.0
bamboo-01069,strict,55,,1,1,1.0,21.758,12.945
bamboo-01070,oversize-floor,,,0,0,0.0,7565.978,4562.252
bamboo-01071,oversize-floor,,,0,0,0.0,155.166,155.0
bamboo-01072,leftover,,,0,0,0.0,17.383,14.183
bamboo-01073,oversize-floor,,,0,0,0.0,462.163,450.0
bamboo-01074,strict,24,,0,0,1.0,1.6,0.8
bamboo-01075,leftover,,,0,0,0.0,36.46,25.0
bamboo-01076,oversize-floor,,,2,0,0.0,1214.171,1210.719
bamboo-01077,strict,41,,0,0,1.0,4.382,3.0
bamboo-01078,strict,44,,1,1,1.0,4.621,4.621
bamboo-01079,strict,49,,4,4,1.0,6.286,3.0
bamboo-01080,leftover,,,0,0,0.0,56.481,36.621
bamboo-01081,oversize-floor,,,3,0,0.0,223945.895,223517.418
bamboo-01082,oversize-floor,,,4,0,0.0,1661.467,1659.761
bamboo-01083,oversize-total,,,0,0,0.0,158.284,82.966
bamboo-01084,oversize-floor,,,4,0,0.0,156.888,155.0
bamboo-01085,oversize-floor,,,4,0,0.0,158.154,155.0
bamboo-01086,leftover,,,0,0,0.0,67.426,60.0
bamboo-01087,strict,43,,3,3,1.0,4.525,3.725
bamboo-01088,oversize-floor,,,3,0,0.0,590.0,435.0
bamboo-01089,strict,34,,6,6,1.0,2.648,1.048
bamboo-01090,strict,36,,7,7,1.0,10.238,4.912
bamboo-01091,oversize-floor,,,4,0,0.0,613.11,576.39
bamboo-01092,leftover,,,4,0,0.0,58.816,49.599
bamboo-01093,leftover,,,1,0,0.0,142.175,53.905
bamboo-01094,strict,24,,5,5,1.0,1.6,0.8
bamboo-01095,leftover,,,0,0,0.0,98.713,76.006
bamboo-01096,oversize-floor,,,6,0,0.0,2480.599,1210.719
bamboo-01097,leftover,,,4,0,0.0,60.529,33.528
bamboo-01098,leftover,,,7,0,0.0,19.842,4.912
bamboo-01099,leftover,,,8,0,0.0,83.576,57.187
bamboo-01100,leftover,,,8,0,0.0,19.455,9.99
bamboo-01101,leftover,,,6,0,0.0,76.088,66.811
bamboo-01102,leftover,,,4,0,0.0,27.658,16.638
bamboo-01103,oversize-floor,,,0,0,0.0,763.596,450.0
bamboo-01104,strict,60,,6,6,1.0,9.289,3.542
bamboo-01105,leftover,,,6,0,0.0,76.398,19.0
bamboo-01106,oversize-floor,,,0,0,0.0,5272.564,4967.921
bamboo-01107,leftover,,,59,0,0.0,113.081,41.736
bamboo-01108,oversize-floor,,,4,0,0.0,6656.614,6519.258
bamboo-01109,leftover,,,7,0,0.0,88.669,68.984
bamboo-01110,leftover,,,5,0,0.0,57.27,21.719
bamboo-01111,leftover,,,0,0,0.0,30.604,14.663
bamboo-01112,oversize-total,,,0,0,0.0,348.827,136.31
bamboo-01113,strict,34,,0,0,1.0,2.647,0.8
bamboo-01114,oversize-floor,,,0,0,0.0,279.405,155.0
bamboo-01115,oversize-floor,,,0,0,0.0,487.723,450.0
bamboo-01116,leftover,,,0,0,0.0,75.324,60.0
bamboo-01117,leftover,,,0,0,0.0,20.932,19.0
bamboo-01118,oversize-floor,,,0,0,0.0,658.2,650.0
bamboo-01119,leftover,,,0,0,0.0,62.518,44.013
bamboo-01120,strict,53,,3,3,1.0,7.234,3.0
bamboo-01121,leftover,,,0,0,0.0,11.4,3.0
bamboo-01122,oversize-total,,,0,0,0.0,401.404,136.729
bamboo-01123,strict,1,,0,0,1.0,0.0,0.0
bamboo-01124,strict,1,,0,0,1.0,0.0,0.0
bamboo-01125,strict,1,,3,3,1.0,0.049,0.049
bamboo-01126,leftover,,,1,0,0.0,139.407,103.654
bamboo-01127,leftover,,,6,0,0.0,14.915,14.011
bamboo-01128,strict,2,,6,6,1.0,0.466,0.466
bamboo-01129,leftover,,4,6,4,0.667,48.345,27.0
bamboo-01130,oversize-floor,,3,5,1,0.2,408.044,261.944
bamboo-01131,strict,24,,4,4,1.0,1.586,0.8
bamboo-01132,leftover,,,6,0,0.0,35.255,14.185
bamboo-01133,oversize-total,,,4,0,0.0,187.197,135.0
bamboo-01134,strict,1,,0,0,1.0,0.0,0.0
bamboo-01135,strict,1,,0,0,1.0,0.0,0.0
bamboo-01136,leftover,,,6,0,0.0,17.191,15.086
bamboo-01137,oversize-floor,,,3,0,0.0,349.509,326.0
bamboo-01138,leftover,,,4,0,0.0,14.185,14.185
bamboo-01139,leftover,,,0,0,0.0,92.397,27.001
bamboo-01140,leftover,,,0,0,0.0,47.935,14.185
bamboo-01141,strict,60,,0,0,1.0,9.27,4.968
bamboo-01142,leftover,,,0,0,0.0,116.948,28.359
bamboo-01143,leftover,,,0,0,0.0,102.725,61.028
bamboo-01144,oversize-total,,,0,0,0.0,311.4,130.4
bamboo-01145,leftover,,,0,0,0.0,146.794,50.715
bamboo-01146,oversize-total,,,0,0,0.0,274.719,87.814
bamboo-01147,strict,6,,0,0,1.0,0.1,0.1
bamboo-01148,oversize-total,,,0,0,0.0,342.605,71.504
bamboo-01149,leftover,,,0,0,0.0,13.04,13.04
bamboo-01150,leftover,,,0,0,0.0,23.304,23.304
bamboo-01151,strict,20,,0,0,1.0,0.801,0.8
bamboo-01152,strict,2,,2,2,1.0,14.9,14.9
bamboo-01153,leftover,,,0,0,0.0,16.235,10.092
bamboo-01154,oversize-total,,,0,0,0.0,171.251,60.0
bamboo-01155,oversize-floor,,2,5,2,0.4,473.45,262.852
bamboo-01156,strict,36,,6,6,1.0,4.327,2.118
bamboo-01157,strict,1,,0,0,1.0,0.0,0.0
bamboo-01158,oversize-floor,,,7,0,0.0,415.19,177.4
bamboo-01159,leftover,,,6,0,0.0,18.159,15.0
bamboo-01160,leftover,,,6,0,0.0,21.1,14.9
bamboo-01161,oversize-total,,,0,0,0.0,179.466,136.738
bamboo-01162,oversize-total,,,0,0,0.0,400.561,146.047
bamboo-01163,oversize-floor,,,0,0,0.0,251.451,214.204
bamboo-01164,strict,1,,0,0,1.0,0.0,0.0
bamboo-01165,leftover,,,5,0,0.0,100.164,27.0
bamboo-01166,leftover,,,5,0,0.0,20.832,14.9
bamboo-01167,leftover,,,4,0,0.0,18.667,12.6
bamboo-01168,strict,14,,6,6,1.0,0.94,0.466
bamboo-01169,oversize-total,,,5,0,0.0,265.44,135.0
bamboo-01170,strict,8,,5,5,1.0,27.978,14.9
bamboo-01171,oversize-total,,19,4,3,0.75,159.5,130.4
bamboo-01172,leftover,,,4,0,0.0,45.208,15.444
bamboo-01173,strict,2,,5,5,1.0,0.008,0.008
bamboo-01174,leftover,,,6,0,0.0,30.906,25.885
bamboo-01175,oversize-floor,,,7,0,0.0,564.834,537.193
bamboo-01176,oversize-total,,4,7,4,0.571,192.633,130.4
bamboo-01177,leftover,,,0,0,0.0,82.617,29.143
bamboo-01178,oversize-total,,,5,0,0.0,358.211,130.4
bamboo-01179,leftover,,,6,0,0.0,42.761,15.256
bamboo-01180,oversize-total,,,6,0,0.0,226.531,135.0
bamboo-01181,oversize-total,,2,5,2,0.4,396.5,135.0
bamboo-01182,leftover,,,6,0,0.0,9.881,3.31
bamboo-01183,leftover,,,6,0,0.0,31.096,14.9
bamboo-01184,leftover,,,3,0,0.0,63.428,61.028
bamboo-01185,leftover,,,5,0,0.0,11.732,7.354
bamboo-01186,oversize-floor,,,0,0,0.0,5485.52,5434.959
bamboo-01187,leftover,,,3,0,0.0,10.6,3.0
bamboo-01188,strict,49,,6,6,1.0,9.739,5.021
bamboo-01189,oversize-floor,,,3,0,0.0,656.514,177.4
bamboo-01190,strict,49,,7,7,1.0,6.009,3.0
bamboo-01191,leftover,,,6,0,0.0,67.048,15.256
bamboo-01192,leftover,,,5,0,0.0,17.735,14.9
bamboo-01193,strict,22,,4,4,1.0,0.879,0.8
bamboo-01194,oversize-floor,,,7,0,0.0,1487.71,1395.262
bamboo-01195,strict,27,,4,4,1.0,15.701,14.9
bamboo-01196,strict,6,,0,0,1.0,69.602,26.886
bamboo-01197,oversize-floor,,,3,0,0.0,170.437,155.0
bamboo-01198,leftover,,,1,0,0.0,101.996,27.19
bamboo-01199,leftover,,2,6,1,0.167,114.795,69.849
bamboo-01200,strict,2,,5,5,1.0,29.543,14.9
bamboo-01201,oversize-total,,,7,0,0.0,154.344,69.849
bamboo-01202,strict,14,,6,6,1.0,3.0,3.0
bamboo-01203,oversize-total,,,7,0,0.0,182.866,130.4
bamboo-01204,leftover,,,6,0,0.0,33.274,14.2
bamboo-01205,leftover,,,6,0,0.0,23.825,12.551
bamboo-01206,leftover,,,7,0,0.0,49.876,20.489
bamboo-01207,oversize-floor,,,5,0,0.0,455.735,177.4
bamboo-01208,strict,45,,4,4,1.0,4.982,3.0
bamboo-01209,strict,8,,4,4,1.0,30.266,14.9
bamboo-01210,leftover,,,4,0,0.0,20.095,17.695
bamboo-01211,oversize-total,,,4,0,0.0,251.153,46.566
bamboo-01212,strict,1,,0,0,1.0,0.0,0.0
bamboo-01213,strict,6,,1,1,1.0,0.1,0.1
bamboo-01214,oversize-total,,,1,0,0.0,653.223,135.0
bamboo-01215,oversize-floor,,,5,0,0.0,292.65,177.4
bamboo-01216,oversize-floor,,,4,0,0.0,750.186,747.649
bamboo-01217,leftover,,,5,0,0.0,82.744,36.328
bamboo-01218,leftover,,,6,0,0.0,51.49,17.509
bamboo-01219,leftover,,,5,0,0.0,23.818,21.0
bamboo-01220,leftover,,,6,0,0.0,66.076,14.9
bamboo-01221,leftover,,,5,0,0.0,34.475,18.0
bamboo-01222,strict,35,,6,6,1.0,2.814,1.254
bamboo-01223,leftover,,,6,0,0.0,21.017,16.764
bamboo-01224,leftover,,,7,0,0.0,60.717,14.9
bamboo-01225,oversize-floor,,,4,0,0.0,499.028,437.9
bamboo-01226,strict,56,,3,3,1.0,7.838,3.0
bamboo-01227,leftover,,,5,0,0.0,51.612,15.0
bamboo-01228,leftover,,,0,0,0.0,20.465,16.937
bamboo-01229,strict,4,,10,10,1.0,0.043,0.043
bamboo-01230,leftover,,,6,0,0.0,77.708,27.0
bamboo-01231,leftover,,,4,0,0.0,40.908,25.0
bamboo-01232,oversize-total,,,5,0,0.0,427.543,131.417
bamboo-01233,leftover,,,8,0,0.0,83.95,27.001
bamboo-01234,strict,10,,6,6,1.0,0.663,0.559
bamboo-01235,oversize-total,,,2,0,0.0,588.233,135.551
bamboo-01236,leftover,,2,4,3,0.75,33.836,14.9
bamboo-01237,leftover,,,3,0,0.0,56.312,13.489
bamboo-01238,leftover,,,7,0,0.0,42.05,25.548
bamboo-01239,oversize-floor,,,3,0,0.0,541.369,261.944
bamboo-01240,leftover,,,7,0,0.0,52.808,25.548
bamboo-01241,oversize-total,,,8,0,0.0,163.396,130.385
bamboo-01242,leftover,,,6,0,0.0,70.488,15.0
bamboo-01243,leftover,,,4,0,0.0,113.544,28.764
bamboo-01244,leftover,,,7,0,0.0,15.183,6.5
bamboo-01245,strict,42,,0,0,1.0,95.062,21.183
bamboo-01246,oversize-floor,,,7,0,0.0,1319.765,800.0
bamboo-01247,strict,1,,0,0,1.0,0.0,0.0
bamboo-01248,strict,17,,7,7,1.0,0.8,0.8
bamboo-01249,strict,4,,7,7,1.0,34.897,14.9
bamboo-01250,leftover,,,7,0,0.0,124.591,61.028
bamboo-01251,oversize-total,,,4,0,0.0,155.198,51.32
bamboo-01252,oversize-floor,,,9,0,0.0,409.783,177.4
bamboo-01253,leftover,,,4,0,0.0,99.239,24.2
bamboo-01254,leftover,,,11,0,0.0,83.558,27.511
bamboo-01255,leftover,,,6,0,0.0,78.873,23.283
bamboo-01256,oversize-total,,,0,0,0.0,307.136,136.738
bamboo-01257,leftover,,,1,0,0.0,72.423,32.0
bamboo-01258,leftover,,,10,0,0.0,65.155,49.268
bamboo-01259,leftover,,,1,0,0.0,129.126,84.491
bamboo-01260,leftover,,,1,0,0.0,29.1,14.9
bamboo-01261,strict,41,,8,8,1.0,3.933,1.324
bamboo-01262,strict,1,,0,0,1.0,0.0,0.0
bamboo-01263,leftover,,,4,0,0.0,42.065,15.56
bamboo-01264,strict,2,,1,1,1.0,27.5,14.9
bamboo-01265,strict,34,,5,5,1.0,2.836,0.8
bamboo-01266,oversize-floor,,,0,0,0.0,5464.859,5434.959
bamboo-01267,oversize-total,,,0,0,0.0,221.483,130.4
bamboo-01268,leftover,,,1,0,0.0,149.01,130.4
bamboo-01269,leftover,,2,7,1,0.143,35.721,14.9
bamboo-01270,strict,1,,0,0,1.0,0.0,0.0
bamboo-01271,leftover,,,0,0,0.0,63.955,51.32
bamboo-01272,strict,1,,8,8,1.0,0.001,0.001
bamboo-01273,leftover,,,7,0,0.0,61.404,21.719
bamboo-01274,leftover,,,7,0,0.0,138.065,135.0
bamboo-01275,strict,27,,4,4,1.0,15.8,14.9
bamboo-01276,leftover,,10,9,2,0.222,17.436,14.9
bamboo-01277,leftover,,,12,0,0.0,43.908,27.0
bamboo-01278,leftover,,,7,0,0.0,84.309,27.001
bamboo-01279,strict,36,,3,3,1.0,3.0,3.0
bamboo-01280,leftover,,,0,0,0.0,36.774,15.445
bamboo-01281,leftover,,,2,0,0.0,30.107,14.965
bamboo-01282,leftover,,,8,0,0.0,39.643,27.0
bamboo-01283,strict,44,,7,7,1.0,5.037,3.56
bamboo-01284,strict,1,,0,0,1.0,0.0,0.0
bamboo-01285,leftover,,,8,0,0.0,56.389,14.9
bamboo-01286,leftover,,,8,0,0.0,25.112,25.112
bamboo-01287,oversize-total,,,0,0,0.0,623.682,135.0
bamboo-01288,leftover,,,1,0,0.0,32.396,15.0
bamboo-01289,strict,60,,0,0,1.0,9.213,5.106
bamboo-01290,oversize-total,,,0,0,0.0,970.275,135.426
bamboo-01291,leftover,,,0,0,0.0,56.879,14.958
bamboo-01292,leftover,,,1,0,0.0,61.568,47.715
bamboo-01293,leftover,,,0,0,0.0,24.187,14.9
bamboo-01294,oversize-floor,,,0,0,0.0,839.238,456.758
bamboo-01295,leftover,,,0,0,0.0,31.888,14.9
bamboo-01296,strict,32,,0,0,1.0,2.023,2.023
bamboo-01297,strict,19,,0,0,1.0,61.642,14.958
bamboo-01298,leftover,,,1,0,0.0,29.941,14.9
bamboo-01299,leftover,,,0,0,0.0,140.79,134.647
bamboo-01300,leftover,,,0,0,0.0,46.638,19.412
bamboo-01301,leftover,,,0,0,0.0,42.748,24.2
bamboo-01302,leftover,,,1,0,0.0,80.906,55.334
bamboo-01303,strict,36,,6,6,1.0,3.048,3.0
bamboo-01304,strict,10,,8,8,1.0,0.102,0.102
bamboo-01305,leftover,,,12,0,0.0,60.747,23.283
bamboo-01306,leftover,,,3,0,0.0,55.631,15.228
bamboo-01307,oversize-floor,,,4,0,0.0,641.307,641.296
bamboo-01308,strict,4,,3,3,1.0,3.569,3.56
bamboo-01309,leftover,,,9,0,0.0,89.986,20.827
bamboo-01310,oversize-total,,,0,0,0.0,289.421,61.122
bamboo-01311,leftover,,,6,0,0.0,64.394,63.594
bamboo-01312,oversize-total,,,0,0,0.0,293.243,61.028
bamboo-01313,leftover,,,8,0,0.0,21.42,12.6
bamboo-01314,leftover,,,10,0,0.0,132.143,61.028
bamboo-01315,oversize-floor,,,8,0,0.0,429.45,261.944
bamboo-01316,oversize-total,,28,3,2,0.667,260.785,130.4
bamboo-01317,strict,18,,12,12,1.0,13.4,12.6
bamboo-01318,oversize-floor,,,0,0,0.0,426.201,230.968
bamboo-01319,leftover,,,10,0,0.0,49.708,22.0
bamboo-01320,leftover,,2,10,4,0.4,29.451,14.9
bamboo-01321,leftover,,,11,0,0.0,39.697,13.039
bamboo-01322,leftover,,,10,0,0.0,43.253,24.214
bamboo-01323,leftover,,,8,0,0.0,35.039,15.445
bamboo-01324,oversize-floor,,,11,0,0.0,234.542,155.0
bamboo-01325,leftover,,,8,0,0.0,54.371,22.701
bamboo-01326,leftover,,,8,0,0.0,12.362,5.312
bamboo-01327,oversize-total,,,0,0,0.0,166.016,28.359
bamboo-01328,oversize-total,,,0,0,0.0,275.678,129.089
bamboo-01329,leftover,,,9,0,0.0,56.811,14.901
bamboo-01330,leftover,,,6,0,0.0,13.4,12.6
bamboo-01331,strict,50,,6,6,1.0,6.46,3.362
bamboo-01332,oversize-floor,,,0,0,0.0,1321.494,1210.719
bamboo-01333,leftover,,,6,0,0.0,52.506,24.2
bamboo-01334,oversize-total,,,0,0,0.0,172.605,130.4
bamboo-01335,leftover,,,0,0,0.0,14.413,13.489
bamboo-01336,strict,4,,3,3,1.0,36.8,24.2
bamboo-01337,leftover,,,0,0,0.0,56.056,17.214
bamboo-01338,strict,18,,0,0,1.0,63.774,25.796
bamboo-01339,strict,5,,0,0,1.0,0.07,0.07
bamboo-01340,strict,59,,0,0,1.0,9.095,7.655
bamboo-01341,oversize-total,,,0,0,0.0,155.482,130.4
bamboo-01342,oversize-floor,,,0,0,0.0,515.532,225.498
bamboo-01343,oversize-floor,,,2,0,0.0,462.533,458.406
bamboo-01344,leftover,,,6,0,0.0,18.874,14.9
bamboo-01345,strict,46,,6,6,1.0,5.331,4.604
bamboo-01346,leftover,,,0,0,0.0,51.373,22.0
bamboo-01347,oversize-floor,,,7,0,0.0,883.247,618.284
bamboo-01348,leftover,,,0,0,0.0,41.908,14.9
bamboo-01349,oversize-total,,,6,0,0.0,242.638,135.0
bamboo-01350,strict,42,,0,0,1.0,4.213,3.954
bamboo-01351,strict,2,,0,0,1.0,27.9,14.9
bamboo-01352,oversize-total,,,5,0,0.0,216.426,130.4
bamboo-01353,strict,1,,0,0,1.0,0.0,0.0
bamboo-01354,leftover,,,0,0,0.0,80.173,24.2
bamboo-01355,strict,6,,1,1,1.0,1.49,1.49
bamboo-01356,oversize-total,,,4,0,0.0,177.712,130.4
bamboo-01357,leftover,,,14,0,0.0,57.216,14.185
bamboo-01358,oversize-total,,,3,0,0.0,233.707,120.878
bamboo-01359,leftover,,,9,0,0.0,123.323,53.905
bamboo-01360,leftover,,,4,0,0.0,72.646,25.103
bamboo-01361,strict,36,,6,6,1.0,3.082,2.118
bamboo-01362,oversize-total,,,0,0,0.0,155.029,24.868
bamboo-01363,leftover,,,0,0,0.0,68.938,67.679
bamboo-01364,leftover,,,0,0,0.0,65.423,17.509
bamboo-01365,leftover,,,0,0,0.0,17.07,14.958
bamboo-01366,oversize-total,,,0,0,0.0,165.709,125.706
bamboo-01367,leftover,,,0,0,0.0,10.189,3.742
bamboo-01368,leftover,,,8,0,0.0,114.366,69.849
bamboo-01369,leftover,,,8,0,0.0,33.267,18.0
bamboo-01370,leftover,,,6,0,0.0,17.996,7.078
bamboo-01371,leftover,,,7,0,0.0,50.416,15.444
bamboo-01372,leftover,,,4,0,0.0,25.032,22.532
bamboo-01373,leftover,,53,7,1,0.143,144.262,61.028
bamboo-01374,oversize-total,,,8,0,0.0,230.506,130.4
bamboo-01375,leftover,,,0,0,0.0,46.903,18.0
bamboo-01376,oversize-floor,,,5,0,0.0,265.191,177.4
bamboo-01377,strict,32,,5,5,1.0,2.366,0.8
bamboo-01378,strict,4,,7,7,1.0,29.1,14.9
bamboo-01379,strict,58,,6,6,1.0,8.988,4.371
bamboo-01380,oversize-floor,,,7,0,0.0,472.08,439.106
bamboo-01381,leftover,,15,3,1,0.333,53.094,22.352
bamboo-01382,strict,1,,0,0,1.0,0.0,0.0
bamboo-01383,leftover,,,9,0,0.0,22.315,21.973
bamboo-01384,leftover,,,10,0,0.0,122.055,61.028
bamboo-01385,leftover,,,1,0,0.0,138.21,39.599
bamboo-01386,strict,24,,8,8,1.0,1.439,0.8
bamboo-01387,strict,31,,9,9,1.0,1.662,0.8
bamboo-01388,leftover,,,4,0,0.0,22.564,14.2
bamboo-01389,leftover,,,5,0,0.0,40.367,14.901
bamboo-01390,leftover,,,10,0,0.0,32.92,14.9
bamboo-01391,strict,1,,0,0,1.0,0.0,0.0
bamboo-01392,oversize-total,,,1,0,0.0,349.833,61.028
bamboo-01393,oversize-total,,,2,0,0.0,178.298,135.0
bamboo-01394,strict,19,,5,5,1.0,28.39,14.2
bamboo-01395,leftover,,,1,0,0.0,40.079,14.9
bamboo-01396,oversize-total,,,2,0,0.0,157.377,25.903
bamboo-01397,leftover,,,3,0,0.0,47.223,18.0
bamboo-01398,leftover,,,2,0,0.0,52.271,24.2
bamboo-01399,oversize-floor,,,2,0,0.0,190.872,155.0
bamboo-01400,oversize-total,,,2,0,0.0,222.939,98.472
bamboo-01401,leftover,,,1,0,0.0,19.965,14.209
bamboo-01402,leftover,,60,4,3,0.75,114.726,27.001
bamboo-01403,oversize-total,,,6,0,0.0,153.518,61.028
bamboo-01404,oversize-floor,,,0,0,0.0,586.732,230.854
bamboo-01405,strict,56,,10,10,1.0,7.79,3.19
bamboo-01406,strict,1,,11,11,1.0,119.792,25.103
bamboo-01407,oversize-total,,,1,0,0.0,633.712,135.0
bamboo-01408,oversize-floor,,30,13,4,0.308,1034.286,800.0
bamboo-01409,strict,59,,7,7,1.0,9.388,3.0
bamboo-01410,leftover,,10,13,3,0.231,32.988,31.388
bamboo-01411,leftover,,,1,0,0.0,48.441,25.103
bamboo-01412,strict,22,,9,9,1.0,0.9,0.8
bamboo-01413,oversize-floor,,,1,0,0.0,1018.682,439.106
bamboo-01414,leftover,,,2,0,0.0,138.158,135.0
bamboo-01415,oversize-total,,,0,0,0.0,238.703,61.028
bamboo-01416,leftover,,,5,0,0.0,27.072,14.2
bamboo-01417,strict,21,,8,8,1.0,0.82,0.41
bamboo-01418,leftover,,,9,0,0.0,36.732,14.9
bamboo-01419,oversize-total,,,2,0,0.0,261.593,125.95
bamboo-01420,oversize-total,,,3,0,0.0,396.504,146.047
bamboo-01421,strict,1,,0,0,1.0,0.0,0.0
bamboo-01422,strict,2,,11,11,1.0,13.997,12.6
bamboo-01423,oversize-floor,,,5,0,0.0,491.064,155.0
bamboo-01424,leftover,,4,10,2,0.2,22.203,14.9
bamboo-01425,leftover,,,4,0,0.0,53.246,15.445
bamboo-01426,oversize-total,,,0,0,0.0,213.943,61.028
bamboo-01427,strict,4,,12,12,1.0,6.5,6.5
bamboo-01428,strict,41,,2,2,1.0,4.0,0.8
bamboo-01429,leftover,,,12,0,0.0,138.01,135.0
bamboo-01430,strict,38,,7,7,1.0,3.186,3.0
bamboo-01431,strict,4,,0,0,1.0,49.342,14.9
bamboo-01432,leftover,,,0,0,0.0,43.627,7.169
bamboo-01433,leftover,,,0,0,0.0,147.798,52.0
bamboo-01434,strict,1,,0,0,1.0,0.0,0.0
bamboo-01435,oversize-floor,,,14,0,0.0,1335.256,1300.0
bamboo-01436,leftover,,,6,0,0.0,25.66,25.66
bamboo-01437,oversize-floor,,,5,0,0.0,291.788,284.0
bamboo-01438,strict,11,,0,0,1.0,15.051,14.9
bamboo-01439,strict,28,,11,11,1.0,131.2,130.4
bamboo-01440,leftover,,,0,0,0.0,133.171,60.0
bamboo-01441,leftover,,,2,0,0.0,17.897,14.9
bamboo-01442,leftover,,,5,0,0.0,54.111,24.2
bamboo-01443,oversize-total,,,6,0,0.0,182.665,130.4
bamboo-01444,strict,50,,6,6,1.0,6.258,4.172
bamboo-01445,leftover,,,4,0,0.0,54.07,24.244
bamboo-01446,strict,34,,9,9,1.0,2.615,0.8
bamboo-01447,oversize-floor,,,0,0,0.0,223683.084,223517.418
bamboo-01448,leftover,,,4,0,0.0,113.512,65.157
bamboo-01449,leftover,,,3,0,0.0,74.145,20.0
bamboo-01450,oversize-floor,,,0,0,0.0,11609.799,11548.495
bamboo-01451,oversize-floor,,,5,0,0.0,14716.91,11548.495
bamboo-01452,oversize-total,,,4,0,0.0,152.331,135.0
bamboo-01453,strict,25,,6,6,1.0,105.295,61.028
bamboo-01454,strict,2,,1,1,1.0,0.029,0.029
bamboo-01455,leftover,,,5,0,0.0,51.153,29.215
bamboo-01456,oversize-floor,,,5,0,0.0,385.183,330.441
bamboo-01457,oversize-floor,,,7,0,0.0,1872.214,1871.414
bamboo-01458,oversize-floor,,,7,0,0.0,878.579,428.312
bamboo-01459,strict,1,,0,0,1.0,0.0,0.0
bamboo-01460,oversize-floor,,,0,0,0.0,645.727,558.794
bamboo-01461,leftover,,,8,0,0.0,29.55,14.9
bamboo-01462,leftover,,,9,0,0.0,62.842,20.0
bamboo-01463,leftover,,,0,0,0.0,85.073,61.028
bamboo-01464,oversize-floor,,,2,0,0.0,645.727,180.0
bamboo-01465,leftover,,,8,0,0.0,35.418,15.641
bamboo-01466,strict,25,,7,7,1.0,14.986,14.185
bamboo-01467,leftover,,,7,0,0.0,41.756,14.958
bamboo-01468,leftover,,,8,0,0.0,76.716,25.146
bamboo-01469,leftover,,8,7,3,0.429,132.826,130.4
bamboo-01470,oversize-total,,,7,0,0.0,165.026,63.594
bamboo-01471,strict,31,,4,4,1.0,1.674,0.8
bamboo-01472,oversize-total,,,7,0,0.0,187.498,122.055
bamboo-01473,oversize-floor,,,2,0,0.0,632.75,565.012
bamboo-01474,strict,54,,0,0,1.0,8.308,5.588
bamboo-01475,strict,39,,7,7,1.0,6.958,6.24
bamboo-01476,oversize-floor,,,8,0,0.0,1244.552,1210.719
bamboo-01477,strict,45,,8,8,1.0,10.917,5.6
bamboo-01478,strict,43,,6,6,1.0,4.6,3.0
bamboo-01479,oversize-floor,,,3,0,0.0,969.546,914.413
bamboo-01480,strict,52,,0,0,1.0,6.9,3.0
bamboo-01481,leftover,,,3,0,0.0,75.698,25.264
bamboo-01482,strict,32,,7,7,1.0,2.4,0.8
bamboo-01483,oversize-floor,,,1,0,0.0,1308.377,1303.852
bamboo-01484,leftover,,,0,0,0.0,34.753,18.455
bamboo-01485,oversize-floor,,,7,0,0.0,787.605,428.312
bamboo-01486,oversize-floor,,,8,0,0.0,329.054,230.951
bamboo-01487,strict,54,,6,6,1.0,7.6,3.0
bamboo-01488,oversize-floor,,,7,0,0.0,326.0,326.0
bamboo-01489,leftover,,,8,0,0.0,40.244,36.621
bamboo-01490,strict,54,,7,7,1.0,11.588,5.588
bamboo-01491,oversize-floor,,,8,0,0.0,272.23,155.0
bamboo-01492,oversize-floor,,,7,0,0.0,156.4,155.0
bamboo-01493,oversize-floor,,,0,0,0.0,383.565,252.134
bamboo-01494,leftover,,,0,0,0.0,66.682,25.0
bamboo-01495,oversize-total,,,2,0,0.0,188.431,136.729
bamboo-01496,oversize-floor,,,3,0,0.0,1253.575,1210.719
bamboo-01497,leftover,,,7,0,0.0,49.821,14.901
bamboo-01498,leftover,,,2,0,0.0,111.383,82.966
bamboo-01499,leftover,,,0,0,0.0,94.372,78.372
bamboo-01500,oversize-floor,,,3,0,0.0,407.683,292.721
bamboo-01501,oversize-floor,,,0,0,0.0,2269.777,1210.719
bamboo-01502,strict,22,,9,9,1.0,1.738,0.838
bamboo-01503,oversize-floor,,,0,0,0.0,590.884,588.166
bamboo-01504,leftover,,,9,0,0.0,49.836,42.466
bamboo-01505,oversize-floor,,,7,0,0.0,250.83,180.0
bamboo-01506,oversize-floor,,,9,0,0.0,986.814,684.868
bamboo-01507,oversize-floor,,,3,0,0.0,171.493,166.893
bamboo-01508,strict,7,,2,2,1.0,55.717,50.0
bamboo-01509,oversize-floor,,,2,0,0.0,1334.791,1210.719
bamboo-01510,oversize-floor,,1,7,2,0.286,182.88,155.0
bamboo-01511,oversize-floor,,,8,0,0.0,209.584,191.632
bamboo-01512,leftover,,,4,0,0.0,19.298,4.005
bamboo-01513,strict,12,,8,8,1.0,7.4,3.0
bamboo-01514,leftover,,,8,0,0.0,31.26,19.0
bamboo-01515,strict,58,,8,8,1.0,11.53,3.73
bamboo-01516,strict,52,,6,6,1.0,9.405,4.005
bamboo-01517,strict,48,,7,7,1.0,6.527,4.34
bamboo-01518,leftover,,,4,0,0.0,18.351,9.03
bamboo-01519,oversize-floor,,,5,0,0.0,642.549,640.484
bamboo-01520,leftover,,,7,0,0.0,16.161,5.0
bamboo-01521,leftover,,,8,0,0.0,87.56,25.0
bamboo-01522,oversize-total,,,2,0,0.0,517.747,120.878
bamboo-01523,leftover,,,4,0,0.0,10.21,3.0
bamboo-01524,oversize-floor,,53,7,1,0.143,596.251,428.312
bamboo-01525,leftover,,,1,0,0.0,107.512,102.112
bamboo-01526,strict,43,,6,6,1.0,4.6,3.0
bamboo-01527,leftover,,,0,0,0.0,21.872,19.472
bamboo-01528,oversize-floor,,,6,0,0.0,162.5,155.0
bamboo-01529,leftover,,,0,0,0.0,67.611,25.0
bamboo-01530,oversize-floor,,,5,0,0.0,160.439,155.0
bamboo-01531,oversize-floor,,,8,0,0.0,230.023,158.908
bamboo-01532,oversize-floor,,,8,0,0.0,3171.436,1957.114
bamboo-01533,oversize-floor,,36,8,4,0.5,350.49,314.971
bamboo-01534,strict,38,,5,5,1.0,3.313,0.913
bamboo-01535,oversize-floor,,,0,0,0.0,314.482,166.893
bamboo-01536,strict,43,,7,7,1.0,4.354,3.554
bamboo-01537,strict,53,,5,5,1.0,7.114,0.8
bamboo-01538,leftover,,,8,0,0.0,129.825,30.562
bamboo-01539,leftover,,,19,0,0.0,41.999,14.198
bamboo-01540,leftover,,,4,0,0.0,12.8,3.0
bamboo-01541,strict,31,,4,4,1.0,1.958,1.397
bamboo-01542,strict,32,,0,0,1.0,2.2,0.8
bamboo-01543,strict,36,,0,0,1.0,3.035,2.235
bamboo-01544,strict,48,,4,4,1.0,10.583,4.34
bamboo-01545,leftover,,,9,0,0.0,11.471,3.0
bamboo-01546,leftover,,,7,0,0.0,9.882,4.859
bamboo-01547,leftover,,,3,0,0.0,17.745,14.9
bamboo-01548,oversize-floor,,,2,0,0.0,349.093,218.029
bamboo-01549,oversize-floor,,,4,0,0.0,1316.983,1210.719
bamboo-01550,oversize-floor,,,3,0,0.0,199.562,155.0
bamboo-01551,strict,3,,0,0,1.0,53.905,53.905
bamboo-01552,leftover,,,15,0,0.0,11.6,3.0
bamboo-01553,strict,7,,11,11,1.0,18.015,17.249
bamboo-01554,leftover,,,4,0,0.0,20.129,12.107
bamboo-01555,oversize-floor,,,2,0,0.0,176.111,153.539
bamboo-01556,leftover,,,3,0,0.0,120.799,53.905
bamboo-01557,strict,42,,3,3,1.0,4.227,3.0
bamboo-01558,leftover,,,6,0,0.0,40.437,16.486
bamboo-01559,leftover,,,15,0,0.0,76.2,10.0
bamboo-01560,leftover,,,1,0,0.0,117.08,91.053
bamboo-01561,strict,47,,0,0,1.0,6.918,4.843
bamboo-01562,strict,38,,11,11,1.0,3.25,3.25
bamboo-01563,strict,16,,1,1,1.0,0.8,0.8
bamboo-01564,leftover,,,14,0,0.0,20.056,15.042
bamboo-01565,oversize-floor,,,0,0,0.0,458.755,261.655
bamboo-01566,leftover,,,8,0,0.0,10.978,7.473
bamboo-01567,oversize-floor,,,15,0,0.0,706.895,640.484
bamboo-01568,oversize-floor,,,12,0,0.0,908.884,906.371
bamboo-01569,strict,45,,4,4,1.0,10.067,6.5
bamboo-01570,leftover,,,0,0,0.0,96.564,56.097
bamboo-01571,oversize-floor,,,0,0,0.0,1669.565,1396.984
bamboo-01572,strict,16,,0,0,1.0,4.657,4.657
bamboo-01573,leftover,,,11,0,0.0,14.684,6.854
bamboo-01574,strict,36,,0,0,1.0,3.152,1.552
bamboo-01575,strict,57,,11,11,1.0,9.954,3.0
bamboo-01576,oversize-total,,,15,0,0.0,168.685,27.001
bamboo-01577,oversize-floor,,,13,0,0.0,2972.984,2971.032
bamboo-01578,leftover,,,13,0,0.0,14.7,8.3
bamboo-01579,strict,43,,0,0,1.0,4.918,3.0
bamboo-01580,strict,40,,0,0,1.0,3.845,0.8
bamboo-01581,oversize-floor,,,13,0,0.0,332.8,326.0
bamboo-01582,strict,5,,3,3,1.0,0.863,0.8
bamboo-01583,oversize-floor,,,3,0,0.0,560.006,558.406
bamboo-01584,oversize-floor,,,17,0,0.0,164.0,155.0
bamboo-01585,leftover,,,3,0,0.0,12.402,4.657
bamboo-01586,leftover,,,0,0,0.0,64.717,25.0
bamboo-01587,strict,17,,11,11,1.0,0.8,0.8
bamboo-01588,strict,44,,5,5,1.0,4.6,3.0
bamboo-01589,leftover,,,0,0,0.0,64.919,25.0
bamboo-01590,oversize-floor,,,4,0,0.0,1223.262,1057.994
bamboo-01591,oversize-floor,,,15,0,0.0,168.939,155.0
bamboo-01592,oversize-floor,,5,2,2,1.0,157.25,155.0
bamboo-01593,oversize-floor,,,2,0,0.0,444.712,155.0
bamboo-01594,leftover,,,16,0,0.0,55.909,19.0
bamboo-01595,strict,46,,7,7,1.0,5.241,1.161
bamboo-01596,strict,43,,18,18,1.0,4.6,3.0
bamboo-01597,leftover,,,2,0,0.0,39.087,32.175
bamboo-01598,oversize-floor,,,0,0,0.0,8395.027,8381.903
bamboo-01599,leftover,,,1,0,0.0,22.916,4.912
bamboo-01600,oversize-floor,,,15,0,0.0,2552.311,1210.719
bamboo-01601,strict,47,,2,2,1.0,5.468,0.8
bamboo-01602,oversize-floor,,,2,0,0.0,273.169,155.0
bamboo-01603,strict,43,,2,2,1.0,4.6,3.0
bamboo-01604,leftover,,,0,0,0.0,108.213,89.587
bamboo-01605,oversize-total,,,4,0,0.0,285.767,98.472
bamboo-01606,oversize-floor,,,18,0,0.0,780.438,566.231
bamboo-01607,oversize-total,,,3,0,0.0,200.898,66.646
bamboo-01608,strict,33,,3,3,1.0,2.5,0.8
bamboo-01609,leftover,,,12,0,0.0,92.935,74.506
bamboo-01610,oversize-floor,,45,14,11,0.786,168.449,155.0
bamboo-01611,oversize-floor,,,0,0,0.0,335.733,326.0
bamboo-01612,oversize-floor,,,0,0,0.0,726.328,650.0
bamboo-01613,oversize-floor,,,19,0,0.0,274.924,155.0
bamboo-01614,oversize-floor,,3,17,13,0.765,156.532,155.0
bamboo-01615,oversize-floor,,,0,0,0.0,246.165,166.893
bamboo-01616,oversize-floor,,,19,0,0.0,1252.945,964.238
bamboo-01617,oversize-floor,,,6,0,0.0,6556.942,6519.258
bamboo-01618,leftover,,,4,0,0.0,116.558,83.819
bamboo-01619,oversize-floor,,,0,0,0.0,339.909,326.0
bamboo-01620,oversize-total,,,0,0,0.0,199.278,95.421
bamboo-01621,strict,44,,14,14,1.0,4.789,3.189
bamboo-01622,leftover,,,2,0,0.0,97.866,94.066
bamboo-01623,leftover,,,5,0,0.0,50.377,44.013
bamboo-01624,oversize-floor,,,0,0,0.0,230.773,155.0
bamboo-01625,leftover,,,12,0,0.0,21.072,5.6
bamboo-01626,strict,52,,15,15,1.0,6.989,5.35
bamboo-01627,leftover,,,0,0,0.0,55.182,53.905
bamboo-01628,oversize-floor,,,4,0,0.0,328.025,311.869
bamboo-01629,strict,22,,0,0,1.0,1.134,0.8
bamboo-01630,oversize-floor,,,4,0,0.0,298468.282,223517.418
bamboo-01631,oversize-floor,,,5,0,0.0,1417.263,1210.719
bamboo-01632,leftover,,,5,0,0.0,18.86,15.562
bamboo-01633,strict,57,,9,9,1.0,8.4,3.0
bamboo-01634,leftover,,,3,0,0.0,14.8,4.005
bamboo-01635,oversize-floor,,,0,0,0.0,191.277,155.0
bamboo-01636,leftover,,,1,0,0.0,29.173,28.389
bamboo-01637,strict,54,,0,0,1.0,7.6,3.0
bamboo-01638,strict,39,,5,5,1.0,3.8,3.0
bamboo-01639,leftover,,,15,0,0.0,9.8,3.0
bamboo-01640,strict,17,,0,0,1.0,0.8,0.8
bamboo-01641,oversize-floor,,,0,0,0.0,163.486,155.0
bamboo-01642,oversize-floor,,,4,0,0.0,329.904,326.0
bamboo-01643,strict,26,,4,4,1.0,1.6,0.8
bamboo-01644,strict,40,,0,0,1.0,3.8,3.0
bamboo-01645,leftover,,,0,0,0.0,24.507,24.507
bamboo-01646,leftover,,,2,0,0.0,67.876,25.0
bamboo-01647,leftover,,,12,0,0.0,60.53,25.745
bamboo-01648,leftover,,,0,0,0.0,100.254,24.868
bamboo-01649,leftover,,,4,0,0.0,118.224,32.539
bamboo-01650,oversize-floor,,,0,0,0.0,4458.989,1862.645
bamboo-01651,oversize-total,,,0,0,0.0,154.032,116.688
bamboo-01652,oversize-floor,,,0,0,0.0,288.679,155.0
bamboo-01653,leftover,,,0,0,0.0,14.727,8.0
bamboo-01654,leftover,,,0,0,0.0,89.066,52.044
bamboo-01655,strict,52,,0,0,1.0,6.8,3.0
bamboo-01656,leftover,,,14,0,0.0,64.543,13.503
bamboo-01657,oversize-total,,,5,0,0.0,151.573,93.375
bamboo-01658,leftover,,,0,0,0.0,74.272,45.626
bamboo-01659,oversize-total,,,0,0,0.0,174.633,138.82
bamboo-01660,strict,1,,25,25,1.0,0.582,0.25
bamboo-01661,leftover,,,0,0,0.0,111.288,79.471
bamboo-01662,strict,39,,2,2,1.0,4.919,2.804
bamboo-01663,strict,22,,13,13,1.0,0.9,0.8
bamboo-01664,oversize-floor,,,0,0,0.0,222.505,155.0
bamboo-01665,leftover,,,0,0,0.0,89.9,19.0
bamboo-01666,oversize-floor,,,4,0,0.0,1520.709,650.0
bamboo-01667,leftover,,,2,0,0.0,91.958,44.013
bamboo-01668,leftover,,,7,0,0.0,20.438,4.912
bamboo-01669,oversize-floor,,,11,0,0.0,6740.094,6519.258
bamboo-01670,oversize-total,,,3,0,0.0,237.38,91.053
bamboo-01671,oversize-floor,,,0,0,0.0,2736.808,1210.719
bamboo-01672,oversize-floor,,,6,0,0.0,725.459,428.312
bamboo-01673,oversize-floor,,,2,0,0.0,3291.953,1862.645
bamboo-01674,strict,37,,0,0,1.0,43.777,41.736
bamboo-01675,oversize-floor,,,2,0,0.0,1481.787,1030.745
bamboo-01676,leftover,,,2,0,0.0,45.061,11.593
bamboo-01677,leftover,,,4,0,0.0,96.838,63.443
bamboo-01678,strict,17,,0,0,1.0,0.8,0.8
bamboo-01679,leftover,,,4,0,0.0,78.792,74.392
bamboo-01680,oversize-total,,,0,0,0.0,459.513,136.31
bamboo-01681,leftover,,,0,0,0.0,20.789,17.05
bamboo-01682,oversize-floor,,,10,0,0.0,691.191,428.312
bamboo-01683,strict,49,,0,0,1.0,7.6,3.0
bamboo-01684,leftover,,3,5,2,0.4,84.763,53.905
bamboo-01685,oversize-floor,,,16,0,0.0,620.587,326.0
bamboo-01686,strict,13,,0,0,1.0,19.842,12.945
bamboo-01687,strict,33,,14,14,1.0,2.418,0.8
bamboo-01688,leftover,,,15,0,0.0,66.84,25.0
bamboo-01689,strict,19,,0,0,1.0,0.8,0.8
bamboo-01690,leftover,,,0,0,0.0,14.073,3.0
bamboo-01691,strict,13,,1,1,1.0,6.896,6.896
bamboo-01692,leftover,,,3,0,0.0,100.999,53.905
bamboo-01693,strict,20,,10,10,1.0,0.8,0.8
bamboo-01694,oversize-floor,,,1,0,0.0,164.752,155.0
bamboo-01695,strict,13,,4,4,1.0,0.8,0.8
bamboo-01696,oversize-floor,,17,14,1,0.071,256.269,252.375
bamboo-01697,oversize-floor,,,2,0,0.0,1634.113,1488.147
bamboo-01698,oversize-floor,,,3,0,0.0,318.774,314.974
bamboo-01699,strict,13,,0,0,1.0,2.295,0.8
bamboo-01700,oversize-floor,,,3,0,0.0,1015.448,687.569
bamboo-01701,leftover,,,3,0,0.0,25.683,24.083
bamboo-01702,strict,50,,0,0,1.0,6.3,3.0
bamboo-01703,leftover,,,14,0,0.0,23.719,12.6
bamboo-01704,strict,43,,9,9,1.0,4.37,3.105
bamboo-01705,oversize-floor,,7,12,2,0.167,194.272,155.0
bamboo-01706,oversize-floor,,,6,0,0.0,184.188,180.0
bamboo-01707,oversize-floor,,,13,0,0.0,1663.648,1030.745
bamboo-01708,oversize-floor,,,7,0,0.0,328.218,286.526
bamboo-01709,oversize-floor,,,5,0,0.0,481.245,248.822
bamboo-01710,leftover,,,10,0,0.0,60.672,27.94
bamboo-01711,leftover,,,1,0,0.0,10.216,3.0
bamboo-01712,leftover,,,4,0,0.0,70.986,63.386
bamboo-01713,leftover,,,16,0,0.0,70.866,67.066
bamboo-01714,leftover,,,0,0,0.0,38.529,25.0
bamboo-01715,oversize-floor,,,5,0,0.0,334.76,326.0
bamboo-01716,leftover,,,1,0,0.0,19.483,12.573
bamboo-01717,leftover,,,4,0,0.0,16.847,7.671
bamboo-01718,leftover,,,0,0,0.0,28.606,10.855
bamboo-01719,oversize-floor,,,5,0,0.0,1233.481,1210.719
bamboo-01720,oversize-floor,,,2,0,0.0,1116.57,729.672
bamboo-01721,oversize-floor,,,0,0,0.0,1268.622,1210.719
bamboo-01722,leftover,,,4,0,0.0,118.435,56.097
bamboo-01723,oversize-total,,,4,0,0.0,301.429,125.176
bamboo-01724,strict,51,,3,3,1.0,6.592,3.0
bamboo-01725,oversize-total,,,2,0,0.0,242.663,71.372
bamboo-01726,leftover,,,6,0,0.0,28.434,21.634
bamboo-01727,strict,52,,5,5,1.0,10.13,4.005
bamboo-01728,oversize-floor,,,2,0,0.0,7608.859,7418.064
bamboo-01729,oversize-floor,,,5,0,0.0,200.139,155.0
bamboo-01730,leftover,,,5,0,0.0,42.727,39.126
bamboo-01731,leftover,,,6,0,0.0,18.801,11.201
bamboo-01732,leftover,,,4,0,0.0,14.4,3.0
bamboo-01733,oversize-floor,,,3,0,0.0,276.094,155.0
bamboo-01734,leftover,,,0,0,0.0,109.013,61.088
bamboo-01735,oversize-total,,,6,0,0.0,178.636,105.0
bamboo-01736,leftover,,,3,0,0.0,46.388,13.97
bamboo-01737,oversize-floor,,,8,0,0.0,507.673,326.0
bamboo-01738,strict,54,,6,6,1.0,7.819,5.588
bamboo-01739,oversize-total,,,0,0,0.0,187.681,96.259
bamboo-01740,oversize-floor,,,6,0,0.0,473.944,311.853
bamboo-01741,strict,46,,4,4,1.0,5.066,3.0
bamboo-01742,strict,34,,4,4,1.0,2.701,2.701
bamboo-01743,leftover,,,1,0,0.0,59.799,55.879
bamboo-01744,oversize-floor,,,2,0,0.0,325.393,261.655
bamboo-01745,strict,17,,0,0,1.0,0.8,0.8
bamboo-01746,strict,6,,2,2,1.0,2.401,0.801
bamboo-01747,leftover,,,2,0,0.0,86.766,82.966
bamboo-01748,oversize-floor,,36,3,1,0.333,316.335,314.971
bamboo-01749,oversize-floor,,,1,0,0.0,412.048,245.237
bamboo-01750,leftover,,,0,0,0.0,97.093,53.905
bamboo-01751,oversize-total,,,2,0,0.0,285.185,146.047
bamboo-01752,oversize-floor,,,0,0,0.0,833.493,712.551
bamboo-01753,leftover,,,0,0,0.0,25.424,6.928
bamboo-01754,strict,12,,4,4,1.0,120.841,116.688
bamboo-01755,oversize-floor,,7,1,1,1.0,277.448,155.0
bamboo-01756,strict,45,,1,1,1.0,8.453,3.0
bamboo-01757,leftover,,,2,0,0.0,24.737,3.0
bamboo-01758,strict,7,,0,0,1.0,14.387,10.845
bamboo-01759,strict,7,,7,7,1.0,1.251,0.8
bamboo-01760,oversize-floor,,,3,0,0.0,5796.142,2374.131
bamboo-01761,oversize-floor,,,6,0,0.0,158.166,155.0
bamboo-01762,oversize-floor,,,5,0,0.0,1944.681,1210.719
bamboo-01763,oversize-floor,,,11,0,0.0,190.149,162.415
bamboo-01764,oversize-floor,,,9,0,0.0,238.343,158.908
bamboo-01765,leftover,,,5,0,0.0,82.185,25.783
bamboo-01766,leftover,,,8,0,0.0,113.509,25.0
bamboo-01767,leftover,,,4,0,0.0,140.377,66.667
bamboo-01768,leftover,,,0,0,0.0,103.835,43.405
bamboo-01769,leftover,,,3,0,0.0,26.201,18.455
bamboo-01770,oversize-floor,,,13,0,0.0,637.998,631.998
bamboo-01771,strict,35,,0,0,1.0,29.869,25.264
bamboo-01772,strict,58,,0,0,1.0,8.747,4.217
bamboo-01773,oversize-floor,,,7,0,0.0,1627.86,627.154
bamboo-01774,oversize-floor,,,5,0,0.0,1548.419,428.312
bamboo-01775,strict,46,,4,4,1.0,5.063,3.463
bamboo-01776,oversize-floor,,,0,0,0.0,171.431,155.0
bamboo-01777,oversize-floor,,,4,0,0.0,1885.459,1862.645
bamboo-01778,oversize-floor,,,0,0,0.0,185.148,155.0
bamboo-01779,leftover,,7,6,5,0.833,54.132,50.0
bamboo-01780,strict,57,,13,13,1.0,8.437,5.337
bamboo-01781,leftover,,,2,0,0.0,15.577,5.648
bamboo-01782,oversize-floor,,,6,0,0.0,167.0,155.0
bamboo-01783,oversize-floor,,,9,0,0.0,173.525,155.0
bamboo-01784,leftover,,,6,0,0.0,53.004,20.388
bamboo-01785,leftover,,,0,0,0.0,34.552,18.626
bamboo-01786,strict,47,,7,7,1.0,5.633,2.767
bamboo-01787,strict,55,,8,8,1.0,7.663,3.725
bamboo-01788,leftover,,,6,0,0.0,95.685,20.0
bamboo-01789,leftover,,,5,0,0.0,18.871,17.271
bamboo-01790,oversize-floor,,,4,0,0.0,1218.435,465.661
bamboo-01791,oversize-floor,,,6,0,0.0,1215.519,1210.719
bamboo-01792,oversize-floor,,,8,0,0.0,367.751,188.45
bamboo-01793,oversize-floor,,45,9,1,0.111,1314.719,651.926
bamboo-01794,strict,43,,1,1,1.0,4.6,3.0
bamboo-01795,oversize-floor,,,0,0,0.0,2162.552,2095.263
bamboo-01796,strict,32,,1,1,1.0,2.4,0.8
bamboo-01797,leftover,,,9,0,0.0,63.361,38.836
bamboo-01798,strict,7,,0,0,1.0,16.28,10.845
bamboo-01799,strict,45,,9,9,1.0,21.375,17.249
bamboo-01800,oversize-floor,,,8,0,0.0,155.332,155.0
bamboo-01801,oversize-floor,,,0,0,0.0,162.842,155.0
bamboo-01802,oversize-floor,,49,5,2,0.4,7478.195,7418.064
bamboo-01803,oversize-floor,,,0,0,0.0,1863.024,1862.645
bamboo-01804,leftover,,,0,0,0.0,47.283,4.217
bamboo-01805,oversize-floor,,,0,0,0.0,626.741,599.177
bamboo-01806,strict,26,,7,7,1.0,1.6,0.8
bamboo-01807,strict,22,,10,10,1.0,0.863,0.8
bamboo-01808,oversize-floor,,,3,0,0.0,1451.633,1030.745
bamboo-01809,leftover,,,10,0,0.0,125.284,25.783
bamboo-01810,leftover,,39,7,3,0.429,32.33,16.892
bamboo-01811,oversize-floor,,,6,0,0.0,650.069,650.0
bamboo-01812,oversize-floor,,,6,0,0.0,1260.494,465.661
bamboo-01813,oversize-total,,,7,0,0.0,209.39,136.738
bamboo-01814,leftover,,,1,0,0.0,34.989,15.562
bamboo-01815,leftover,,,5,0,0.0,13.909,10.207
bamboo-01816,strict,10,,7,7,1.0,74.312,42.466
bamboo-01817,leftover,,,2,0,0.0,20.469,15.042
bamboo-01818,strict,36,,7,7,1.0,4.499,2.235
bamboo-01819,strict,10,,7,7,1.0,0.122,0.122
bamboo-01820,strict,51,,8,8,1.0,6.8,3.0
bamboo-01821,leftover,,,6,0,0.0,43.146,17.15
bamboo-01822,strict,35,,0,0,1.0,2.872,1.145
bamboo-01823,leftover,,,7,0,0.0,53.427,37.844
bamboo-01824,leftover,,,8,0,0.0,86.546,25.0
bamboo-01825,oversize-floor,,,6,0,0.0,3020.59,838.19
bamboo-01826,strict,43,,0,0,1.0,4.6,3.0
bamboo-01827,leftover,,,2,0,0.0,81.023,25.0
bamboo-01828,leftover,,,0,0,0.0,18.14,15.087
bamboo-01829,leftover,,,6,0,0.0,36.79,27.467
bamboo-01830,leftover,,,7,0,0.0,92.369,53.905
bamboo-01831,oversize-floor,,7,6,2,0.333,164.014,155.0
bamboo-01832,leftover,,,0,0,0.0,40.426,25.0
bamboo-01833,strict,42,,3,3,1.0,4.343,2.087
bamboo-01834,oversize-floor,,,8,0,0.0,502.871,450.0
bamboo-01835,strict,54,,0,0,1.0,7.6,3.0
bamboo-01836,strict,53,,2,2,1.0,7.216,2.128
bamboo-01837,leftover,,,8,0,0.0,89.809,76.63
bamboo-01838,oversize-floor,,,0,0,0.0,2720.645,1862.645
bamboo-01839,leftover,,,6,0,0.0,80.366,74.506
bamboo-01840,oversize-floor,,,7,0,0.0,207.52,191.632
bamboo-01841,strict,40,,10,10,1.0,5.406,0.8
bamboo-01842,oversize-floor,,,8,0,0.0,202.798,187.843
bamboo-01843,leftover,,,4,0,0.0,40.48,13.73
bamboo-01844,leftover,,,9,0,0.0,35.093,15.042
bamboo-01845,oversize-floor,,,4,0,0.0,1237.156,1210.719
bamboo-01846,leftover,,,4,0,0.0,51.097,27.511
bamboo-01847,oversize-total,,,9,0,0.0,169.616,50.0
bamboo-01848,leftover,,,0,0,0.0,66.504,65.467
bamboo-01849,leftover,,,4,0,0.0,115.526,56.386
bamboo-01850,leftover,,,3,0,0.0,18.3,3.0
bamboo-01851,leftover,,17,3,1,0.333,22.61,18.063
bamboo-01852,leftover,,,0,0,0.0,40.95,39.599
bamboo-01853,strict,49,,7,7,1.0,6.472,3.0
bamboo-01854,oversize-total,,,3,0,0.0,169.16,135.426
bamboo-01855,strict,32,,3,3,1.0,2.367,1.567
bamboo-01856,leftover,,,7,0,0.0,71.435,25.0
bamboo-01857,leftover,,,7,0,0.0,41.327,39.126
bamboo-01858,oversize-total,,,5,0,0.0,183.044,63.566
bamboo-01859,oversize-floor,,,6,0,0.0,329.312,326.0
bamboo-01860,oversize-total,,,0,0,0.0,395.006,124.284
bamboo-01861,leftover,,,8,0,0.0,102.361,68.984
bamboo-01862,oversize-total,,,0,0,0.0,271.22,135.65
bamboo-01863,oversize-floor,,,4,0,0.0,316.609,155.0
bamboo-01864,leftover,,,6,0,0.0,47.901,25.0
bamboo-01865,leftover,,,6,0,0.0,12.271,7.671
bamboo-01866,oversize-floor,,,7,0,0.0,395.823,314.971
bamboo-01867,leftover,,,3,0,0.0,39.959,25.0
bamboo-01868,leftover,,,4,0,0.0,33.9,6.7
bamboo-01869,oversize-floor,,,3,0,0.0,188.575,171.902
bamboo-01870,strict,1,,7,7,1.0,3.458,1.6
bamboo-01871,strict,48,,1,1,1.0,5.904,4.34
bamboo-01872,strict,3,,2,2,1.0,5.354,2.0
bamboo-01873,oversize-floor,,,9,0,0.0,6522.258,6519.258
bamboo-01874,strict,36,,3,3,1.0,2.964,0.8
bamboo-01875,leftover,,,5,0,0.0,116.137,51.265
bamboo-01876,oversize-floor,,,0,0,0.0,1632.921,1210.719
bamboo-01877,leftover,,,3,0,0.0,54.595,42.466
bamboo-01878,leftover,,,7,0,0.0,103.176,91.053
bamboo-01879,leftover,,,2,0,0.0,48.689,24.425
bamboo-01880,leftover,,,7,0,0.0,37.381,25.0
bamboo-01881,oversize-floor,,3,5,1,0.2,186.166,155.0
bamboo-01882,strict,33,,1,1,1.0,2.4,0.8
bamboo-01883,leftover,,,6,0,0.0,17.221,11.969
bamboo-01884,leftover,,,0,0,0.0,94.613,56.097
bamboo-01885,strict,21,,0,0,1.0,2.4,1.6
bamboo-01886,oversize-floor,,1,4,1,0.25,157.931,155.0
bamboo-01887,strict,44,,6,6,1.0,4.62,3.0
bamboo-01888,strict,50,,5,5,1.0,6.258,6.258
bamboo-01889,strict,13,,5,5,1.0,2.2,0.8
bamboo-01890,strict,38,,1,1,1.0,3.212,3.189
bamboo-01891,leftover,,,2,0,0.0,11.323,5.923
bamboo-01892,strict,54,,7,7,1.0,8.437,3.0
bamboo-01893,leftover,,,0,0,0.0,111.376,68.984
bamboo-01894,leftover,,,0,0,0.0,28.437,19.0
bamboo-01895,leftover,,,1,0,0.0,43.669,17.695
bamboo-01896,oversize-floor,,,3,0,0.0,356.28,326.0
bamboo-01897,oversize-floor,,,0,0,0.0,666.393,450.0
bamboo-01898,leftover,,,6,0,0.0,32.924,22.324
bamboo-01899,oversize-floor,,5,6,1,0.167,184.148,155.0
bamboo-01900,leftover,,,1,0,0.0,90.289,82.966
bamboo-01901,leftover,,,0,0,0.0,93.235,21.584
bamboo-01902,leftover,,,0,0,0.0,128.095,52.044
bamboo-01903,oversize-floor,,,5,0,0.0,464.063,261.655
bamboo-01904,oversize-floor,,,7,0,0.0,656.704,465.661
bamboo-01905,oversize-floor,,,3,0,0.0,305.304,166.911
bamboo-01906,oversize-floor,,,5,0,0.0,1899.051,1862.645
bamboo-01907,leftover,,,1,0,0.0,39.251,14.183
bamboo-01908,leftover,,,3,0,0.0,19.811,5.35
bamboo-01909,oversize-floor,,,6,0,0.0,326.8,326.0
bamboo-01910,oversize-floor,,,7,0,0.0,170.0,155.0
bamboo-01911,oversize-floor,,,0,0,0.0,3534.322,1957.114
bamboo-01912,oversize-floor,,,0,0,0.0,330.088,310.172
bamboo-01913,leftover,,,0,0,0.0,71.357,25.0
bamboo-01914,leftover,,,3,0,0.0,97.675,32.243
bamboo-01915,leftover,,38,4,2,0.5,72.884,72.084
bamboo-01916,oversize-floor,,,14,0,0.0,263.325,155.0
bamboo-01917,leftover,,,0,0,0.0,11.445,7.294
bamboo-01918,oversize-floor,,,0,0,0.0,225235.64,223517.418
bamboo-01919,strict,10,,0,0,1.0,0.147,0.147
bamboo-01920,oversize-floor,,,0,0,0.0,916.699,537.193
bamboo-01921,oversize-floor,,,0,0,0.0,8385.803,8381.903
bamboo-01922,leftover,,,1,0,0.0,71.181,44.776
bamboo-01923,leftover,,,1,0,0.0,100.508,53.905
bamboo-01924,strict,54,,0,0,1.0,9.801,3.0
bamboo-01925,leftover,,,0,0,0.0,21.922,13.07
bamboo-01926,strict,10,,0,0,1.0,2.608,1.808
bamboo-01927,oversize-floor,,,0,0,0.0,319.135,155.0
bamboo-01928,strict,22,,0,0,1.0,1.028,0.605
bamboo-01929,leftover,,,0,0,0.0,48.8,3.0
bamboo-01930,leftover,,,10,0,0.0,103.097,56.097
bamboo-01931,strict,45,,3,3,1.0,5.0,3.0
bamboo-01932,strict,48,,0,0,1.0,5.82,2.771
bamboo-01933,oversize-floor,,,5,0,0.0,441.992,326.0
bamboo-01934,oversize-floor,,,0,0,0.0,1750.843,904.441
bamboo-01935,leftover,,,2,0,0.0,33.256,33.053
bamboo-01936,oversize-floor,,,0,0,0.0,346.192,326.0
bamboo-01937,strict,6,,0,0,1.0,0.8,0.8
bamboo-01938,strict,36,,3,3,1.0,14.102,4.912
bamboo-01939,oversize-floor,,,0,0,0.0,448.912,230.951
bamboo-01940,strict,14,,0,0,1.0,30.449,25.0
bamboo-01941,leftover,,,0,0,0.0,111.281,70.699
bamboo-01942,leftover,,,0,0,0.0,42.607,38.759
bamboo-01943,leftover,,,0,0,0.0,76.081,35.355
bamboo-01944,oversize-floor,,,0,0,0.0,349.926,155.0
bamboo-01945,leftover,,,0,0,0.0,13.7,3.0
bamboo-01946,oversize-floor,,,0,0,0.0,544.635,284.0
bamboo-01947,strict,27,,0,0,1.0,1.6,0.8
bamboo-01948,leftover,,,2,0,0.0,51.562,36.215
bamboo-01949,strict,15,,9,9,1.0,6.745,3.725
bamboo-01950,strict,58,,0,0,1.0,8.935,0.8
bamboo-01951,leftover,,,0,0,0.0,72.515,36.366
bamboo-01952,oversize-floor,,,7,0,0.0,155.581,155.0
bamboo-01953,leftover,,,8,0,0.0,34.156,14.748
bamboo-01954,leftover,,,7,0,0.0,93.902,25.0
bamboo-01955,oversize-floor,,,0,0,0.0,218.321,155.0
bamboo-01956,leftover,,,0,0,0.0,97.443,53.948
bamboo-01957,leftover,,,4,0,0.0,29.218,21.719
bamboo-01958,oversize-floor,,,9,0,0.0,1206.416,792.326
bamboo-01959,strict,56,,5,5,1.0,8.064,3.0
bamboo-01960,leftover,,,8,0,0.0,38.616,22.0
bamboo-01961,leftover,,,0,0,0.0,125.596,76.63
bamboo-01962,oversize-floor,,,10,0,0.0,156.325,155.0
bamboo-01963,strict,47,,4,4,1.0,5.643,4.843
bamboo-01964,leftover,,,8,0,0.0,133.1,25.0
bamboo-01965,leftover,,,8,0,0.0,19.485,12.922
bamboo-01966,leftover,,,2,0,0.0,34.337,32.737
bamboo-01967,strict,27,,5,5,1.0,1.6,0.8
bamboo-01968,leftover,,,2,0,0.0,41.353,39.753
bamboo-01969,leftover,,,2,0,0.0,120.872,25.347
bamboo-01970,leftover,,,10,0,0.0,133.965,133.863
bamboo-01971,leftover,,,2,0,0.0,144.612,25.0
bamboo-01972,leftover,,,0,0,0.0,76.713,32.857
bamboo-01973,oversize-floor,,,3,0,0.0,1215.272,1210.719
bamboo-01974,oversize-floor,,,3,0,0.0,7256.56,7207.76
bamboo-01975,oversize-floor,,41,4,3,0.75,169.62,155.0
bamboo-01976,leftover,,,0,0,0.0,124.439,91.053
bamboo-01977,leftover,,,0,0,0.0,140.573,121.291
bamboo-01978,strict,57,,1,1,1.0,8.4,3.0
bamboo-01979,leftover,,,6,0,0.0,93.062,57.187
bamboo-01980,leftover,,,3,0,0.0,94.419,83.819
bamboo-01981,strict,13,,0,0,1.0,15.185,12.945
bamboo-01982,strict,35,,0,0,1.0,74.354,45.085
bamboo-01983,leftover,,,1,0,0.0,40.066,15.541
bamboo-01984,leftover,,,1,0,0.0,23.118,14.638
bamboo-01985,oversize-floor,,,8,0,0.0,271.882,155.0
bamboo-01986,oversize-total,,,3,0,0.0,173.664,89.449
bamboo-01987,strict,5,,0,0,1.0,30.487,21.719
bamboo-01988,oversize-floor,,,6,0,0.0,10632.708,8381.903
bamboo-01989,leftover,,,4,0,0.0,10.6,3.0
bamboo-01990,leftover,,7,6,1,0.167,13.865,5.6
bamboo-01991,strict,44,,0,0,1.0,4.643,1.958
bamboo-01992,strict,41,,3,3,1.0,3.9,3.0
bamboo-01993,strict,10,,4,4,1.0,0.8,0.8
bamboo-01994,strict,37,,6,6,1.0,28.0,25.0
bamboo-01995,oversize-floor,,,0,0,0.0,223579.756,223517.418
bamboo-01996,strict,15,,5,5,1.0,0.8,0.8
bamboo-01997,leftover,,,6,0,0.0,23.201,8.468
bamboo-01998,strict,1,,0,0,1.0,0.0,0.0
bamboo-01999,leftover,,,6,0,0.0,14.624,5.122
bamboo-02000,leftover,,,0,0,0.0,22.831,7.788
bamboo-02001,leftover,,,0,0,0.0,23.8,23.8
bamboo-02002,oversize-floor,,,3,0,0.0,182.936,155.0
bamboo-02003,oversize-floor,,,12,0,0.0,195.662,155.0
bamboo-02004,leftover,,,6,0,0.0,72.891,33.108
bamboo-02005,oversize-floor,,5,6,4,0.667,184.0,155.0
bamboo-02006,oversize-floor,,1,5,3,0.6,164.332,155.0
bamboo-02007,oversize-floor,,,4,0,0.0,326.8,326.0
bamboo-02008,oversize-floor,,1,6,4,0.667,155.332,155.0
bamboo-02009,leftover,,,8,0,0.0,33.023,17.378
bamboo-02010,strict,36,,3,3,1.0,5.553,4.912
bamboo-02011,oversize-floor,,,2,0,0.0,475.627,155.0
bamboo-02012,oversize-floor,,,4,0,0.0,19395.987,19299.417
bamboo-02013,oversize-floor,,,3,0,0.0,320.0,155.0
bamboo-02014,strict,56,,2,2,1.0,7.78,3.0
bamboo-02015,oversize-total,,,3,0,0.0,197.582,66.646
bamboo-02016,leftover,,,0,0,0.0,29.615,17.447
bamboo-02017,leftover,,,5,0,0.0,19.21,13.157
bamboo-02018,leftover,,,4,0,0.0,20.103,13.97
bamboo-02019,leftover,,,0,0,0.0,34.51,34.51
bamboo-02020,oversize-floor,,,5,0,0.0,3310.005,1060.317
bamboo-02021,leftover,,20,4,1,0.25,30.404,17.378
bamboo-02022,oversize-floor,,,0,0,0.0,206.717,180.0
bamboo-02023,oversize-floor,,,5,0,0.0,190.459,155.0
bamboo-02024,strict,38,,6,6,1.0,3.389,1.789
bamboo-02025,leftover,,,6,0,0.0,22.746,19.544
bamboo-02026,oversize-floor,,,22,0,0.0,1714.854,1300.0
bamboo-02027,strict,43,,0,0,1.0,4.6,3.0
bamboo-02028,oversize-floor,,,0,0,0.0,2821.14,2807.936
bamboo-02029,strict,43,,3,3,1.0,4.497,1.579
bamboo-02030,leftover,,,0,0,0.0,75.718,69.718
bamboo-02031,strict,47,,2,2,1.0,5.4,3.0
bamboo-02032,leftover,,,10,0,0.0,128.715,83.819
bamboo-02033,strict,43,,0,0,1.0,5.4,3.0
bamboo-02034,leftover,,,0,0,0.0,17.083,3.0
bamboo-02035,leftover,,,0,0,0.0,121.279,21.637
bamboo-02036,oversize-floor,,,4,0,0.0,461.972,180.0
bamboo-02037,oversize-floor,,,5,0,0.0,1141.436,981.64
bamboo-02038,oversize-floor,,,0,0,0.0,158.106,155.0
bamboo-02039,oversize-floor,,,0,0,0.0,1234.375,1210.719
bamboo-02040,leftover,,,4,0,0.0,24.538,15.042
bamboo-02041,leftover,,,2,0,0.0,34.676,17.384
bamboo-02042,leftover,,,0,0,0.0,95.799,25.42
bamboo-02043,oversize-floor,,,7,0,0.0,229.805,155.0
bamboo-02044,oversize-total,,,5,0,0.0,155.269,136.311
bamboo-02045,oversize-total,,,7,0,0.0,150.675,72.43
bamboo-02046,oversize-floor,,,4,0,0.0,10967.264,9313.226
bamboo-02047,oversize-floor,,,3,0,0.0,181.687,155.0
bamboo-02048,strict,49,,0,0,1.0,6.2,3.0
bamboo-02049,oversize-floor,,,0,0,0.0,1979.948,1193.069
bamboo-02050,oversize-floor,,,0,0,0.0,1212.159,1210.719
bamboo-02051,oversize-total,,,0,0,0.0,260.846,132.833
bamboo-02052,leftover,,,0,0,0.0,10.696,3.0
bamboo-02053,strict,37,,2,2,1.0,106.278,41.736
bamboo-02054,leftover,,,0,0,0.0,89.496,25.0
bamboo-02055,oversize-floor,,,4,0,0.0,1863.887,1862.645
bamboo-02056,leftover,,,4,0,0.0,30.94,17.271
bamboo-02057,leftover,,,3,0,0.0,32.019,13.157
bamboo-02058,oversize-floor,,,4,0,0.0,332.575,208.708
bamboo-02059,strict,53,,5,5,1.0,7.079,3.0
bamboo-02060,leftover,,,4,0,0.0,127.281,52.995
bamboo-02061,oversize-floor,,,4,0,0.0,332.154,326.0
bamboo-02062,leftover,,,6,0,0.0,124.65,53.905
bamboo-02063,oversize-floor,,,4,0,0.0,327.432,208.708
bamboo-02064,leftover,,,0,0,0.0,109.182,37.253
bamboo-02065,leftover,,,0,0,0.0,10.696,3.491
bamboo-02066,oversize-floor,,,5,0,0.0,995.675,599.177
bamboo-02067,oversize-total,,,6,0,0.0,227.007,130.4
bamboo-02068,oversize-floor,,,0,0,0.0,1788.262,1030.745
bamboo-02069,leftover,,34,7,2,0.286,29.84,24.214
bamboo-02070,oversize-total,,,4,0,0.0,179.12,136.207
bamboo-02071,leftover,,,2,0,0.0,36.54,29.782
bamboo-02072,strict,37,,2,2,1.0,3.166,3.0
bamboo-02073,oversize-total,,2,4,1,0.25,260.308,125.95
bamboo-02074,strict,17,,0,0,1.0,0.8,0.8
bamboo-02075,strict,23,,8,8,1.0,1.222,0.951
bamboo-02076,strict,52,,0,0,1.0,7.205,4.005
bamboo-02077,leftover,,,2,0,0.0,60.95,13.982
bamboo-02078,leftover,,,3,0,0.0,57.015,54.615
bamboo-02079,oversize-floor,,,1,0,0.0,158.882,155.0
bamboo-02080,leftover,,,2,0,0.0,17.169,12.551
bamboo-02081,oversize-floor,,,3,0,0.0,422.635,292.721
bamboo-02082,leftover,,,0,0,0.0,27.958,14.9
bamboo-02083,strict,1,,0,0,1.0,0.0,0.0
bamboo-02084,leftover,,,3,0,0.0,76.459,46.566
bamboo-02085,strict,20,,0,0,1.0,0.8,0.8
bamboo-02086,strict,31,,4,4,1.0,1.624,0.824
bamboo-02087,strict,1,,0,0,1.0,0.0,0.0
bamboo-02088,oversize-floor,,,1,0,0.0,1418.047,1396.984
bamboo-02089,strict,41,,3,3,1.0,3.904,3.0
bamboo-02090,strict,45,,4,4,1.0,8.354,2.0
bamboo-02091,oversize-floor,,,0,0,0.0,9607.707,9313.226
bamboo-02092,oversize-floor,,,3,0,0.0,672.54,155.0
bamboo-02093,strict,33,,4,4,1.0,2.4,0.8
bamboo-02094,leftover,,,1,0,0.0,67.951,29.871
bamboo-02095,oversize-floor,,,2,0,0.0,7212.36,7207.76
bamboo-02096,oversize-floor,,,2,0,0.0,651.271,621.518
bamboo-02097,oversize-floor,,1,1,1,1.0,213.82,155.0
bamboo-02098,strict,29,,8,8,1.0,139.388,136.729
bamboo-02099,strict,5,,1,1,1.0,4.763,4.763
bamboo-02100,strict,5,,4,4,1.0,29.0,25.0
bamboo-02101,oversize-floor,,,0,0,0.0,161.916,155.0
bamboo-02102,leftover,,,0,0,0.0,99.665,69.849
bamboo-02103,strict,10,,5,5,1.0,0.79,0.559
bamboo-02104,oversize-total,,,4,0,0.0,171.098,130.4
bamboo-02105,leftover,,4,6,2,0.333,88.256,17.214
bamboo-02106,leftover,,,7,0,0.0,55.873,48.794
bamboo-02107,oversize-floor,,1,3,1,0.333,1444.781,368.102
bamboo-02108,oversize-floor,,,4,0,0.0,1046.73,763.232
bamboo-02109,leftover,,,6,0,0.0,27.232,13.192
bamboo-02110,oversize-floor,,,8,0,0.0,256.809,155.0
bamboo-02111,strict,1,,0,0,1.0,0.0,0.0
bamboo-02112,strict,1,,0,0,1.0,0.0,0.0
bamboo-02113,strict,3,,6,6,1.0,0.576,0.195
bamboo-02114,strict,34,,5,5,1.0,3.218,2.515
bamboo-02115,strict,32,,0,0,1.0,2.4,0.8
bamboo-02116,oversize-floor,,,0,0,0.0,718.011,289.457
bamboo-02117,oversize-floor,,,2,0,0.0,159.918,155.0
bamboo-02118,leftover,,,4,0,0.0,46.067,31.554
bamboo-02119,strict,4,,0,0,1.0,40.166,40.0
bamboo-02120,oversize-floor,,,2,0,0.0,727.597,357.794
bamboo-02121,oversize-floor,,,1,0,0.0,12448.163,12313.249
bamboo-02122,oversize-floor,,,1,0,0.0,155.571,155.0
bamboo-02123,strict,3,,0,0,1.0,0.8,0.8
bamboo-02124,oversize-floor,,,0,0,0.0,492.573,284.0
bamboo-02125,oversize-floor,,,2,0,0.0,5474.911,4656.613
bamboo-02126,strict,41,,1,1,1.0,3.914,0.8
bamboo-02127,leftover,,,1,0,0.0,12.0,3.0
bamboo-02128,strict,35,,2,2,1.0,35.407,29.802
bamboo-02129,strict,1,,4,4,1.0,0.228,0.168
bamboo-02130,oversize-floor,,,6,0,0.0,331.24,289.457
bamboo-02131,oversize-floor,,,3,0,0.0,157.742,155.0
bamboo-02132,leftover,,,3,0,0.0,87.601,24.2
bamboo-02133,strict,5,,3,3,1.0,1.707,0.8
bamboo-02134,strict,10,,2,2,1.0,1.6,0.8
bamboo-02135,oversize-floor,,1,4,2,0.5,160.022,155.0
bamboo-02136,oversize-total,,,11,0,0.0,382.133,55.105
bamboo-02137,strict,2,,0,0,1.0,0.543,0.466
bamboo-02138,leftover,,,9,0,0.0,53.121,25.0
bamboo-02139,oversize-floor,,1,8,4,0.5,1205.299,931.323
bamboo-02140,strict,1,,6,6,1.0,0.113,0.093
bamboo-02141,leftover,,,4,0,0.0,79.178,78.378
bamboo-02142,oversize-floor,,,5,0,0.0,790.36,262.852
bamboo-02143,strict,27,,1,1,1.0,16.431,14.9
bamboo-02144,strict,6,,1,1,1.0,0.075,0.049
bamboo-02145,strict,10,,0,0,1.0,0.2,0.1
bamboo-02146,oversize-total,,,0,0,0.0,160.804,130.4
bamboo-02147,strict,10,,5,5,1.0,7.749,5.286
bamboo-02148,strict,1,,1,1,1.0,0.582,0.25
bamboo-02149,leftover,,,0,0,0.0,27.772,14.9
bamboo-02150,strict,1,,0,0,1.0,3.832,3.5
bamboo-02151,oversize-floor,,,8,0,0.0,1705.912,1210.719
bamboo-02152,leftover,,2,3,1,0.333,14.6,13.0
bamboo-02153,strict,31,,5,5,1.0,1.607,0.8
bamboo-02154,leftover,,,2,0,0.0,136.25,65.157
bamboo-02155,oversize-floor,,,3,0,0.0,655.441,262.852
bamboo-02156,leftover,,1,5,1,0.2,62.854,25.103
bamboo-02157,leftover,,,2,0,0.0,26.383,23.283
bamboo-02158,leftover,,,2,0,0.0,111.079,72.591
bamboo-02159,strict,5,,3,3,1.0,29.852,25.0
bamboo-02160,strict,13,,6,6,1.0,0.576,0.369
bamboo-02161,strict,16,,0,0,1.0,0.8,0.8
bamboo-02162,leftover,,,7,0,0.0,32.134,31.334
bamboo-02163,strict,9,,1,1,1.0,0.1,0.1
bamboo-02164,strict,2,,0,0,1.0,11.441,10.641
bamboo-02165,strict,22,,1,1,1.0,0.822,0.8
bamboo-02166,leftover,,,1,0,0.0,65.944,15.444
bamboo-02167,leftover,,,2,0,0.0,15.496,15.496
bamboo-02168,oversize-total,,2,6,6,1.0,193.447,130.4
bamboo-02169,oversize-floor,,1,5,1,0.2,201.49,155.0
bamboo-02170,leftover,,,7,0,0.0,46.689,17.214
bamboo-02171,strict,1,,1,1,1.0,0.049,0.049
bamboo-02172,strict,56,,6,6,1.0,8.062,4.861
bamboo-02173,strict,59,,9,9,1.0,9.334,3.0
bamboo-02174,oversize-floor,,,0,0,0.0,284.0,284.0
bamboo-02175,strict,1,,0,0,1.0,0.0,0.0
bamboo-02176,oversize-total,,,0,0,0.0,375.882,135.426
bamboo-02177,oversize-floor,,7,5,2,0.4,192.387,155.0
bamboo-02178,oversize-total,,,6,0,0.0,183.576,130.4
bamboo-02179,oversize-floor,,,5,0,0.0,519.442,177.4
bamboo-02180,strict,17,,0,0,1.0,0.8,0.8
bamboo-02181,oversize-total,,,6,0,0.0,880.406,134.647
bamboo-02182,leftover,,,5,0,0.0,41.531,36.498
bamboo-02183,strict,2,,6,6,1.0,0.303,0.195
bamboo-02184,strict,4,,7,7,1.0,14.961,14.9
bamboo-02185,oversize-floor,,,8,0,0.0,187.474,155.0
bamboo-02186,oversize-floor,,,2,0,0.0,273403.906,223517.418
bamboo-02187,strict,2,,6,6,1.0,29.464,14.9
bamboo-02188,strict,10,,5,5,1.0,4.145,4.101
bamboo-02189,leftover,,2,7,2,0.286,21.582,18.626
bamboo-02190,oversize-floor,,30,5,4,0.8,387.358,256.958
bamboo-02191,strict,17,,6,6,1.0,0.8,0.8
bamboo-02192,leftover,,,6,0,0.0,56.305,28.764
bamboo-02193,strict,1,,5,5,1.0,3.832,3.5
bamboo-02194,leftover,,,5,0,0.0,48.398,14.9
bamboo-02195,strict,16,,0,0,1.0,0.8,0.8
bamboo-02196,leftover,,,5,0,0.0,53.87,13.97
bamboo-02197,leftover,,,6,0,0.0,114.959,83.819
bamboo-02198,oversize-total,,,5,0,0.0,289.051,128.5
bamboo-02199,oversize-floor,,,8,0,0.0,917.42,256.958
bamboo-02200,strict,1,,6,6,1.0,0.602,0.25
bamboo-02201,leftover,,,0,0,0.0,49.938,39.599
bamboo-02202,oversize-floor,,,0,0,0.0,7878.788,6701.898
bamboo-02203,leftover,,,5,0,0.0,37.6,24.2
bamboo-02204,oversize-total,,,3,0,0.0,207.468,28.359
bamboo-02205,oversize-floor,,2,3,1,0.333,167.766,155.0
bamboo-02206,oversize-floor,,,0,0,0.0,312.31,312.31
bamboo-02207,oversize-floor,,,2,0,0.0,667.483,261.927
bamboo-02208,strict,10,,0,0,1.0,0.22,0.1
bamboo-02209,leftover,,,1,0,0.0,68.894,26.978
bamboo-02210,oversize-floor,,,4,0,0.0,12750.283,9313.226
bamboo-02211,oversize-floor,,,1,0,0.0,51057.473,51048.155
bamboo-02212,strict,40,,4,4,1.0,3.8,3.0
bamboo-02213,oversize-floor,,,2,0,0.0,165.335,155.0
bamboo-02214,oversize-floor,,,3,0,0.0,417.544,262.852
bamboo-02215,leftover,,,3,0,0.0,59.997,40.0
bamboo-02216,leftover,,,3,0,0.0,48.248,14.901
bamboo-02217,leftover,,,1,0,0.0,121.708,65.157
bamboo-02218,strict,25,,1,1,1.0,1.6,0.8
bamboo-02219,strict,51,,4,4,1.0,6.8,3.0
bamboo-02220,oversize-floor,,,2,0,0.0,737.199,737.199
bamboo-02221,leftover,,,4,0,0.0,39.974,15.0
bamboo-02222,strict,10,,1,1,1.0,5.4,3.0
bamboo-02223,oversize-floor,,,2,0,0.0,179.525,155.0
bamboo-02224,strict,1,,0,0,1.0,0.0,0.0
bamboo-02225,strict,22,,1,1,1.0,84.746,26.978
bamboo-02226,leftover,,,1,0,0.0,103.792,42.348
bamboo-02227,strict,41,,1,1,1.0,4.0,0.8
bamboo-02228,strict,49,,0,0,1.0,6.087,0.8
bamboo-02229,strict,25,,0,0,1.0,1.6,0.8
bamboo-02230,strict,46,,0,0,1.0,5.061,3.461
bamboo-02231,oversize-floor,,,0,0,0.0,161.682,155.0
bamboo-02232,leftover,,,0,0,0.0,19.81,14.9
bamboo-02233,oversize-total,,,4,0,0.0,157.368,130.4
bamboo-02234,strict,56,,0,0,1.0,8.009,3.0
bamboo-02235,strict,34,,1,1,1.0,2.74,1.879
bamboo-02236,leftover,,,1,0,0.0,70.864,27.511
bamboo-02237,strict,33,,7,7,1.0,2.4,0.8
bamboo-02238,leftover,,,5,0,0.0,93.442,45.627
bamboo-02239,oversize-floor,,1,6,2,0.333,156.932,155.0
bamboo-02240,strict,36,,5,5,1.0,3.0,3.0
bamboo-02241,leftover,,11,6,4,0.667,53.743,14.9
bamboo-02242,oversize-floor,,1,7,1,0.143,156.873,155.0
bamboo-02243,leftover,,,5,0,0.0,23.538,13.039
bamboo-02244,strict,18,,5,5,1.0,0.8,0.8
bamboo-02245,strict,17,,4,4,1.0,54.615,54.615
bamboo-02246,strict,46,,5,5,1.0,5.88,3.461
bamboo-02247,strict,6,,3,3,1.0,64.7,24.2
bamboo-02248,leftover,,,5,0,0.0,42.869,24.214
bamboo-02249,strict,43,,6,6,1.0,4.6,3.0
bamboo-02250,leftover,,,0,0,0.0,146.167,105.0
bamboo-02251,leftover,,,3,0,0.0,75.034,25.0
bamboo-02252,oversize-floor,,1,4,4,1.0,159.766,155.0
bamboo-02253,leftover,,,6,0,0.0,33.607,13.244
bamboo-02254,oversize-floor,,4,5,1,0.2,1124.07,800.0
bamboo-02255,strict,18,,4,4,1.0,0.8,0.8
bamboo-02256,leftover,,,0,0,0.0,58.673,50.0
bamboo-02257,strict,13,,4,4,1.0,9.026,3.132
bamboo-02258,strict,9,,2,2,1.0,0.1,0.1
bamboo-02259,oversize-floor,,,6,0,0.0,2207.075,2143.607
bamboo-02260,strict,60,,5,5,1.0,28.3,14.9
bamboo-02261,oversize-floor,,,0,0,0.0,287.152,193.363
bamboo-02262,strict,24,,5,5,1.0,1.6,0.8
bamboo-02263,leftover,,,4,0,0.0,15.003,6.398
bamboo-02264,leftover,,4,5,1,0.2,29.106,14.9
bamboo-02265,oversize-total,,,2,0,0.0,340.685,130.4
bamboo-02266,leftover,,2,2,1,0.5,137.193,47.715
bamboo-02267,oversize-total,,2,5,1,0.2,178.347,128.5
bamboo-02268,oversize-total,,,1,0,0.0,161.345,142.05
bamboo-02269,oversize-floor,,,5,0,0.0,209.272,155.0
bamboo-02270,strict,1,,0,0,1.0,0.0,0.0
bamboo-02271,leftover,,22,5,1,0.2,16.55,14.9
bamboo-02272,strict,1,,0,0,1.0,0.0,0.0
bamboo-02273,oversize-total,,,5,0,0.0,160.351,120.878
bamboo-02274,leftover,,,3,0,0.0,113.353,24.2
bamboo-02275,leftover,,,4,0,0.0,55.341,14.9
bamboo-02276,leftover,,,3,0,0.0,22.197,14.901
bamboo-02277,strict,6,,4,4,1.0,37.775,24.2
bamboo-02278,leftover,,,0,0,0.0,11.527,3.0
bamboo-02279,leftover,,,4,0,0.0,50.299,25.103
bamboo-02280,oversize-floor,,,1,0,0.0,155.211,155.0
bamboo-02281,strict,1,,0,0,1.0,0.0,0.0
bamboo-02282,strict,10,,3,3,1.0,4.901,4.101
bamboo-02283,oversize-total,,,4,0,0.0,188.03,139.698
bamboo-02284,strict,6,,0,0,1.0,22.4,14.9
bamboo-02285,strict,1,,0,0,1.0,0.0,0.0
bamboo-02286,strict,17,,3,3,1.0,0.8,0.8
bamboo-02287,strict,16,,3,3,1.0,0.8,0.8
bamboo-02288,strict,33,,5,5,1.0,2.4,0.8
bamboo-02289,leftover,,22,4,1,0.25,146.181,130.4
bamboo-02290,leftover,,2,4,3,0.75,149.9,135.0
bamboo-02291,strict,13,,5,5,1.0,0.458,0.186
bamboo-02292,oversize-floor,,,5,0,0.0,363.988,301.718
bamboo-02293,strict,2,,4,4,1.0,1.211,1.211
bamboo-02294,strict,5,,5,5,1.0,0.8,0.8
bamboo-02295,strict,1,,0,0,1.0,0.0,0.0
bamboo-02296,strict,50,,4,4,1.0,6.477,3.477
bamboo-02297,leftover,,,4,0,0.0,9.988,3.0
bamboo-02298,leftover,,,4,0,0.0,57.207,25.783
bamboo-02299,strict,20,,4,4,1.0,0.801,0.8
bamboo-02300,strict,8,,5,5,1.0,15.7,14.9
bamboo-02301,strict,38,,5,5,1.0,4.4,3.0
bamboo-02302,oversize-floor,,,5,0,0.0,439.983,420.036
bamboo-02303,leftover,,,7,0,0.0,37.027,20.0
bamboo-02304,leftover,,,1,0,0.0,115.844,82.966
bamboo-02305,leftover,,15,6,5,0.833,49.627,23.283
bamboo-02306,leftover,,31,5,2,0.4,40.577,23.283
bamboo-02307,strict,34,,6,6,1.0,3.05,1.706
bamboo-02308,oversize-floor,,,5,0,0.0,838.598,838.19
bamboo-02309,oversize-floor,,,6,0,0.0,439.106,439.106
bamboo-02310,strict,4,,0,0,1.0,0.018,0.018
bamboo-02311,leftover,,,1,0,0.0,20.42,10.21
bamboo-02312,oversize-floor,,,1,0,0.0,1423.678,800.0
bamboo-02313,strict,1,,5,5,1.0,4.047,3.5
bamboo-02314,strict,31,,4,4,1.0,1.7,1.7
bamboo-02315,oversize-floor,,,0,0,0.0,212.801,155.0
bamboo-02316,oversize-total,,,0,0,0.0,181.807,128.5
bamboo-02317,strict,52,,4,4,1.0,7.0,7.0
bamboo-02318,strict,1,,5,5,1.0,0.381,0.215
bamboo-02319,leftover,,,0,0,0.0,26.25,21.719
bamboo-02320,strict,22,,3,3,1.0,0.829,0.8
bamboo-02321,strict,10,,1,1,1.0,0.124,0.124
bamboo-02322,strict,39,,4,4,1.0,3.612,1.863
bamboo-02323,strict,22,,1,1,1.0,0.991,0.8
bamboo-02324,strict,14,,5,5,1.0,2.281,0.8
bamboo-02325,strict,48,,3,3,1.0,5.855,1.741
bamboo-02326,leftover,,,1,0,0.0,145.568,130.4
bamboo-02327,strict,1,,0,0,1.0,0.0,0.0
bamboo-02328,oversize-floor,,,1,0,0.0,529.012,525.658
bamboo-02329,strict,50,,1,1,1.0,6.2,3.0
bamboo-02330,leftover,,2,4,4,1.0,13.641,10.641
bamboo-02331,leftover,,,5,0,0.0,30.723,23.283
bamboo-02332,strict,1,,0,0,1.0,0.0,0.0
bamboo-02333,oversize-total,,,5,0,0.0,280.783,149.005
bamboo-02334,strict,1,,6,6,1.0,0.602,0.25
bamboo-02335,strict,59,,1,1,1.0,9.05,3.0
bamboo-02336,leftover,,7,4,1,0.25,62.992,33.266
bamboo-02337,strict,2,,4,4,1.0,14.9,14.9
bamboo-02338,leftover,,,5,0,0.0,10.336,4.528
bamboo-02339,oversize-floor,,,4,0,0.0,201.045,155.0
bamboo-02340,strict,18,,4,4,1.0,0.8,0.8
bamboo-02341,strict,1,,0,0,1.0,0.0,0.0
bamboo-02342,leftover,,,6,0,0.0,148.868,25.0
bamboo-02343,leftover,,4,4,1,0.25,29.535,24.2
bamboo-02344,strict,4,,3,3,1.0,3.473,3.227
bamboo-02345,leftover,,3,8,1,0.125,70.778,25.0
bamboo-02346,leftover,,,6,0,0.0,58.318,25.0
bamboo-02347,leftover,,,0,0,0.0,101.439,25.104
bamboo-02348,leftover,,,6,0,0.0,79.467,73.96
bamboo-02349,oversize-floor,,1,4,1,0.25,155.166,155.0
bamboo-02350,leftover,,3,6,2,0.333,34.0,25.0
bamboo-02351,strict,22,,0,0,1.0,0.935,0.466
bamboo-02352,leftover,,,0,0,0.0,71.967,39.547
bamboo-02353,leftover,,,2,0,0.0,22.818,14.418
bamboo-02354,leftover,,,6,0,0.0,147.162,130.4
bamboo-02355,oversize-floor,,1,4,1,0.25,155.582,155.0
bamboo-02356,leftover,,,1,0,0.0,41.289,26.389
bamboo-02357,oversize-floor,,,1,0,0.0,177.4,177.4
bamboo-02358,oversize-floor,,,1,0,0.0,5456.922,4656.613
bamboo-02359,strict,13,,2,2,1.0,0.605,0.605
bamboo-02360,leftover,,,6,0,0.0,22.619,21.719
bamboo-02361,strict,22,,0,0,1.0,4.49,3.5
bamboo-02362,strict,45,,0,0,1.0,9.32,3.0
bamboo-02363,oversize-floor,,1,7,3,0.429,316.15,155.0
bamboo-02364,strict,2,,5,5,1.0,28.803,14.9
bamboo-02365,leftover,,,7,0,0.0,11.999,10.313
bamboo-02366,oversize-floor,,,0,0,0.0,703.449,640.484
bamboo-02367,leftover,,6,5,1,0.2,29.351,12.6
bamboo-02368,strict,48,,3,3,1.0,5.996,5.996
bamboo-02369,oversize-floor,,,0,0,0.0,7767.053,7418.064
bamboo-02370,strict,24,,0,0,1.0,97.329,52.678
bamboo-02371,leftover,,,0,0,0.0,33.103,30.937
bamboo-02372,oversize-total,,,0,0,0.0,150.426,135.426
bamboo-02373,oversize-floor,,3,4,2,0.5,155.195,155.0
bamboo-02374,leftover,,,6,0,0.0,34.976,23.362
bamboo-02375,oversize-total,,,0,0,0.0,213.301,128.5
bamboo-02376,oversize-floor,,,4,0,0.0,516.166,326.0
bamboo-02377,oversize-floor,,3,4,1,0.25,180.0,155.0
bamboo-02378,strict,27,,4,4,1.0,16.5,14.9
bamboo-02379,leftover,,,4,0,0.0,142.155,69.849
bamboo-02380,strict,53,,4,4,1.0,9.351,4.101
bamboo-02381,leftover,,,0,0,0.0,117.261,101.679
bamboo-02382,strict,1,,0,0,1.0,0.0,0.0
bamboo-02383,leftover,,,1,0,0.0,11.11,7.11
bamboo-02384,strict,26,,3,3,1.0,1.6,0.8
bamboo-02385,leftover,,2,3,1,0.333,27.795,14.2
bamboo-02386,oversize-floor,,26,4,3,0.75,760.593,640.484
bamboo-02387,strict,2,,5,5,1.0,10.641,10.641
bamboo-02388,leftover,,,6,0,0.0,122.18,83.819
bamboo-02389,leftover,,,0,0,0.0,70.769,50.0
bamboo-02390,leftover,,,4,0,0.0,54.378,22.344
bamboo-02391,strict,17,,3,3,1.0,48.776,46.899
bamboo-02392,leftover,,1,2,1,0.5,23.195,7.11
bamboo-02393,oversize-floor,,,0,0,0.0,171.805,155.0
bamboo-02394,strict,39,,5,5,1.0,5.165,3.0
bamboo-02395,leftover,,,11,0,0.0,117.673,28.878
bamboo-02396,leftover,,,4,0,0.0,35.88,17.05
bamboo-02397,strict,4,,9,9,1.0,0.033,0.033
bamboo-02398,strict,4,,0,0,1.0,45.855,40.0
bamboo-02399,strict,39,,0,0,1.0,3.8,3.0
bamboo-02400,strict,31,,12,12,1.0,2.55,0.8
bamboo-02401,strict,41,,9,9,1.0,4.0,0.8
bamboo-02402,oversize-floor,,,8,0,0.0,209.39,186.265
bamboo-02403,strict,33,,6,6,1.0,2.493,0.8
bamboo-02404,strict,54,,0,0,1.0,7.6,3.0
bamboo-02405,strict,1,,2,2,1.0,0.166,0.166
bamboo-02406,oversize-floor,,,7,0,0.0,316.543,218.029
bamboo-02407,oversize-floor,,,0,0,0.0,197.536,155.0
bamboo-02408,strict,13,,6,6,1.0,0.444,0.444
bamboo-02409,leftover,,,8,0,0.0,43.524,21.542
bamboo-02410,oversize-total,,,5,0,0.0,190.048,117.864
bamboo-02411,strict,8,,2,2,1.0,55.167,14.9
bamboo-02412,oversize-floor,,,5,0,0.0,190.872,155.0
bamboo-02413,strict,1,,4,4,1.0,0.001,0.001
bamboo-02414,strict,1,,0,0,1.0,0.0,0.0
bamboo-02415,oversize-floor,,,4,0,0.0,170.332,155.0
bamboo-02416,oversize-floor,,,4,0,0.0,7320.935,6519.258
bamboo-02417,oversize-floor,,,0,0,0.0,2522.275,1656.291
bamboo-02418,leftover,,,2,0,0.0,94.091,48.488
bamboo-02419,strict,5,,1,1,1.0,0.055,0.055
bamboo-02420,oversize-floor,,,3,0,0.0,239.518,155.0
bamboo-02421,leftover,,,4,0,0.0,65.707,65.707
bamboo-02422,leftover,,,5,0,0.0,30.813,11.27
bamboo-02423,strict,1,,0,0,1.0,0.0,0.0
bamboo-02424,strict,45,,4,4,1.0,28.369,13.503
bamboo-02425,strict,1,,0,0,1.0,0.0,0.0
bamboo-02426,strict,1,,0,0,1.0,0.0,0.0
bamboo-02427,oversize-floor,,,29,0,0.0,640.869,326.0
bamboo-02428,strict,4,,4,4,1.0,3.176,2.98
bamboo-02429,oversize-total,,,5,0,0.0,159.929,130.4
bamboo-02430,oversize-total,,,10,0,0.0,166.725,130.4
bamboo-02431,leftover,,,9,0,0.0,61.517,57.187
bamboo-02432,oversize-floor,,45,12,4,0.333,200.967,155.0
bamboo-02433,oversize-total,,6,10,8,0.8,340.404,128.5
bamboo-02434,strict,2,,5,5,1.0,1.211,1.211
bamboo-02435,oversize-total,,,0,0,0.0,180.973,24.89
bamboo-02436,leftover,,,5,0,0.0,80.105,15.641
bamboo-02437,leftover,,5,8,2,0.25,47.463,36.199
bamboo-02438,strict,18,,5,5,1.0,0.8,0.8
bamboo-02439,strict,17,,3,3,1.0,0.8,0.8
bamboo-02440,strict,26,,5,5,1.0,101.977,101.679
bamboo-02441,strict,59,,6,6,1.0,9.239,3.0
bamboo-02442,oversize-floor,,,5,0,0.0,5434.959,5434.959
bamboo-02443,oversize-floor,,7,5,1,0.2,156.05,155.0
bamboo-02444,strict,20,,4,4,1.0,63.675,20.626
bamboo-02445,leftover,,,5,0,0.0,69.804,25.0
bamboo-02446,strict,50,,4,4,1.0,6.438,4.989
bamboo-02447,leftover,,,2,0,0.0,58.282,24.214
bamboo-02448,leftover,,,6,0,0.0,33.85,20.0
bamboo-02449,leftover,,,6,0,0.0,49.992,17.214
bamboo-02450,leftover,,,0,0,0.0,103.552,83.819
bamboo-02451,strict,23,,4,4,1.0,6.748,4.101
bamboo-02452,strict,1,,0,0,1.0,0.0,0.0
bamboo-02453,strict,39,,1,1,1.0,3.466,3.0
bamboo-02454,leftover,,,4,0,0.0,52.653,47.166
bamboo-02455,leftover,,,2,0,0.0,13.36,12.6
bamboo-02456,oversize-floor,,,1,0,0.0,189.356,155.0
bamboo-02457,strict,26,,11,11,1.0,1.6,0.8
bamboo-02458,leftover,,4,2,1,0.5,58.885,40.0
bamboo-02459,strict,1,,0,0,1.0,0.0,0.0
bamboo-02460,leftover,,,0,0,0.0,126.09,60.559
bamboo-02461,strict,7,,6,6,1.0,0.1,0.1
bamboo-02462,strict,1,,0,0,1.0,0.0,0.0
bamboo-02463,leftover,,,3,0,0.0,56.671,18.738
bamboo-02464,oversize-floor,,,2,0,0.0,178.2,177.4
bamboo-02465,leftover,,,3,0,0.0,32.044,32.044
bamboo-02466,leftover,,,0,0,0.0,104.598,51.32
bamboo-02467,leftover,,,0,0,0.0,21.285,12.6
bamboo-02468,leftover,,,3,0,0.0,15.002,14.901
bamboo-02469,leftover,,,2,0,0.0,108.016,40.0
bamboo-02470,strict,1,,3,3,1.0,0.582,0.25
bamboo-02471,leftover,,,4,0,0.0,61.502,36.328
bamboo-02472,oversize-floor,,,4,0,0.0,3849.3,3786.483
bamboo-02473,oversize-floor,,54,6,2,0.333,334.688,326.0
bamboo-02474,leftover,,,0,0,0.0,145.3,130.4
bamboo-02475,oversize-floor,,,4,0,0.0,161.443,155.0
bamboo-02476,strict,1,,0,0,1.0,0.0,0.0
bamboo-02477,strict,1,,0,0,1.0,0.0,0.0
bamboo-02478,leftover,,,0,0,0.0,16.0,3.0
bamboo-02479,strict,40,,1,1,1.0,3.8,3.0
bamboo-02480,strict,21,,0,0,1.0,68.417,68.221
bamboo-02481,strict,25,,2,2,1.0,1.6,0.8
bamboo-02482,oversize-total,,,0,0,0.0,425.179,131.246
bamboo-02483,oversize-total,,,4,0,0.0,436.936,105.737
bamboo-02484,leftover,,2,5,4,0.8,26.982,14.382
bamboo-02485,oversize-total,,,1,0,0.0,223.18,130.4
bamboo-02486,strict,22,,12,12,1.0,0.905,0.8
bamboo-02487,leftover,,,10,0,0.0,129.3,128.5
bamboo-02488,strict,33,,5,5,1.0,2.4,0.8
bamboo-02489,strict,34,,6,6,1.0,4.005,0.8
bamboo-02490,strict,30,,3,3,1.0,145.3,130.4
bamboo-02491,strict,34,,1,1,1.0,2.648,2.648
bamboo-02492,oversize-floor,,,7,0,0.0,1086.986,428.312
bamboo-02493,strict,1,,0,0,1.0,0.0,0.0
bamboo-02494,strict,43,,0,0,1.0,4.6,3.0
bamboo-02495,strict,18,,1,1,1.0,0.8,0.8
bamboo-02496,strict,29,,1,1,1.0,136.729,136.729
bamboo-02497,oversize-floor,,2,6,2,0.333,157.376,155.0
bamboo-02498,leftover,,,5,0,0.0,147.13,130.4
bamboo-02499,leftover,,,4,0,0.0,81.029,50.715
bamboo-02500,oversize-total,,,0,0,0.0,457.783,130.4
bamboo-02501,leftover,,,15,0,0.0,65.599,41.124
bamboo-02502,leftover,,,1,0,0.0,28.744,21.719
bamboo-02503,strict,1,,0,0,1.0,0.235,0.166
bamboo-02504,leftover,,,10,0,0.0,24.234,21.234
bamboo-02505,strict,1,,0,0,1.0,0.995,0.8
bamboo-02506,strict,32,,10,10,1.0,2.4,0.8
bamboo-02507,strict,22,,0,0,1.0,0.823,0.8
bamboo-02508,oversize-total,,,12,0,0.0,177.596,27.135
bamboo-02509,strict,7,,10,10,1.0,5.04,3.353
bamboo-02510,strict,13,,6,6,1.0,9.03,7.0
bamboo-02511,leftover,,,0,0,0.0,21.081,12.6
bamboo-02512,strict,1,,1,1,1.0,1.4,1.4
bamboo-02513,oversize-floor,,1,3,1,0.333,157.411,155.0
bamboo-02514,leftover,,,5,0,0.0,24.014,14.9
bamboo-02515,leftover,,,3,0,0.0,85.073,81.025
bamboo-02516,oversize-floor,,,4,0,0.0,470.019,177.4
bamboo-02517,oversize-floor,,,3,0,0.0,155.416,155.0
bamboo-02518,leftover,,,4,0,0.0,21.275,13.039
bamboo-02519,leftover,,7,4,1,0.25,38.708,13.503
bamboo-02520,strict,8,,4,4,1.0,0.1,0.1
bamboo-02521,leftover,,,4,0,0.0,47.072,15.0
bamboo-02522,oversize-total,,,2,0,0.0,165.3,128.5
bamboo-02523,oversize-floor,,,2,0,0.0,838.19,838.19
bamboo-02524,strict,9,,1,1,1.0,0.1,0.1
bamboo-02525,leftover,,8,3,1,0.333,34.999,17.509
bamboo-02526,strict,40,,2,2,1.0,3.8,3.0
bamboo-02527,oversize-floor,,,6,0,0.0,2684.136,2681.03
bamboo-02528,strict,6,,1,1,1.0,2.828,0.8
bamboo-02529,strict,40,,4,4,1.0,3.8,3.0
bamboo-02530,leftover,,,1,0,0.0,16.975,8.754
bamboo-02531,strict,55,,3,3,1.0,67.387,49.599
bamboo-02532,strict,16,,6,6,1.0,0.8,0.8
bamboo-02533,strict,33,,4,4,1.0,32.533,31.733
bamboo-02534,leftover,,,4,0,0.0,58.788,28.17
bamboo-02535,strict,1,,0,0,1.0,0.0,0.0
bamboo-02536,oversize-floor,,,4,0,0.0,192.575,155.0
bamboo-02537,strict,34,,1,1,1.0,2.685,1.3
bamboo-02538,oversize-total,,,1,0,0.0,922.511,130.4
bamboo-02539,oversize-floor,,,1,0,0.0,284.166,261.944
bamboo-02540,oversize-floor,,,1,0,0.0,224331.349,223517.418
bamboo-02541,oversize-floor,,,1,0,0.0,196.6,155.0
bamboo-02542,strict,1,,1,1,1.0,0.004,0.002
bamboo-02543,leftover,,,1,0,0.0,29.234,15.0
bamboo-02544,leftover,,,0,0,0.0,87.693,35.021
bamboo-02545,leftover,,,2,0,0.0,89.773,22.999
bamboo-02546,oversize-floor,,,2,0,0.0,875.732,640.484
bamboo-02547,leftover,,26,3,2,0.667,111.509,101.679
bamboo-02548,oversize-floor,,,4,0,0.0,157.816,155.0
bamboo-02549,oversize-floor,,,4,0,0.0,405.397,155.0
bamboo-02550,strict,19,,8,8,1.0,0.8,0.8
bamboo-02551,leftover,,,7,0,0.0,27.161,13.361
bamboo-02552,strict,9,,6,6,1.0,1.709,1.252
bamboo-02553,strict,41,,5,5,1.0,4.0,0.8
bamboo-02554,leftover,,13,7,4,0.571,10.756,7.0
bamboo-02555,strict,20,,6,6,1.0,0.802,0.8
bamboo-02556,strict,19,,6,6,1.0,32.193,17.214
bamboo-02557,oversize-floor,,,0,0,0.0,976.0,650.0
bamboo-02558,strict,19,,5,5,1.0,18.063,17.214
bamboo-02559,strict,25,,0,0,1.0,1.6,0.8
bamboo-02560,oversize-floor,,,6,0,0.0,155.258,155.0
bamboo-02561,oversize-floor,,,7,0,0.0,5434.959,5434.959
bamboo-02562,strict,1,,0,0,1.0,0.0,0.0
bamboo-02563,strict,27,,6,6,1.0,1.6,0.8
bamboo-02564,leftover,,,3,0,0.0,34.952,30.352
bamboo-02565,oversize-floor,,,6,0,0.0,1219.119,1210.719
bamboo-02566,oversize-floor,,,7,0,0.0,548.796,540.192
bamboo-02567,leftover,,,5,0,0.0,23.923,14.191
bamboo-02568,oversize-total,,,5,0,0.0,172.264,51.32
bamboo-02569,strict,6,,2,2,1.0,0.1,0.1
bamboo-02570,oversize-floor,,1,6,1,0.167,241.385,155.0
bamboo-02571,strict,1,,0,0,1.0,0.0,0.0
bamboo-02572,strict,1,,0,0,1.0,0.0,0.0
bamboo-02573,strict,1,,6,6,1.0,0.003,0.003
bamboo-02574,leftover,,,10,0,0.0,91.455,77.392
bamboo-02575,leftover,,,12,0,0.0,58.415,54.615
bamboo-02576,oversize-floor,,,11,0,0.0,202.767,173.982
bamboo-02577,strict,1,,0,0,1.0,0.0,0.0
bamboo-02578,leftover,,,10,0,0.0,69.295,66.213
bamboo-02579,strict,1,,8,8,1.0,0.166,0.166
bamboo-02580,leftover,,,1,0,0.0,52.108,29.756
bamboo-02581,strict,46,,1,1,1.0,5.048,4.861
bamboo-02582,oversize-floor,,1,10,7,0.7,159.082,155.0
bamboo-02583,strict,33,,11,11,1.0,39.193,31.733
bamboo-02584,strict,12,,10,10,1.0,7.447,4.712
bamboo-02585,strict,10,,0,0,1.0,0.1,0.1
bamboo-02586,leftover,,9,8,4,0.5,20.191,18.011
bamboo-02587,strict,21,,7,7,1.0,0.968,0.8
bamboo-02588,leftover,,60,4,1,0.25,34.803,15.903
bamboo-02589,strict,48,,5,5,1.0,5.99,2.176
bamboo-02590,strict,6,,1,1,1.0,1.087,1.087
bamboo-02591,strict,32,,6,6,1.0,2.475,0.8
bamboo-02592,leftover,,41,7,3,0.429,78.135,74.935
bamboo-02593,strict,1,,6,6,1.0,2.963,1.4
bamboo-02594,strict,48,,5,5,1.0,5.793,5.0
bamboo-02595,leftover,,,2,0,0.0,39.085,20.366
bamboo-02596,leftover,,,2,0,0.0,56.883,23.283
bamboo-02597,strict,34,,0,0,1.0,3.2,0.8
bamboo-02598,leftover,,,0,0,0.0,63.694,48.794
bamboo-02599,leftover,,,0,0,0.0,15.566,6.582
bamboo-02600,leftover,,,0,0,0.0,45.108,16.292
bamboo-02601,oversize-total,,,0,0,0.0,155.798,130.4
bamboo-02602,strict,50,,0,0,1.0,7.337,2.875
bamboo-02603,strict,43,,0,0,1.0,4.6,3.0
bamboo-02604,oversize-total,,11,4,1,0.25,156.166,130.4
bamboo-02605,oversize-floor,,,0,0,0.0,19149.343,7418.064
bamboo-02606,oversize-floor,,,0,0,0.0,512.867,260.23
bamboo-02607,strict,22,,2,2,1.0,0.9,0.8
bamboo-02608,leftover,,,0,0,0.0,31.008,14.9
bamboo-02609,leftover,,,0,0,0.0,28.717,14.9
bamboo-02610,oversize-floor,,,7,0,0.0,208.09,191.632
bamboo-02611,strict,47,,3,3,1.0,5.643,4.843
bamboo-02612,leftover,,,5,0,0.0,41.746,14.9
bamboo-02613,leftover,,,5,0,0.0,101.053,66.811
bamboo-02614,strict,5,,1,1,1.0,0.06,0.06
bamboo-02615,leftover,,,3,0,0.0,22.383,12.065
bamboo-02616,strict,1,,0,0,1.0,0.0,0.0
bamboo-02617,oversize-floor,,,5,0,0.0,949.306,800.0
bamboo-02618,strict,12,,4,4,1.0,0.553,0.221
bamboo-02619,strict,40,,0,0,1.0,3.8,3.0
bamboo-02620,oversize-floor,,,3,0,0.0,284.0,284.0
bamboo-02621,strict,47,,10,10,1.0,5.639,0.8
bamboo-02622,strict,10,,10,10,1.0,0.218,0.218
bamboo-02623,strict,12,,8,8,1.0,1.078,0.466
bamboo-02624,oversize-total,,,6,0,0.0,392.111,131.417
bamboo-02625,leftover,,,8,0,0.0,58.33,14.9
bamboo-02626,strict,17,,0,0,1.0,0.8,0.8
bamboo-02627,strict,31,,0,0,1.0,1.61,0.8
bamboo-02628,strict,1,,4,4,1.0,1.882,1.4
bamboo-02629,oversize-floor,,,10,0,0.0,186.878,155.0
bamboo-02630,oversize-floor,,1,8,4,0.5,654.372,640.484
bamboo-02631,oversize-total,,,7,0,0.0,282.254,130.4
bamboo-02632,leftover,,,0,0,0.0,60.165,20.513
bamboo-02633,strict,40,,0,0,1.0,3.86,3.06
bamboo-02634,oversize-floor,,,5,0,0.0,7225.562,7207.76
bamboo-02635,leftover,,,0,0,0.0,26.618,7.862
bamboo-02636,strict,11,,2,2,1.0,3.663,3.56
bamboo-02637,leftover,,1,5,5,1.0,73.135,23.283
bamboo-02638,strict,5,,7,7,1.0,0.054,0.049
bamboo-02639,leftover,,,6,0,0.0,18.371,6.0
bamboo-02640,leftover,,,4,0,0.0,12.069,11.269
bamboo-02641,leftover,,,5,0,0.0,53.335,27.466
bamboo-02642,leftover,,,5,0,0.0,26.177,21.719
bamboo-02643,leftover,,,5,0,0.0,17.829,14.9
bamboo-02644,strict,12,,0,0,1.0,3.693,2.8
bamboo-02645,strict,1,,0,0,1.0,0.325,0.168
bamboo-02646,strict,4,,5,5,1.0,11.832,8.0
bamboo-02647,leftover,,,4,0,0.0,66.849,18.0
bamboo-02648,oversize-floor,,,3,0,0.0,341.298,284.0
bamboo-02649,oversize-floor,,,0,0,0.0,3128.133,3065.113
bamboo-02650,strict,56,,4,4,1.0,8.059,5.035
bamboo-02651,leftover,,8,4,1,0.25,23.652,13.0
bamboo-02652,leftover,,,0,0,0.0,46.677,12.6
bamboo-02653,leftover,,,7,0,0.0,79.451,68.984
bamboo-02654,strict,15,,4,4,1.0,4.853,4.657
bamboo-02655,oversize-floor,,,0,0,0.0,158.138,155.0
bamboo-02656,leftover,,,6,0,0.0,11.38,3.0
bamboo-02657,oversize-floor,,,3,0,0.0,7835.906,7207.76
bamboo-02658,leftover,,2,6,3,0.5,85.247,24.244
bamboo-02659,oversize-floor,,,6,0,0.0,344.053,284.0
bamboo-02660,leftover,,,4,0,0.0,130.442,130.4
bamboo-02661,oversize-floor,,,0,0,0.0,171.494,155.0
bamboo-02662,strict,20,,5,5,1.0,28.386,14.9
bamboo-02663,oversize-total,,,0,0,0.0,301.172,130.4
bamboo-02664,oversize-total,,19,6,4,0.667,162.514,130.4
bamboo-02665,strict,1,,0,0,1.0,0.0,0.0
bamboo-02666,oversize-floor,,,0,0,0.0,180.29,155.0
bamboo-02667,oversize-total,,,0,0,0.0,1046.223,134.647
bamboo-02668,leftover,,,0,0,0.0,12.479,3.0
bamboo-02669,oversize-floor,,,0,0,0.0,292.667,252.375
bamboo-02670,leftover,,,0,0,0.0,38.351,19.0
bamboo-02671,strict,16,,0,0,1.0,0.8,0.8
bamboo-02672,leftover,,,0,0,0.0,76.667,19.0
bamboo-02673,strict,34,,0,0,1.0,2.765,1.624
bamboo-02674,strict,55,,4,4,1.0,7.665,3.0
bamboo-02675,leftover,,,3,0,0.0,27.834,12.551
bamboo-02676,oversize-floor,,2,4,1,0.25,1030.422,261.927
bamboo-02677,strict,5,,2,2,1.0,25.6,25.0
bamboo-02678,oversize-floor,,,5,0,0.0,7230.417,7207.76
bamboo-02679,leftover,,,2,0,0.0,148.5,130.4
bamboo-02680,strict,47,,4,4,1.0,5.606,0.8
bamboo-02681,oversize-floor,,45,5,2,0.4,157.57,155.0
bamboo-02682,oversize-floor,,,2,0,0.0,389.964,256.958
bamboo-02683,leftover,,,4,0,0.0,136.72,25.103
bamboo-02684,oversize-floor,,,0,0,0.0,758.044,640.484
bamboo-02685,oversize-floor,,10,5,3,0.6,1336.069,800.0
bamboo-02686,leftover,,,6,0,0.0,134.912,60.59
bamboo-02687,leftover,,,0,0,0.0,123.042,45.627
bamboo-02688,strict,1,,4,4,1.0,2.284,0.8
bamboo-02689,strict,2,,0,0,1.0,14.9,14.9
bamboo-02690,leftover,,,5,0,0.0,97.324,24.2
bamboo-02691,leftover,,,1,0,0.0,40.01,24.214
bamboo-02692,strict,1,,0,0,1.0,0.0,0.0
bamboo-02693,strict,1,,0,0,1.0,0.0,0.0
bamboo-02694,leftover,,,0,0,0.0,38.161,20.489
bamboo-02695,strict,59,,6,6,1.0,9.024,3.0
bamboo-02696,oversize-floor,,,0,0,0.0,312.689,284.0
bamboo-02697,strict,14,,0,0,1.0,2.595,0.8
bamboo-02698,leftover,,,2,0,0.0,77.334,42.466
bamboo-02699,strict,16,,0,0,1.0,0.8,0.8
bamboo-02700,oversize-floor,,,0,0,0.0,297.301,284.0
bamboo-02701,strict,1,,0,0,1.0,0.0,0.0
bamboo-02702,oversize-floor,,,0,0,0.0,320.688,284.0
bamboo-02703,oversize-floor,,,0,0,0.0,603.19,326.0
bamboo-02704,leftover,,,0,0,0.0,26.402,26.389
bamboo-02705,strict,11,,4,4,1.0,64.7,24.2
bamboo-02706,leftover,,,0,0,0.0,73.232,27.001
bamboo-02707,oversize-floor,,,0,0,0.0,347.088,321.224
bamboo-02708,leftover,,,0,0,0.0,28.149,13.156
bamboo-02709,oversize-floor,,,0,0,0.0,781.633,428.312
bamboo-02710,strict,18,,0,0,1.0,0.8,0.8
bamboo-02711,oversize-floor,,,0,0,0.0,311.998,155.0
bamboo-02712,oversize-total,,,0,0,0.0,624.131,128.5
bamboo-02713,leftover,,,0,0,0.0,144.284,47.715
bamboo-02714,oversize-floor,,,0,0,0.0,420.299,261.944
bamboo-02715,oversize-total,,2,5,1,0.2,511.989,135.0
bamboo-02716,strict,15,,5,5,1.0,45.635,23.283
bamboo-02717,oversize-total,,,5,0,0.0,336.223,135.426
bamboo-02718,oversize-floor,,,3,0,0.0,1406.885,745.058
bamboo-02719,strict,33,,4,4,1.0,2.4,0.8
bamboo-02720,strict,31,,4,4,1.0,1.818,0.8
bamboo-02721,strict,37,,5,5,1.0,42.636,41.736
bamboo-02722,oversize-floor,,,2,0,0.0,1901.447,800.0
bamboo-02723,leftover,,,3,0,0.0,86.302,25.103
bamboo-02724,leftover,,,1,0,0.0,27.177,10.589
bamboo-02725,strict,38,,2,2,1.0,3.985,1.863
bamboo-02726,strict,60,,5,5,1.0,30.7,15.0
bamboo-02727,strict,26,,6,6,1.0,1.6,0.8
bamboo-02728,leftover,,,2,0,0.0,29.54,27.94
bamboo-02729,strict,13,,5,5,1.0,0.454,0.423
bamboo-02730,strict,38,,2,2,1.0,3.2,0.8
bamboo-02731,oversize-floor,,,0,0,0.0,705.387,640.484
bamboo-02732,oversize-floor,,,0,0,0.0,373.357,262.852
bamboo-02733,leftover,,,2,0,0.0,29.271,15.0
bamboo-02734,leftover,,,2,0,0.0,85.183,54.185
bamboo-02735,strict,10,,1,1,1.0,0.152,0.1
bamboo-02736,oversize-floor,,,0,0,0.0,156.174,155.0
bamboo-02737,strict,3,,3,3,1.0,0.8,0.8
bamboo-02738,strict,1,,0,0,1.0,0.0,0.0
bamboo-02739,leftover,,,2,0,0.0,12.504,2.501
bamboo-02740,strict,1,,0,0,1.0,0.0,0.0
bamboo-02741,strict,22,,1,1,1.0,0.9,0.8
bamboo-02742,leftover,,,8,0,0.0,149.085,109.895
bamboo-02743,strict,53,,5,5,1.0,7.183,3.0
bamboo-02744,oversize-floor,,,0,0,0.0,419.092,155.0
bamboo-02745,strict,1,,0,0,1.0,0.0,0.0
bamboo-02746,strict,56,,6,6,1.0,8.225,7.325
bamboo-02747,leftover,,,5,0,0.0,68.602,54.185
bamboo-02748,strict,1,,0,0,1.0,0.186,0.166
bamboo-02749,leftover,,,4,0,0.0,37.677,24.2
bamboo-02750,strict,1,,0,0,1.0,0.187,0.166
bamboo-02751,strict,10,,5,5,1.0,0.132,0.072
bamboo-02752,strict,25,,2,2,1.0,1.6,0.8
bamboo-02753,leftover,,,0,0,0.0,45.423,13.0
bamboo-02754,leftover,,,4,0,0.0,131.2,130.4
bamboo-02755,oversize-floor,,1,6,2,0.333,158.07,155.0
bamboo-02756,leftover,,7,5,1,0.2,40.046,13.503
bamboo-02757,strict,7,,6,6,1.0,9.992,5.6
bamboo-02758,oversize-total,,,7,0,0.0,312.21,139.726
bamboo-02759,strict,1,,0,0,1.0,0.0,0.0
bamboo-02760,oversize-floor,,,5,0,0.0,261.986,155.0
bamboo-02761,leftover,,,6,0,0.0,22.999,13.614
bamboo-02762,leftover,,,4,0,0.0,42.6,24.2
bamboo-02763,oversize-total,,,4,0,0.0,171.246,128.5
bamboo-02764,strict,21,,5,5,1.0,0.805,0.8
bamboo-02765,leftover,,,6,0,0.0,12.61,5.112
bamboo-02766,oversize-total,,,5,0,0.0,184.539,130.4
bamboo-02767,leftover,,,6,0,0.0,101.409,21.657
bamboo-02768,leftover,,,5,0,0.0,32.605,17.509
bamboo-02769,strict,1,,0,0,1.0,0.0,0.0
bamboo-02770,oversize-floor,,,9,0,0.0,8584.989,8381.903
bamboo-02771,leftover,,,7,0,0.0,94.963,52.0
bamboo-02772,leftover,,,6,0,0.0,34.128,30.59
bamboo-02773,strict,38,,4,4,1.0,3.211,0.8
bamboo-02774,leftover,,,4,0,0.0,9.668,3.0
bamboo-02775,strict,40,,0,0,1.0,3.8,3.0
bamboo-02776,leftover,,,0,0,0.0,24.204,13.489
bamboo-02777,strict,4,,0,0,1.0,45.327,24.2
bamboo-02778,oversize-total,,,0,0,0.0,291.778,48.488
bamboo-02779,oversize-floor,,,0,0,0.0,713.281,164.753
bamboo-02780,oversize-floor,,,0,0,0.0,3936.237,3073.364
bamboo-02781,leftover,,,5,0,0.0,71.532,19.0
bamboo-02782,leftover,,,0,0,0.0,93.765,25.0
bamboo-02783,oversize-floor,,,0,0,0.0,238.66,186.265
bamboo-02784,oversize-floor,,,2,0,0.0,1640.381,1488.147
bamboo-02785,oversize-floor,,,3,0,0.0,330.922,314.971
bamboo-02786,strict,17,,0,0,1.0,0.8,0.8
bamboo-02787,oversize-total,,,0,0,0.0,167.628,52.044
bamboo-02788,leftover,,,0,0,0.0,55.37,17.988
bamboo-02789,leftover,,,0,0,0.0,88.689,26.978
bamboo-02790,strict,38,,5,5,1.0,3.2,1.6
bamboo-02791,oversize-floor,,,3,0,0.0,2252.586,1862.645
bamboo-02792,strict,60,,2,2,1.0,9.28,7.68
bamboo-02793,leftover,,,2,0,0.0,40.89,14.9
bamboo-02794,leftover,,,1,0,0.0,29.151,25.0
bamboo-02795,oversize-total,,,1,0,0.0,663.744,135.426
bamboo-02796,leftover,,,2,0,0.0,16.041,10.641
bamboo-02797,strict,16,,1,1,1.0,26.489,26.489
bamboo-02798,oversize-floor,,,4,0,0.0,807.371,800.0
bamboo-02799,leftover,,,1,0,0.0,36.815,5.458
bamboo-02800,leftover,,,2,0,0.0,37.276,21.719
bamboo-02801,strict,45,,0,0,1.0,19.938,17.249
bamboo-02802,strict,57,,1,1,1.0,8.4,3.0
bamboo-02803,leftover,,,4,0,0.0,30.913,14.9
bamboo-02804,oversize-floor,,,3,0,0.0,4439.99,4420.297
bamboo-02805,leftover,,,8,0,0.0,75.413,34.054
bamboo-02806,oversize-floor,,1,6,3,0.5,185.811,155.0
bamboo-02807,oversize-total,,,2,0,0.0,288.123,130.4
bamboo-02808,strict,33,,4,4,1.0,2.576,0.8
bamboo-02809,strict,9,,2,2,1.0,0.1,0.1
bamboo-02810,strict,11,,0,0,1.0,0.286,0.13
bamboo-02811,strict,9,,3,3,1.0,0.1,0.1
bamboo-02812,leftover,,,5,0,0.0,46.168,42.368
bamboo-02813,oversize-floor,,,0,0,0.0,155.34,155.0
bamboo-02814,leftover,,,0,0,0.0,33.208,33.208
bamboo-02815,oversize-floor,,,0,0,0.0,2735.554,2374.131
bamboo-02816,strict,4,,2,2,1.0,3.56,3.56
bamboo-02817,leftover,,,0,0,0.0,19.3,10.213
bamboo-02818,strict,59,,1,1,1.0,9.048,6.7
bamboo-02819,leftover,,,3,0,0.0,15.224,14.413
bamboo-02820,leftover,,,5,0,0.0,33.717,11.27
bamboo-02821,oversize-floor,,,5,0,0.0,1009.774,800.0
bamboo-02822,oversize-floor,,,0,0,0.0,489.032,261.655
bamboo-02823,strict,1,,0,0,1.0,0.0,0.0
bamboo-02824,strict,18,,0,0,1.0,36.384,25.796
bamboo-02825,leftover,,,3,0,0.0,86.708,20.0
bamboo-02826,oversize-total,,,0,0,0.0,154.193,25.134
bamboo-02827,strict,7,,0,0,1.0,30.201,13.503
bamboo-02828,strict,1,,0,0,1.0,12.852,5.6
bamboo-02829,oversize-floor,,,0,0,0.0,453.714,284.0
bamboo-02830,oversize-floor,,,0,0,0.0,626.952,284.0
bamboo-02831,strict,45,,0,0,1.0,25.94,17.249
bamboo-02832,strict,1,,0,0,1.0,0.0,0.0
bamboo-02833,oversize-floor,,,0,0,0.0,5470.915,4656.613
bamboo-02834,oversize-floor,,,0,0,0.0,840.286,838.19
bamboo-02835,leftover,,,0,0,0.0,16.265,10.023
bamboo-02836,leftover,,,5,0,0.0,54.187,24.2
bamboo-02837,oversize-floor,,,0,0,0.0,711.737,370.79
bamboo-02838,leftover,,,0,0,0.0,45.486,14.9
bamboo-02839,leftover,,,4,0,0.0,11.859,5.859
bamboo-02840,strict,5,,1,1,1.0,0.191,0.191
bamboo-02841,oversize-floor,,,5,0,0.0,800.43,792.326
bamboo-02842,strict,5,,6,6,1.0,0.996,0.8
bamboo-02843,strict,40,,3,3,1.0,3.8,3.0
bamboo-02844,oversize-floor,,,0,0,0.0,5798.407,5434.959
bamboo-02845,leftover,,,3,0,0.0,32.045,14.9
bamboo-02846,leftover,,,5,0,0.0,65.706,25.796
bamboo-02847,oversize-floor,,,3,0,0.0,159.6,155.0
bamboo-02848,strict,55,,6,6,1.0,7.697,3.0
bamboo-02849,oversize-floor,,,3,0,0.0,12874.087,12856.35
bamboo-02850,strict,44,,4,4,1.0,4.622,4.214
bamboo-02851,oversize-floor,,9,2,1,0.5,192.515,191.715
bamboo-02852,strict,5,,1,1,1.0,62.002,25.0
bamboo-02853,leftover,,,5,0,0.0,139.521,121.291
bamboo-02854,leftover,,3,4,1,0.25,45.765,25.0
bamboo-02855,oversize-total,,,0,0,0.0,201.05,120.91
bamboo-02856,leftover,,,3,0,0.0,16.074,3.0
bamboo-02857,leftover,,,1,0,0.0,11.432,4.473
bamboo-02858,oversize-floor,,,1,0,0.0,161.9,155.0
bamboo-02859,leftover,,,3,0,0.0,56.781,15.0
bamboo-02860,leftover,,,3,0,0.0,15.0,12.6
bamboo-02861,oversize-floor,,,0,0,0.0,1017.608,791.624
bamboo-02862,strict,7,,1,1,1.0,0.1,0.1
bamboo-02863,oversize-floor,,,4,0,0.0,8385.177,8381.903
bamboo-02864,oversize-floor,,,1,0,0.0,1476.783,1071.021
bamboo-02865,leftover,,6,5,4,0.8,62.981,14.9
bamboo-02866,oversize-total,,26,9,5,0.556,226.236,121.366
bamboo-02867,leftover,,,9,0,0.0,78.306,68.221
bamboo-02868,strict,7,,6,6,1.0,0.119,0.07
bamboo-02869,strict,42,,0,0,1.0,30.047,14.624
bamboo-02870,leftover,,,3,0,0.0,48.218,30.352
bamboo-02871,oversize-floor,,,7,0,0.0,181.627,155.0
bamboo-02872,strict,48,,0,0,1.0,6.241,3.0
bamboo-02873,oversize-floor,,,0,0,0.0,335.388,326.0
bamboo-02874,strict,3,,2,2,1.0,6.7,6.7
bamboo-02875,strict,36,,0,0,1.0,3.0,3.0
bamboo-02876,oversize-floor,,,0,0,0.0,159.618,155.0
bamboo-02877,strict,17,,0,0,1.0,0.8,0.8
bamboo-02878,strict,2,,0,0,1.0,1.303,1.303
bamboo-02879,strict,40,,1,1,1.0,3.8,3.0
bamboo-02880,leftover,,,0,0,0.0,138.262,106.516
bamboo-02881,strict,39,,0,0,1.0,3.501,2.701
bamboo-02882,strict,19,,0,0,1.0,59.314,17.214
bamboo-02883,leftover,,,0,0,0.0,16.293,10.589
bamboo-02884,leftover,,,0,0,0.0,128.184,69.849
bamboo-02885,oversize-floor,,1,5,3,0.6,708.723,640.484
bamboo-02886,strict,56,,1,1,1.0,7.912,3.0
bamboo-02887,oversize-floor,,,2,0,0.0,1118.913,931.323
bamboo-02888,strict,1,,0,0,1.0,0.0,0.0
bamboo-02889,leftover,,,2,0,0.0,55.044,26.29
bamboo-02890,strict,38,,1,1,1.0,3.223,1.211
bamboo-02891,oversize-floor,,,2,0,0.0,2300.747,2284.329
bamboo-02892,oversize-total,,,1,0,0.0,401.593,135.426
bamboo-02893,oversize-floor,,,5,0,0.0,436.995,284.0
bamboo-02894,oversize-floor,,,8,0,0.0,7028.734,6988.69
bamboo-02895,strict,24,,3,3,1.0,1.6,0.8
bamboo-02896,strict,4,,0,0,1.0,0.031,0.031
bamboo-02897,strict,2,,0,0,1.0,0.1,0.1
bamboo-02898,leftover,,,7,0,0.0,43.159,18.626
bamboo-02899,oversize-floor,,,0,0,0.0,1375.751,1210.719
bamboo-02900,oversize-floor,,,0,0,0.0,359.495,326.0
bamboo-02901,strict,13,,0,0,1.0,0.749,0.642
bamboo-02902,strict,2,,0,0,1.0,10.641,10.641
bamboo-02903,strict,11,,3,3,1.0,17.334,14.9
bamboo-02904,strict,1,,0,0,1.0,0.0,0.0
bamboo-02905,oversize-floor,,,0,0,0.0,622.847,558.794
bamboo-02906,oversize-floor,,,0,0,0.0,163.4,155.0
bamboo-02907,strict,1,,0,0,1.0,0.0,0.0
bamboo-02908,leftover,,,1,0,0.0,28.894,12.6
bamboo-02909,strict,1,,0,0,1.0,0.0,0.0
bamboo-02910,strict,16,,2,2,1.0,11.297,11.297
bamboo-02911,leftover,,,4,0,0.0,18.002,6.799
bamboo-02912,oversize-total,,,2,0,0.0,234.226,117.864
bamboo-02913,leftover,,,1,0,0.0,39.354,14.958
bamboo-02914,leftover,,,1,0,0.0,50.425,50.0
bamboo-02915,strict,7,,1,1,1.0,50.093,50.0
bamboo-02916,strict,1,,0,0,1.0,0.0,0.0
bamboo-02917,strict,45,,0,0,1.0,18.674,17.249
bamboo-02918,oversize-floor,,,1,0,0.0,285.863,284.0
bamboo-02919,oversize-floor,,,1,0,0.0,155.61,155.0
bamboo-02920,leftover,,,5,0,0.0,25.173,12.6
bamboo-02921,leftover,,,6,0,0.0,26.461,13.0
bamboo-02922,leftover,,,7,0,0.0,71.809,24.549
bamboo-02923,oversize-floor,,,0,0,0.0,161.613,155.0
bamboo-02924,strict,55,,3,3,1.0,19.781,12.945
bamboo-02925,strict,16,,3,3,1.0,0.8,0.8
bamboo-02926,strict,9,,5,5,1.0,4.159,1.252
bamboo-02927,strict,20,,3,3,1.0,0.801,0.8
bamboo-02928,oversize-floor,,,6,0,0.0,2478.965,2275.936
bamboo-02929,oversize-floor,,,0,0,0.0,155.0,155.0
bamboo-02930,strict,16,,0,0,1.0,0.8,0.8
bamboo-02931,strict,14,,0,0,1.0,1.815,0.8
bamboo-02932,strict,56,,0,0,1.0,8.061,4.861
bamboo-02933,leftover,,,0,0,0.0,84.676,24.214
bamboo-02934,strict,24,,0,0,1.0,1.397,1.397
bamboo-02935,oversize-floor,,,0,0,0.0,1197.327,931.323
bamboo-02936,strict,1,,0,0,1.0,0.0,0.0
bamboo-02937,strict,59,,4,4,1.0,9.139,6.0
bamboo-02938,strict,34,,4,4,1.0,3.194,1.851
bamboo-02939,oversize-total,,2,4,1,0.25,196.517,69.849
bamboo-02940,leftover,,2,4,1,0.25,17.694,14.9
bamboo-02941,oversize-floor,,,4,0,0.0,189.113,155.0
bamboo-02942,strict,1,,0,0,1.0,0.0,0.0
bamboo-02943,strict,1,,0,0,1.0,0.0,0.0
bamboo-02944,strict,27,,4,4,1.0,1.6,0.8
bamboo-02945,oversize-floor,,2,5,5,1.0,278.163,262.852
bamboo-02946,leftover,,,5,0,0.0,13.097,3.0
bamboo-02947,oversize-floor,,31,6,1,0.167,1173.232,964.238
bamboo-02948,oversize-floor,,1,7,7,1.0,374.394,284.0
bamboo-02949,strict,20,,2,2,1.0,0.8,0.8
bamboo-02950,oversize-floor,,,0,0,0.0,160.764,155.0
bamboo-02951,oversize-floor,,,7,0,0.0,284.617,284.0
bamboo-02952,strict,13,,4,4,1.0,0.441,0.408
bamboo-02953,strict,1,,0,0,1.0,0.0,0.0
bamboo-02954,leftover,,,6,0,0.0,78.508,28.057
bamboo-02955,strict,40,,6,6,1.0,3.8,3.0
bamboo-02956,leftover,,,7,0,0.0,146.329,93.402
bamboo-02957,strict,22,,6,6,1.0,0.923,0.819
bamboo-02958,oversize-floor,,,2,0,0.0,419.417,284.0
bamboo-02959,leftover,,,1,0,0.0,25.178,12.6
bamboo-02960,leftover,,,2,0,0.0,146.1,130.4
bamboo-02961,leftover,,,1,0,0.0,50.788,23.283
bamboo-02962,oversize-floor,,,0,0,0.0,163.39,155.0
bamboo-02963,strict,12,,3,3,1.0,0.42,0.42
bamboo-02964,strict,43,,1,1,1.0,4.6,3.0
bamboo-02965,strict,57,,0,0,1.0,8.4,3.0
bamboo-02966,oversize-total,,,0,0,0.0,372.516,60.59
bamboo-02967,leftover,,,0,0,0.0,21.25,7.467
bamboo-02968,strict,1,,0,0,1.0,0.0,0.0
bamboo-02969,leftover,,,0,0,0.0,17.2,3.0
bamboo-02970,leftover,,20,4,2,0.5,20.37,17.378
bamboo-02971,leftover,,,5,0,0.0,80.793,37.253
bamboo-02972,strict,39,,0,0,1.0,5.38,2.804
bamboo-02973,oversize-floor,,,5,0,0.0,6993.702,6988.69
bamboo-02974,strict,24,,2,2,1.0,1.4,1.387
bamboo-02975,leftover,,,4,0,0.0,14.572,3.0
bamboo-02976,leftover,,,0,0,0.0,46.074,38.929
bamboo-02977,strict,9,,1,1,1.0,1.241,0.705
bamboo-02978,leftover,,,1,0,0.0,76.588,24.2
bamboo-02979,strict,20,,2,2,1.0,0.8,0.8
bamboo-02980,oversize-floor,,,4,0,0.0,326.945,326.0
bamboo-02981,strict,46,,0,0,1.0,5.194,1.956
bamboo-02982,leftover,,,4,0,0.0,55.747,40.502
bamboo-02983,oversize-floor,,,5,0,0.0,158.332,155.0
bamboo-02984,leftover,,,4,0,0.0,30.092,14.9
bamboo-02985,strict,10,,2,2,1.0,0.186,0.186
bamboo-02986,oversize-floor,,,5,0,0.0,74665.269,74505.806
bamboo-02987,strict,1,,1,1,1.0,0.166,0.166
bamboo-02988,oversize-floor,,,6,0,0.0,359.914,284.0
bamboo-02989,leftover,,,0,0,0.0,141.214,27.94
bamboo-02990,strict,40,,7,7,1.0,3.9,3.0
bamboo-02991,leftover,,1,3,1,0.333,18.86,10.294
bamboo-02992,leftover,,,7,0,0.0,40.273,25.0
bamboo-02993,oversize-floor,,,2,0,0.0,212.304,155.0
bamboo-02994,strict,4,,1,1,1.0,8.332,8.0
bamboo-02995,leftover,,,3,0,0.0,91.284,26.646
bamboo-02996,strict,58,,1,1,1.0,8.856,3.0
bamboo-02997,strict,38,,4,4,1.0,3.206,0.8
bamboo-02998,oversize-floor,,,3,0,0.0,162.171,155.0
bamboo-02999,leftover,,,3,0,0.0,126.738,35.58
bamboo-03000,leftover,,,0,0,0.0,16.599,13.399
bamboo-03001,leftover,,,4,0,0.0,82.479,65.193
bamboo-03002,strict,5,,5,5,1.0,25.093,25.0
bamboo-03003,oversize-floor,,,3,0,0.0,2712.819,1300.0
bamboo-03004,strict,27,,1,1,1.0,15.788,14.9
bamboo-03005,oversize-floor,,,0,0,0.0,566.244,361.353
bamboo-03006,strict,26,,1,1,1.0,123.153,101.679
bamboo-03007,oversize-floor,,,3,0,0.0,185.715,155.0
bamboo-03008,strict,60,,1,1,1.0,13.4,12.6
bamboo-03009,leftover,,,1,0,0.0,40.913,14.9
bamboo-03010,strict,37,,1,1,1.0,27.753,25.0
bamboo-03011,leftover,,,6,0,0.0,26.142,14.9
bamboo-03012,strict,33,,1,1,1.0,2.4,0.8
bamboo-03013,strict,50,,0,0,1.0,6.413,2.923
bamboo-03014,leftover,,,0,0,0.0,74.881,68.221
bamboo-03015,oversize-total,,,2,0,0.0,244.912,25.103
bamboo-03016,strict,21,,5,5,1.0,0.966,0.8
bamboo-03017,leftover,,,0,0,0.0,98.078,93.402
bamboo-03018,leftover,,,0,0,0.0,27.167,27.167
bamboo-03019,leftover,,,5,0,0.0,109.679,92.7
bamboo-03020,oversize-floor,,5,5,1,0.2,7604.543,7418.064
bamboo-03021,strict,26,,3,3,1.0,107.066,101.679
bamboo-03022,oversize-total,,,7,0,0.0,172.936,130.4
bamboo-03023,oversize-floor,,,2,0,0.0,2364.56,2284.329
bamboo-03024,leftover,,,4,0,0.0,145.69,130.4
bamboo-03025,oversize-floor,,2,4,2,0.5,170.5,155.0
bamboo-03026,strict,35,,0,0,1.0,45.555,29.802
bamboo-03027,leftover,,,4,0,0.0,147.579,130.4
bamboo-03028,oversize-total,,,0,0,0.0,150.492,53.867
bamboo-03029,strict,17,,2,2,1.0,0.8,0.8
bamboo-03030,strict,34,,2,2,1.0,5.004,1.3
bamboo-03031,oversize-floor,,,5,0,0.0,1153.928,964.238
bamboo-03032,oversize-floor,,,2,0,0.0,573.802,262.852
bamboo-03033,strict,1,,0,0,1.0,0.0,0.0
bamboo-03034,leftover,,,6,0,0.0,38.822,24.2
bamboo-03035,oversize-floor,,,2,0,0.0,800.0,800.0
bamboo-03036,oversize-floor,,,1,0,0.0,508.49,385.568
bamboo-03037,leftover,,,0,0,0.0,39.16,33.819
bamboo-03038,leftover,,,0,0,0.0,66.97,52.789
bamboo-03039,strict,47,,0,0,1.0,5.601,0.8
bamboo-03040,strict,8,,0,0,1.0,27.94,27.94
bamboo-03041,strict,1,,0,0,1.0,0.0,0.0
bamboo-03042,leftover,,,3,0,0.0,46.077,19.172
bamboo-03043,leftover,,,0,0,0.0,30.236,27.442
bamboo-03044,strict,1,,0,0,1.0,0.0,0.0
bamboo-03045,oversize-floor,,,0,0,0.0,386.323,155.0
bamboo-03046,oversize-floor,,,0,0,0.0,942.701,942.701
bamboo-03047,oversize-total,,,0,0,0.0,173.612,130.4
bamboo-03048,leftover,,,0,0,0.0,37.081,14.558
bamboo-03049,strict,1,,0,0,1.0,0.0,0.0
bamboo-03050,strict,38,,0,0,1.0,3.2,0.8
bamboo-03051,oversize-floor,,2,6,1,0.167,983.719,256.959
bamboo-03052,strict,22,,7,7,1.0,0.929,0.827
bamboo-03053,strict,15,,0,0,1.0,0.8,0.8
bamboo-03054,oversize-floor,,,5,0,0.0,837.672,800.0
bamboo-03055,leftover,,,2,0,0.0,18.568,4.038
bamboo-03056,oversize-floor,,,5,0,0.0,280.838,155.0
bamboo-03057,leftover,,,7,0,0.0,20.215,20.0
bamboo-03058,oversize-floor,,,3,0,0.0,170.673,155.0
bamboo-03059,strict,3,,4,4,1.0,0.466,0.466
bamboo-03060,leftover,,,1,0,0.0,44.125,29.756
bamboo-03061,strict,18,,0,0,1.0,15.248,12.6
bamboo-03062,leftover,,,0,0,0.0,15.8,3.0
bamboo-03063,leftover,,,2,0,0.0,37.321,18.063
bamboo-03064,leftover,,,5,0,0.0,54.248,36.994
bamboo-03065,oversize-total,,,5,0,0.0,467.612,128.109
bamboo-03066,strict,46,,5,5,1.0,5.273,2.769
bamboo-03067,leftover,,,3,0,0.0,142.167,76.916
bamboo-03068,oversize-total,,,3,0,0.0,295.079,64.054
bamboo-03069,leftover,,,5,0,0.0,13.632,3.713
bamboo-03070,strict,1,,0,0,1.0,0.582,0.25
bamboo-03071,strict,13,,3,3,1.0,0.581,0.581
bamboo-03072,leftover,,,2,0,0.0,149.536,130.4
bamboo-03073,leftover,,,2,0,0.0,71.503,65.193
bamboo-03074,leftover,,,3,0,0.0,52.168,42.368
bamboo-03075,strict,31,,1,1,1.0,1.807,0.8
bamboo-03076,strict,1,,0,0,1.0,0.0,0.0
bamboo-03077,oversize-floor,,,0,0,0.0,326.0,326.0
bamboo-03078,leftover,,,0,0,0.0,9.8,3.0
bamboo-03079,oversize-floor,,,0,0,0.0,155.166,155.0
bamboo-03080,strict,17,,1,1,1.0,0.8,0.8
bamboo-03081,strict,24,,1,1,1.0,1.6,0.8
bamboo-03082,oversize-floor,,,2,0,0.0,1419.181,964.238
bamboo-03083,strict,1,,2,2,1.0,0.4,0.166
bamboo-03084,leftover,,,7,0,0.0,74.982,25.103
bamboo-03085,strict,9,,7,7,1.0,0.295,0.195
bamboo-03086,oversize-floor,,,0,0,0.0,158.686,155.0
bamboo-03087,leftover,,,4,0,0.0,51.665,45.627
bamboo-03088,strict,38,,5,5,1.0,3.176,2.98
bamboo-03089,leftover,,,5,0,0.0,106.245,20.32
bamboo-03090,strict,24,,2,2,1.0,1.475,1.471
bamboo-03091,strict,1,,4,4,1.0,0.186,0.098
bamboo-03092,leftover,,,5,0,0.0,11.087,7.287
bamboo-03093,oversize-floor,,,8,0,0.0,8874.046,7418.064
bamboo-03094,leftover,,,0,0,0.0,60.404,25.0
bamboo-03095,leftover,,,0,0,0.0,46.789,25.0
bamboo-03096,strict,7,,2,2,1.0,1.01,0.8
bamboo-03097,leftover,,,0,0,0.0,60.74,24.2
bamboo-03098,strict,7,,0,0,1.0,21.958,17.249
bamboo-03099,leftover,,,0,0,0.0,60.213,14.9
bamboo-03100,strict,26,,0,0,1.0,123.953,101.679
bamboo-03101,oversize-floor,,,0,0,0.0,767.548,700.0
bamboo-03102,strict,20,,0,0,1.0,0.801,0.8
bamboo-03103,strict,1,,0,0,1.0,0.0,0.0
bamboo-03104,leftover,,,0,0,0.0,26.473,20.0
bamboo-03105,strict,60,,0,0,1.0,13.4,12.6
bamboo-03106,leftover,,,0,0,0.0,65.226,24.2
bamboo-03107,oversize-floor,,,0,0,0.0,284.0,284.0
bamboo-03108,leftover,,,0,0,0.0,31.433,30.391
bamboo-03109,strict,1,,0,0,1.0,0.0,0.0
bamboo-03110,oversize-floor,,,2,0,0.0,1289.79,838.19
bamboo-03111,leftover,,,1,0,0.0,48.744,15.015
bamboo-03112,oversize-floor,,,0,0,0.0,308.881,262.852
bamboo-03113,leftover,,,0,0,0.0,21.21,8.214
bamboo-03114,oversize-floor,,,0,0,0.0,192.225,155.0
bamboo-03115,leftover,,9,8,6,0.75,117.26,61.381
bamboo-03116,strict,5,,6,6,1.0,7.332,7.0
bamboo-03117,oversize-floor,,,5,0,0.0,982.35,368.102
bamboo-03118,leftover,,,2,0,0.0,43.66,27.001
bamboo-03119,oversize-floor,,,6,0,0.0,431.453,284.0
bamboo-03120,oversize-total,,,2,0,0.0,187.854,53.905
bamboo-03121,oversize-total,,,5,0,0.0,210.931,128.5
bamboo-03122,oversize-floor,,,0,0,0.0,250.146,155.0
bamboo-03123,leftover,,,6,0,0.0,17.936,10.141
bamboo-03124,strict,2,,0,0,1.0,28.067,14.9
bamboo-03125,strict,1,,0,0,1.0,0.0,0.0
bamboo-03126,oversize-floor,,,0,0,0.0,299.519,284.0
bamboo-03127,strict,18,,0,0,1.0,0.8,0.8
bamboo-03128,strict,32,,0,0,1.0,54.509,53.085
bamboo-03129,strict,31,,0,0,1.0,1.869,0.8
bamboo-03130,strict,32,,0,0,1.0,2.002,1.04
bamboo-03131,oversize-floor,,,2,0,0.0,52224.336,51048.155
bamboo-03132,strict,1,,3,3,1.0,0.0,0.0
bamboo-03133,strict,2,,2,2,1.0,0.197,0.195
bamboo-03134,oversize-floor,,,0,0,0.0,934.323,931.323
bamboo-03135,leftover,,,0,0,0.0,19.724,17.774
bamboo-03136,oversize-floor,,,0,0,0.0,52344.514,51048.155
bamboo-03137,leftover,,,0,0,0.0,29.105,21.719
bamboo-03138,strict,18,,0,0,1.0,0.8,0.8
bamboo-03139,oversize-total,,,0,0,0.0,299.408,128.5
bamboo-03140,leftover,,,0,0,0.0,33.202,14.9
bamboo-03141,strict,1,,0,0,1.0,0.582,0.25
bamboo-03142,leftover,,,0,0,0.0,20.188,14.9
bamboo-03143,strict,7,,1,1,1.0,22.226,17.249
bamboo-03144,leftover,,,3,0,0.0,33.544,14.901
bamboo-03145,strict,35,,0,0,1.0,3.109,2.923
bamboo-03146,leftover,,,0,0,0.0,54.203,46.566
bamboo-03147,oversize-floor,,2,6,2,0.333,872.473,838.19
bamboo-03148,oversize-total,,,6,0,0.0,287.268,135.426
bamboo-03149,strict,1,,0,0,1.0,0.582,0.25
bamboo-03150,leftover,,2,7,2,0.286,17.095,12.6
bamboo-03151,leftover,,,6,0,0.0,85.769,69.849
bamboo-03152,leftover,,,6,0,0.0,51.389,25.112
bamboo-03153,strict,1,,0,0,1.0,0.0,0.0
bamboo-03154,strict,31,,3,3,1.0,8.678,5.942
bamboo-03155,oversize-floor,,,0,0,0.0,1931.312,1862.645
bamboo-03156,strict,9,,6,6,1.0,1.812,1.252
bamboo-03157,strict,32,,0,0,1.0,2.4,0.8
bamboo-03158,strict,1,,2,2,1.0,0.332,0.166
bamboo-03159,oversize-floor,,,3,0,0.0,1288.652,439.106
bamboo-03160,leftover,,,4,0,0.0,21.834,13.039
bamboo-03161,leftover,,,6,0,0.0,80.606,76.006
bamboo-03162,strict,1,,0,0,1.0,0.0,0.0
bamboo-03163,leftover,,,0,0,0.0,56.683,14.9
bamboo-03164,strict,23,,6,6,1.0,1.286,0.8
bamboo-03165,strict,1,,0,0,1.0,0.0,0.0
bamboo-03166,strict,1,,0,0,1.0,0.0,0.0
bamboo-03167,leftover,,,5,0,0.0,15.8,12.6
bamboo-03168,strict,1,,2,2,1.0,0.21,0.166
bamboo-03169,strict,36,,2,2,1.0,3.166,3.0
bamboo-03170,leftover,,20,5,1,0.2,40.699,14.9
bamboo-03171,leftover,,,1,0,0.0,9.6,0.8
bamboo-03172,strict,39,,4,4,1.0,3.517,0.8
bamboo-03173,oversize-floor,,,5,0,0.0,318.771,314.971
bamboo-03174,strict,31,,3,3,1.0,1.918,1.118
bamboo-03175,leftover,,,4,0,0.0,90.392,25.0
bamboo-03176,oversize-total,,9,9,3,0.333,281.235,121.366
bamboo-03177,oversize-floor,,,3,0,0.0,217.0,155.0
bamboo-03178,leftover,,,6,0,0.0,141.507,135.65
bamboo-03179,leftover,,,0,0,0.0,47.155,19.113
bamboo-03180,strict,23,,5,5,1.0,81.25,81.25
bamboo-03181,oversize-floor,,26,8,4,0.5,702.44,640.484
bamboo-03182,leftover,,,4,0,0.0,28.581,22.999
bamboo-03183,strict,1,,3,3,1.0,0.166,0.166
bamboo-03184,oversize-total,,4,7,5,0.714,177.9,128.5
bamboo-03185,oversize-total,,,0,0,0.0,355.701,130.4
bamboo-03186,strict,43,,7,7,1.0,4.6,3.0
bamboo-03187,leftover,,22,7,1,0.143,62.449,26.003
bamboo-03188,strict,37,,6,6,1.0,3.168,1.252
bamboo-03189,leftover,,,3,0,0.0,44.686,14.9
bamboo-03190,leftover,,2,5,3,0.6,141.51,128.5
bamboo-03191,strict,17,,0,0,1.0,0.8,0.8
bamboo-03192,strict,1,,0,0,1.0,0.0,0.0
bamboo-03193,leftover,,,6,0,0.0,40.353,25.0
bamboo-03194,strict,1,,0,0,1.0,0.0,0.0
bamboo-03195,leftover,,,7,0,0.0,98.019,83.819
bamboo-03196,leftover,,,5,0,0.0,15.8,3.0
bamboo-03197,strict,45,,4,4,1.0,5.453,2.0
bamboo-03198,leftover,,,5,0,0.0,56.358,24.2
bamboo-03199,oversize-total,,,2,0,0.0,242.156,82.878
bamboo-03200,oversize-total,,,5,0,0.0,151.332,135.426
bamboo-03201,strict,56,,6,6,1.0,8.032,5.032
bamboo-03202,strict,13,,2,2,1.0,0.8,0.8
bamboo-03203,strict,36,,5,5,1.0,3.1,3.0
bamboo-03204,strict,17,,5,5,1.0,0.8,0.8
bamboo-03205,leftover,,,5,0,0.0,99.498,50.715
bamboo-03206,leftover,,,3,0,0.0,82.077,23.283
bamboo-03207,leftover,,,8,0,0.0,72.756,29.915
bamboo-03208,strict,21,,5,5,1.0,0.966,0.8
bamboo-03209,oversize-total,,2,5,5,1.0,227.915,128.5
bamboo-03210,oversize-total,,,7,0,0.0,183.796,93.645
bamboo-03211,strict,40,,0,0,1.0,3.8,3.0
bamboo-03212,strict,41,,0,0,1.0,3.99,3.0
bamboo-03213,strict,24,,0,0,1.0,1.6,0.8
bamboo-03214,strict,40,,0,0,1.0,3.8,3.0
bamboo-03215,oversize-total,,,0,0,0.0,161.28,130.4
bamboo-03216,strict,17,,0,0,1.0,0.8,0.8
bamboo-03217,strict,32,,0,0,1.0,2.4,0.8
bamboo-03218,oversize-floor,,,0,0,0.0,1326.685,439.106
bamboo-03219,oversize-floor,,4,3,1,0.333,4868.552,4656.613
bamboo-03220,strict,42,,0,0,1.0,4.307,2.701
bamboo-03221,strict,54,,0,0,1.0,7.6,3.0
bamboo-03222,strict,34,,0,0,1.0,2.663,0.8
bamboo-03223,strict,36,,0,0,1.0,3.0,3.0
bamboo-03224,oversize-floor,,,0,0,0.0,55713.494,51048.155
bamboo-03225,leftover,,,0,0,0.0,74.506,46.566
bamboo-03226,oversize-floor,,,4,0,0.0,328.439,157.097
bamboo-03227,strict,21,,2,2,1.0,68.389,68.221
bamboo-03228,oversize-floor,,,0,0,0.0,8618.204,8381.903
bamboo-03229,leftover,,,1,0,0.0,97.974,25.103
bamboo-03230,leftover,,,0,0,0.0,55.726,14.9
bamboo-03231,leftover,,,0,0,0.0,59.729,15.0
bamboo-03232,oversize-total,,,0,0,0.0,463.508,133.863
bamboo-03233,leftover,,,4,0,0.0,67.481,20.32
bamboo-03234,strict,21,,4,4,1.0,1.886,0.8
bamboo-03235,oversize-floor,,,7,0,0.0,525.735,525.658
bamboo-03236,strict,1,,0,0,1.0,0.0,0.0
bamboo-03237,strict,2,,3,3,1.0,0.011,0.005
bamboo-03238,strict,2,,5,5,1.0,11.441,10.641
bamboo-03239,oversize-floor,,1,8,8,1.0,158.282,155.0
bamboo-03240,leftover,,,1,0,0.0,72.232,24.214
bamboo-03241,leftover,,,7,0,0.0,51.183,39.126
bamboo-03242,leftover,,,6,0,0.0,51.604,19.0
bamboo-03243,strict,45,,4,4,1.0,7.011,3.5
bamboo-03244,oversize-floor,,,3,0,0.0,197.545,155.0
bamboo-03245,oversize-floor,,,5,0,0.0,8388.6,8381.903
bamboo-03246,strict,55,,2,2,1.0,57.608,49.599
bamboo-03247,oversize-floor,,,4,0,0.0,940.134,931.323
bamboo-03248,oversize-floor,,,3,0,0.0,4475.781,4467.569
bamboo-03249,strict,1,,2,2,1.0,2.963,1.4
bamboo-03250,leftover,,15,4,2,0.5,47.27,21.719
bamboo-03251,oversize-floor,,,2,0,0.0,4896.759,4656.613
bamboo-03252,strict,8,,0,0,1.0,28.006,14.9
bamboo-03253,strict,60,,0,0,1.0,30.226,15.0
bamboo-03254,oversize-floor,,,3,0,0.0,277.924,155.0
bamboo-03255,leftover,,,2,0,0.0,60.029,24.2
bamboo-03256,oversize-total,,1,3,1,0.333,199.106,131.417
bamboo-03257,oversize-floor,,3,4,2,0.5,158.244,155.0
bamboo-03258,oversize-floor,,,5,0,0.0,1152.991,1151.136
bamboo-03259,strict,1,,2,2,1.0,0.166,0.098
bamboo-03260,leftover,,3,4,1,0.25,14.886,5.949
bamboo-03261,leftover,,,0,0,0.0,136.496,131.417
bamboo-03262,oversize-floor,,,3,0,0.0,992.067,800.0
bamboo-03263,leftover,,,6,0,0.0,9.365,6.325
bamboo-03264,leftover,,,12,0,0.0,55.19,25.103
bamboo-03265,leftover,,,12,0,0.0,38.474,15.674
bamboo-03266,oversize-floor,,,10,0,0.0,5439.559,5434.959
bamboo-03267,strict,1,,0,0,1.0,0.0,0.0
bamboo-03268,oversize-floor,,,9,0,0.0,284.0,284.0
bamboo-03269,strict,32,,0,0,1.0,2.4,0.8
bamboo-03270,strict,49,,7,7,1.0,6.2,3.0
bamboo-03271,oversize-floor,,,10,0,0.0,158.547,155.0
bamboo-03272,strict,1,,0,0,1.0,0.0,0.0
bamboo-03273,leftover,,37,6,3,0.5,105.355,101.679
bamboo-03274,strict,18,,7,7,1.0,15.248,12.6
bamboo-03275,leftover,,,0,0,0.0,31.681,19.681
bamboo-03276,strict,34,,3,3,1.0,15.524,14.624
bamboo-03277,strict,1,,0,0,1.0,0.0,0.0
bamboo-03278,oversize-total,,,3,0,0.0,172.547,106.516
bamboo-03279,leftover,,,5,0,0.0,41.911,24.2
bamboo-03280,oversize-floor,,,0,0,0.0,1811.078,792.326
bamboo-03281,leftover,,,6,0,0.0,61.157,29.756
bamboo-03282,strict,2,,4,4,1.0,4.82,1.397
bamboo-03283,strict,9,,3,3,1.0,0.1,0.1
bamboo-03284,leftover,,5,5,2,0.4,56.511,25.0
bamboo-03285,leftover,,21,3,1,0.333,66.666,20.049
bamboo-03286,leftover,,,2,0,0.0,140.894,131.417
bamboo-03287,strict,1,,0,0,1.0,0.0,0.0
bamboo-03288,oversize-floor,,,0,0,0.0,51389.924,51048.155
bamboo-03289,leftover,,,3,0,0.0,32.356,14.9
bamboo-03290,strict,1,,0,0,1.0,0.0,0.0
bamboo-03291,strict,1,,2,2,1.0,0.332,0.166
bamboo-03292,leftover,,,0,0,0.0,64.864,21.719
bamboo-03293,oversize-total,,,2,0,0.0,284.144,29.756
bamboo-03294,leftover,,,0,0,0.0,14.2,12.6
bamboo-03295,oversize-floor,,5,2,1,0.5,211.895,155.0
bamboo-03296,oversize-total,,,0,0,0.0,193.949,130.4
bamboo-03297,oversize-floor,,1,3,2,0.667,159.784,155.0
bamboo-03298,strict,1,,0,0,1.0,0.0,0.0
bamboo-03299,oversize-floor,,,6,0,0.0,190.53,155.0
bamboo-03300,strict,16,,1,1,1.0,0.8,0.8
bamboo-03301,strict,48,,6,6,1.0,5.655,2.2
bamboo-03302,oversize-floor,,,0,0,0.0,1010.179,558.794
bamboo-03303,oversize-floor,,,0,0,0.0,617.159,284.0
bamboo-03304,strict,6,,0,0,1.0,0.1,0.1
bamboo-03305,strict,2,,0,0,1.0,0.012,0.012
bamboo-03306,leftover,,,0,0,0.0,14.489,8.874
bamboo-03307,oversize-floor,,,0,0,0.0,211.887,155.0
bamboo-03308,leftover,,,3,0,0.0,26.689,13.614
bamboo-03309,leftover,,,0,0,0.0,107.736,17.214
bamboo-03310,strict,2,,0,0,1.0,27.9,14.9
bamboo-03311,oversize-floor,,,0,0,0.0,164.718,155.0
bamboo-03312,strict,2,,0,0,1.0,129.179,24.244
bamboo-03313,strict,11,,0,0,1.0,123.05,29.915
bamboo-03314,leftover,,,0,0,0.0,23.125,13.0
bamboo-03315,oversize-total,,,0,0,0.0,387.776,131.558
bamboo-03316,strict,1,,1,1,1.0,0.332,0.166
bamboo-03317,oversize-floor,,,0,0,0.0,2368.645,1862.645
bamboo-03318,strict,54,,7,7,1.0,7.6,3.0
bamboo-03319,leftover,,4,8,1,0.125,9.684,5.748
bamboo-03320,leftover,,,6,0,0.0,76.89,26.886
bamboo-03321,leftover,,,8,0,0.0,77.389,68.221
bamboo-03322,oversize-floor,,,0,0,0.0,10888.051,8381.903
bamboo-03323,strict,36,,5,5,1.0,3.001,3.0
bamboo-03324,leftover,,,4,0,0.0,34.808,13.039
bamboo-03325,strict,38,,5,5,1.0,4.282,1.863
bamboo-03326,leftover,,,5,0,0.0,60.516,14.9
bamboo-03327,leftover,,,7,0,0.0,88.928,31.554
bamboo-03328,oversize-floor,,,0,0,0.0,155.298,155.0
bamboo-03329,leftover,,,8,0,0.0,115.155,70.699
bamboo-03330,strict,18,,4,4,1.0,13.4,12.6
bamboo-03331,leftover,,,3,0,0.0,10.836,4.108
bamboo-03332,strict,1,,0,0,1.0,0.0,0.0
bamboo-03333,strict,1,,0,0,1.0,0.0,0.0
bamboo-03334,leftover,,,7,0,0.0,26.419,25.103
bamboo-03335,leftover,,,7,0,0.0,15.497,5.309
bamboo-03336,leftover,,,6,0,0.0,45.43,34.054
bamboo-03337,oversize-total,,,7,0,0.0,255.856,97.547
bamboo-03338,leftover,,,6,0,0.0,13.5,3.0
bamboo-03339,strict,27,,2,2,1.0,1.6,0.8
bamboo-03340,leftover,,,4,0,0.0,24.584,12.852
bamboo-03341,strict,20,,0,0,1.0,15.7,14.9
bamboo-03342,leftover,,,0,0,0.0,122.858,21.183
bamboo-03343,strict,46,,5,5,1.0,5.207,4.763
bamboo-03344,leftover,,,2,0,0.0,34.999,25.0
bamboo-03345,leftover,,,0,0,0.0,30.542,14.217
bamboo-03346,leftover,,,2,0,0.0,95.452,27.733
bamboo-03347,leftover,,,4,0,0.0,23.899,22.999
bamboo-03348,oversize-total,,,4,0,0.0,216.444,149.335
bamboo-03349,strict,3,,8,8,1.0,3.366,2.0
bamboo-03350,oversize-floor,,,10,0,0.0,1557.825,1300.0
bamboo-03351,leftover,,,10,0,0.0,23.674,13.039
bamboo-03352,oversize-total,,,0,0,0.0,208.899,36.328
bamboo-03353,oversize-floor,,,0,0,0.0,161.083,155.0
bamboo-03354,strict,3,,2,2,1.0,14.9,14.9
bamboo-03355,strict,3,,0,0,1.0,14.9,14.9
bamboo-03356,leftover,,,0,0,0.0,37.419,33.528
bamboo-03357,leftover,,,0,0,0.0,29.863,25.0
bamboo-03358,leftover,,,13,0,0.0,12.418,3.0
bamboo-03359,strict,47,,5,5,1.0,5.4,3.0
bamboo-03360,leftover,,,0,0,0.0,38.537,15.0
bamboo-03361,leftover,,,6,0,0.0,47.861,39.126
bamboo-03362,strict,24,,4,4,1.0,1.5,0.8
bamboo-03363,strict,5,,7,7,1.0,5.446,3.701
bamboo-03364,oversize-floor,,,0,0,0.0,1825.417,456.758
bamboo-03365,strict,24,,0,0,1.0,1.6,0.8
bamboo-03366,strict,46,,3,3,1.0,5.439,1.741
bamboo-03367,leftover,,,0,0,0.0,10.741,10.641
bamboo-03368,leftover,,,12,0,0.0,68.577,36.923
bamboo-03369,oversize-floor,,,3,0,0.0,946.178,456.758
bamboo-03370,oversize-total,,,0,0,0.0,601.12,96.064
bamboo-03371,oversize-total,,,0,0,0.0,344.34,135.426
bamboo-03372,leftover,,,2,0,0.0,38.574,13.156
bamboo-03373,leftover,,2,8,4,0.5,16.567,13.489
bamboo-03374,strict,31,,6,6,1.0,1.8,0.8
bamboo-03375,leftover,,,3,0,0.0,15.121,14.9
bamboo-03376,strict,46,,7,7,1.0,5.187,3.0
bamboo-03377,oversize-floor,,,9,0,0.0,660.906,326.0
bamboo-03378,strict,24,,9,9,1.0,1.6,0.8
bamboo-03379,leftover,,,4,0,0.0,32.325,25.0
bamboo-03380,oversize-floor,,1,2,1,0.5,3147.247,3065.113
bamboo-03381,leftover,,4,10,3,0.3,44.716,40.0
bamboo-03382,leftover,,,1,0,0.0,116.219,24.214
bamboo-03383,oversize-floor,,1,6,6,1.0,159.853,155.0
bamboo-03384,strict,2,,2,2,1.0,25.541,14.9
bamboo-03385,strict,46,,8,8,1.0,6.125,3.725
bamboo-03386,oversize-floor,,,0,0,0.0,502.932,311.853
bamboo-03387,leftover,,,12,0,0.0,79.099,60.0
bamboo-03388,leftover,,,0,0,0.0,44.861,16.0
bamboo-03389,strict,36,,0,0,1.0,3.08,1.087
bamboo-03390,leftover,,,4,0,0.0,14.219,8.89
bamboo-03391,strict,16,,0,0,1.0,0.8,0.8
bamboo-03392,strict,1,,0,0,1.0,0.0,0.0
bamboo-03393,oversize-total,,,0,0,0.0,202.059,120.878
bamboo-03394,leftover,,,0,0,0.0,39.502,31.388
bamboo-03395,strict,1,,0,0,1.0,0.0,0.0
bamboo-03396,strict,8,,0,0,1.0,1.164,0.699
bamboo-03397,leftover,,,2,0,0.0,20.902,14.958
bamboo-03398,strict,39,,0,0,1.0,3.943,2.804
bamboo-03399,strict,44,,0,0,1.0,4.8,0.8
bamboo-03400,strict,48,,0,0,1.0,6.0,3.0
bamboo-03401,strict,1,,0,0,1.0,0.0,0.0
bamboo-03402,strict,22,,5,5,1.0,1.021,0.8
bamboo-03403,strict,37,,0,0,1.0,3.418,1.252
bamboo-03404,strict,1,,0,0,1.0,0.0,0.0
bamboo-03405,oversize-floor,,,6,0,0.0,307.613,155.0
bamboo-03406,leftover,,,0,0,0.0,11.019,3.987
bamboo-03407,oversize-floor,,,1,0,0.0,329.8,326.0
bamboo-03408,oversize-floor,,,0,0,0.0,180.384,155.0
bamboo-03409,leftover,,,1,0,0.0,23.993,12.7
bamboo-03410,strict,1,,0,0,1.0,0.0,0.0
bamboo-03411,strict,1,,0,0,1.0,0.0,0.0
bamboo-03412,oversize-floor,,,0,0,0.0,253.919,155.0
bamboo-03413,strict,1,,0,0,1.0,0.0,0.0
bamboo-03414,strict,1,,0,0,1.0,0.0,0.0
bamboo-03415,strict,59,,0,0,1.0,11.437,6.7
bamboo-03416,strict,1,,0,0,1.0,0.0,0.0
bamboo-03417,leftover,,,1,0,0.0,48.739,18.0
bamboo-03418,strict,38,,3,3,1.0,4.0,0.8
bamboo-03419,strict,1,,0,0,1.0,0.0,0.0
bamboo-03420,strict,1,,0,0,1.0,3.881,3.5
bamboo-03421,leftover,,,5,0,0.0,41.585,17.509
bamboo-03422,strict,1,,0,0,1.0,0.0,0.0
bamboo-03423,oversize-floor,,,0,0,0.0,155.72,155.0
bamboo-03424,strict,32,,0,0,1.0,2.374,1.368
bamboo-03425,strict,21,,0,0,1.0,0.966,0.8
bamboo-03426,strict,1,,0,0,1.0,0.0,0.0
bamboo-03427,strict,22,,0,0,1.0,0.898,0.8
bamboo-03428,leftover,,,6,0,0.0,85.998,60.0
bamboo-03429,strict,31,,10,10,1.0,1.865,1.865
bamboo-03430,oversize-floor,,,8,0,0.0,288.794,155.0
bamboo-03431,strict,1,,0,0,1.0,0.0,0.0
bamboo-03432,strict,1,,0,0,1.0,0.0,0.0
bamboo-03433,leftover,,,10,0,0.0,22.045,7.445
bamboo-03434,strict,17,,3,3,1.0,0.8,0.8
bamboo-03435,leftover,,,8,0,0.0,78.12,54.83
bamboo-03436,strict,1,,0,0,1.0,0.0,0.0
bamboo-03437,strict,1,,0,0,1.0,0.0,0.0
bamboo-03438,strict,6,,0,0,1.0,0.1,0.1
bamboo-03439,strict,28,,0,0,1.0,1.6,0.8
bamboo-03440,oversize-floor,,,0,0,0.0,681.126,261.944
bamboo-03441,leftover,,,0,0,0.0,101.215,38.763
bamboo-03442,strict,17,,0,0,1.0,0.8,0.8
bamboo-03443,strict,33,,7,7,1.0,2.4,0.8
bamboo-03444,leftover,,6,6,1,0.167,32.701,14.003
bamboo-03445,leftover,,,4,0,0.0,28.992,23.592
bamboo-03446,strict,1,,0,0,1.0,0.0,0.0
bamboo-03447,strict,44,,0,0,1.0,4.6,3.0
bamboo-03448,strict,35,,7,7,1.0,2.813,0.8
bamboo-03449,oversize-floor,,,0,0,0.0,871.388,800.0
bamboo-03450,strict,54,,0,0,1.0,7.6,3.0
bamboo-03451,strict,41,,0,0,1.0,4.0,0.8
bamboo-03452,strict,18,,3,3,1.0,5.575,5.5
bamboo-03453,strict,1,,0,0,1.0,0.0,0.0
bamboo-03454,strict,10,,0,0,1.0,0.188,0.1
bamboo-03455,strict,44,,6,6,1.0,5.747,2.0
bamboo-03456,strict,13,,1,1,1.0,0.8,0.8
bamboo-03457,strict,36,,8,8,1.0,3.0,3.0
bamboo-03458,oversize-total,,,7,0,0.0,396.986,125.95
bamboo-03459,strict,4,,9,9,1.0,0.321,0.282
bamboo-03460,oversize-floor,,1,7,1,0.143,56537.165,51048.155
bamboo-03461,oversize-floor,,,13,0,0.0,1796.88,1024.455
bamboo-03462,strict,26,,8,8,1.0,107.014,101.679
bamboo-03463,leftover,,,6,0,0.0,21.73,14.9
bamboo-03464,strict,5,,5,5,1.0,2.332,2.0
bamboo-03465,leftover,,,0,0,0.0,25.493,14.9
bamboo-03466,strict,1,,0,0,1.0,0.0,0.0
bamboo-03467,leftover,,,0,0,0.0,147.0,130.4
bamboo-03468,strict,1,,0,0,1.0,0.0,0.0
bamboo-03469,oversize-floor,,,1,0,0.0,802.515,800.0
bamboo-03470,strict,34,,0,0,1.0,2.633,2.4
bamboo-03471,strict,20,,3,3,1.0,0.8,0.8
bamboo-03472,leftover,,,7,0,0.0,26.258,25.0
bamboo-03473,strict,1,,0,0,1.0,0.186,0.166
bamboo-03474,leftover,,,2,0,0.0,31.596,14.958
bamboo-03475,oversize-floor,,,6,0,0.0,158.624,155.0
bamboo-03476,leftover,,,1,0,0.0,53.375,27.94
bamboo-03477,strict,11,,2,2,1.0,0.269,0.09
bamboo-03478,strict,41,,0,0,1.0,4.002,0.8
bamboo-03479,strict,21,,0,0,1.0,1.21,0.8
bamboo-03480,leftover,,,8,0,0.0,51.779,29.664
bamboo-03481,leftover,,,6,0,0.0,38.368,13.0
bamboo-03482,strict,1,,0,0,1.0,0.0,0.0
bamboo-03483,strict,44,,7,7,1.0,4.81,0.81
bamboo-03484,strict,1,,0,0,1.0,0.0,0.0
bamboo-03485,oversize-floor,,1,7,6,0.857,158.215,155.0
bamboo-03486,oversize-floor,,,0,0,0.0,156.451,155.0
bamboo-03487,leftover,,,2,0,0.0,145.909,81.025
bamboo-03488,oversize-floor,,1,6,6,1.0,155.332,155.0
bamboo-03489,strict,1,,0,0,1.0,0.0,0.0
bamboo-03490,oversize-floor,,,4,0,0.0,598.472,241.301
bamboo-03491,strict,44,,6,6,1.0,4.821,3.56
bamboo-03492,strict,50,,8,8,1.0,6.281,6.281
bamboo-03493,strict,16,,5,5,1.0,0.8,0.8
bamboo-03494,oversize-floor,,,0,0,0.0,640.655,640.484
bamboo-03495,strict,40,,1,1,1.0,3.9,3.0
bamboo-03496,oversize-floor,,,0,0,0.0,647.826,167.921
bamboo-03497,leftover,,,0,0,0.0,112.69,112.69
bamboo-03498,strict,1,,0,0,1.0,0.0,0.0
bamboo-03499,strict,1,,0,0,1.0,0.0,0.0
bamboo-03500,strict,1,,5,5,1.0,0.001,0.001
bamboo-03501,strict,17,,0,0,1.0,0.8,0.8
bamboo-03502,strict,1,,0,0,1.0,0.0,0.0
bamboo-03503,leftover,,,10,0,0.0,149.2,135.0
bamboo-03504,leftover,,,7,0,0.0,69.058,35.596
bamboo-03505,strict,56,,10,10,1.0,7.8,3.1
bamboo-03506,strict,9,,10,10,1.0,68.941,68.221
bamboo-03507,leftover,,,10,0,0.0,10.895,3.0
bamboo-03508,leftover,,,8,0,0.0,104.324,61.028
bamboo-03509,strict,38,,8,8,1.0,3.2,0.8
bamboo-03510,oversize-floor,,,0,0,0.0,155.166,155.0
bamboo-03511,leftover,,,8,0,0.0,38.099,10.431
bamboo-03512,strict,53,,6,6,1.0,7.522,7.101
bamboo-03513,strict,24,,1,1,1.0,1.6,0.8
bamboo-03514,strict,42,,10,10,1.0,4.8,0.8
bamboo-03515,strict,50,,4,4,1.0,6.447,3.583
bamboo-03516,strict,1,,0,0,1.0,0.0,0.0
bamboo-03517,oversize-floor,,,10,0,0.0,558.325,284.0
bamboo-03518,oversize-floor,,,3,0,0.0,367.661,177.4
bamboo-03519,strict,38,,4,4,1.0,4.634,3.0
bamboo-03520,strict,17,,1,1,1.0,0.8,0.8
bamboo-03521,strict,1,,0,0,1.0,0.0,0.0
bamboo-03522,leftover,,,0,0,0.0,93.753,66.646
bamboo-03523,strict,1,,0,0,1.0,0.0,0.0
bamboo-03524,leftover,,,8,0,0.0,29.902,14.9
bamboo-03525,strict,1,,0,0,1.0,0.0,0.0
bamboo-03526,strict,1,,1,1,1.0,0.332,0.166
bamboo-03527,strict,33,,7,7,1.0,2.547,2.501
bamboo-03528,oversize-floor,,,3,0,0.0,159.959,155.0
bamboo-03529,oversize-floor,,,0,0,0.0,972.515,631.998
bamboo-03530,strict,43,,7,7,1.0,4.6,3.0
bamboo-03531,strict,17,,0,0,1.0,0.8,0.8
bamboo-03532,leftover,,11,7,5,0.714,60.315,47.715
bamboo-03533,strict,17,,5,5,1.0,0.8,0.8
bamboo-03534,strict,21,,7,7,1.0,14.429,12.829
bamboo-03535,leftover,,5,5,5,1.0,21.296,19.682
bamboo-03536,oversize-total,,3,5,3,0.6,168.457,130.4
bamboo-03537,leftover,,,0,0,0.0,13.71,3.0
bamboo-03538,strict,1,,0,0,1.0,0.0,0.0
bamboo-03539,strict,1,,0,0,1.0,0.0,0.0
bamboo-03540,strict,13,,5,5,1.0,8.927,4.052
bamboo-03541,leftover,,,10,0,0.0,19.426,18.626
bamboo-03542,strict,33,,6,6,1.0,2.423,0.8
bamboo-03543,leftover,,,5,0,0.0,20.227,18.626
bamboo-03544,strict,3,,1,1,1.0,6.7,6.7
bamboo-03545,oversize-floor,,,0,0,0.0,185.546,177.4
bamboo-03546,strict,1,,0,0,1.0,0.0,0.0
bamboo-03547,strict,5,,7,7,1.0,7.46,7.0
bamboo-03548,strict,2,,0,0,1.0,0.005,0.002
bamboo-03549,strict,21,,0,0,1.0,0.814,0.8
bamboo-03550,strict,22,,0,0,1.0,0.833,0.8
bamboo-03551,strict,31,,0,0,1.0,1.72,0.8
bamboo-03552,oversize-total,,,0,0,0.0,159.813,130.4
bamboo-03553,oversize-floor,,,0,0,0.0,4696.942,4656.613
bamboo-03554,oversize-floor,,,0,0,0.0,158.266,155.0
bamboo-03555,strict,1,,0,0,1.0,0.0,0.0
bamboo-03556,strict,46,,6,6,1.0,7.525,3.725
bamboo-03557,leftover,,,5,0,0.0,41.35,17.214
bamboo-03558,strict,1,,1,1,1.0,0.1,0.1
bamboo-03559,strict,13,,1,1,1.0,0.689,0.689
bamboo-03560,strict,1,,0,0,1.0,0.0,0.0
bamboo-03561,strict,36,,1,1,1.0,8.216,7.0
bamboo-03562,oversize-floor,,,0,0,0.0,338.097,177.4
bamboo-03563,strict,9,,0,0,1.0,0.1,0.1
bamboo-03564,strict,1,,0,0,1.0,0.0,0.0
bamboo-03565,leftover,,3,10,2,0.2,51.7,24.2
bamboo-03566,leftover,,,10,0,0.0,42.219,28.38
bamboo-03567,oversize-floor,,34,6,3,0.5,987.182,986.809
bamboo-03568,strict,20,,1,1,1.0,0.8,0.8
bamboo-03569,oversize-floor,,7,10,7,0.7,155.166,155.0
bamboo-03570,leftover,,,9,0,0.0,33.743,15.0
bamboo-03571,strict,1,,0,0,1.0,0.0,0.0
bamboo-03572,strict,33,,0,0,1.0,2.492,1.692
bamboo-03573,strict,42,,8,8,1.0,4.3,0.8
bamboo-03574,strict,34,,0,0,1.0,2.773,2.773
bamboo-03575,leftover,,,0,0,0.0,49.044,23.283
bamboo-03576,leftover,,,4,0,0.0,10.741,10.641
bamboo-03577,strict,1,,0,0,1.0,0.0,0.0
bamboo-03578,strict,23,,2,2,1.0,1.168,1.168
bamboo-03579,strict,21,,0,0,1.0,1.238,0.41
bamboo-03580,oversize-total,,,0,0,0.0,257.741,128.5
bamboo-03581,strict,1,,0,0,1.0,0.0,0.0
bamboo-03582,leftover,,,8,0,0.0,91.24,57.187
bamboo-03583,leftover,,,8,0,0.0,41.085,14.958
bamboo-03584,strict,1,,0,0,1.0,0.0,0.0
bamboo-03585,leftover,,,0,0,0.0,53.664,50.0
bamboo-03586,strict,15,,0,0,1.0,23.286,23.283
bamboo-03587,oversize-floor,,,0,0,0.0,168.477,155.0
bamboo-03588,oversize-floor,,,2,0,0.0,464.854,252.134
bamboo-03589,strict,9,,10,10,1.0,5.18,1.3
bamboo-03590,oversize-floor,,,0,0,0.0,163.304,155.0
bamboo-03591,strict,3,,0,0,1.0,0.8,0.8
bamboo-03592,strict,52,,0,0,1.0,7.001,3.0
bamboo-03593,leftover,,,0,0,0.0,19.368,14.9
bamboo-03594,strict,52,,5,5,1.0,6.932,3.0
bamboo-03595,leftover,,,2,0,0.0,9.684,3.684
bamboo-03596,leftover,,,3,0,0.0,11.437,11.337
bamboo-03597,leftover,,4,3,1,0.333,61.305,14.958
bamboo-03598,strict,20,,4,4,1.0,15.596,14.9
bamboo-03599,strict,1,,5,5,1.0,12.6,12.6
bamboo-03600,strict,16,,4,4,1.0,0.8,0.8
bamboo-03601,oversize-floor,,,0,0,0.0,172.83,155.0
bamboo-03602,strict,40,,5,5,1.0,3.896,3.096
bamboo-03603,leftover,,,7,0,0.0,35.1,22.0
bamboo-03604,strict,1,,0,0,1.0,0.0,0.0
bamboo-03605,strict,46,,8,8,1.0,5.761,4.763
bamboo-03606,strict,1,,0,0,1.0,0.0,0.0
bamboo-03607,strict,31,,0,0,1.0,1.628,0.8
bamboo-03608,strict,18,,8,8,1.0,0.8,0.8
bamboo-03609,strict,44,,0,0,1.0,4.8,0.8
bamboo-03610,strict,17,,10,10,1.0,0.8,0.8
bamboo-03611,oversize-total,,,0,0,0.0,537.345,142.05
bamboo-03612,oversize-total,,,0,0,0.0,256.959,135.426
bamboo-03613,leftover,,,0,0,0.0,76.81,14.2
bamboo-03614,strict,38,,0,0,1.0,3.23,0.811
bamboo-03615,strict,8,,0,0,1.0,14.951,14.9
bamboo-03616,strict,49,,0,0,1.0,6.466,3.0
bamboo-03617,oversize-floor,,,0,0,0.0,706.059,262.833
bamboo-03618,strict,47,,0,0,1.0,5.643,4.843
bamboo-03619,strict,9,,7,7,1.0,3.254,1.252
bamboo-03620,strict,10,,5,5,1.0,0.2,0.1
bamboo-03621,leftover,,,8,0,0.0,21.993,7.862
bamboo-03622,strict,3,,14,14,1.0,0.917,0.8
bamboo-03623,leftover,,,2,0,0.0,73.851,22.487
bamboo-03624,oversize-total,,,5,0,0.0,311.088,91.428
bamboo-03625,strict,1,,0,0,1.0,0.0,0.0
bamboo-03626,oversize-floor,,,0,0,0.0,434.214,414.712
bamboo-03627,strict,23,,8,8,1.0,1.394,0.8
bamboo-03628,leftover,,11,11,7,0.636,111.194,48.794
bamboo-03629,oversize-floor,,,2,0,0.0,2558.71,1060.317
bamboo-03630,strict,35,,0,0,1.0,3.013,2.533
bamboo-03631,strict,6,,0,0,1.0,0.1,0.1
bamboo-03632,oversize-floor,,,0,0,0.0,614.715,450.0
bamboo-03633,strict,36,,7,7,1.0,3.105,3.0
bamboo-03634,oversize-floor,,,6,0,0.0,5000.304,4656.613
bamboo-03635,leftover,,,4,0,0.0,57.609,14.9
bamboo-03636,leftover,,,3,0,0.0,19.0,3.0
bamboo-03637,strict,1,,0,0,1.0,0.0,0.0
bamboo-03638,oversize-floor,,,0,0,0.0,1014.867,986.809
bamboo-03639,oversize-total,,34,5,3,0.6,245.75,60.0
bamboo-03640,oversize-floor,,22,3,2,0.667,156.156,155.0
bamboo-03641,leftover,,2,3,2,0.667,25.103,25.103
bamboo-03642,oversize-total,,,3,0,0.0,561.381,146.047
bamboo-03643,leftover,,,1,0,0.0,19.786,13.979
bamboo-03644,strict,40,,2,2,1.0,3.8,3.0
bamboo-03645,strict,1,,0,0,1.0,0.0,0.0
bamboo-03646,leftover,,,3,0,0.0,114.315,24.244
bamboo-03647,strict,50,,3,3,1.0,6.4,0.8
bamboo-03648,leftover,,,2,0,0.0,27.668,13.039
bamboo-03649,strict,1,,0,0,1.0,0.0,0.0
bamboo-03650,oversize-floor,,,2,0,0.0,705.786,698.406
bamboo-03651,strict,17,,1,1,1.0,0.8,0.8
bamboo-03652,strict,25,,2,2,1.0,1.6,0.8
bamboo-03653,strict,1,,0,0,1.0,0.0,0.0
bamboo-03654,strict,1,,0,0,1.0,0.0,0.0
bamboo-03655,strict,33,,9,9,1.0,2.4,0.8
bamboo-03656,leftover,,,3,0,0.0,39.529,11.683
bamboo-03657,strict,29,,8,8,1.0,1.6,0.8
bamboo-03658,strict,1,,5,5,1.0,0.376,0.166
bamboo-03659,oversize-floor,,,10,0,0.0,3923.32,2284.329
bamboo-03660,strict,16,,0,0,1.0,0.8,0.8
bamboo-03661,leftover,,,2,0,0.0,134.345,93.132
bamboo-03662,strict,44,,11,11,1.0,4.8,3.0
bamboo-03663,strict,4,,9,9,1.0,8.166,8.0
bamboo-03664,strict,5,,0,0,1.0,0.216,0.166
bamboo-03665,strict,31,,0,0,1.0,1.851,1.397
bamboo-03666,strict,8,,0,0,1.0,15.7,14.9
bamboo-03667,strict,1,,0,0,1.0,0.0,0.0
bamboo-03668,strict,1,,0,0,1.0,0.0,0.0
bamboo-03669,oversize-floor,,1,9,4,0.444,155.705,155.0
bamboo-03670,oversize-floor,,45,6,2,0.333,190.533,155.0
bamboo-03671,strict,13,,1,1,1.0,22.089,20.489
bamboo-03672,oversize-total,,,0,0,0.0,429.539,135.426
bamboo-03673,leftover,,,6,0,0.0,95.781,95.781
bamboo-03674,leftover,,,2,0,0.0,74.5,52.0
bamboo-03675,strict,40,,3,3,1.0,3.8,3.0
bamboo-03676,oversize-total,,6,3,3,1.0,302.996,135.0
bamboo-03677,oversize-floor,,,2,0,0.0,655.606,439.106
bamboo-03678,strict,51,,1,1,1.0,6.569,3.0
bamboo-03679,leftover,,,5,0,0.0,19.244,14.9
bamboo-03680,strict,6,,3,3,1.0,5.0,5.0
bamboo-03681,oversize-floor,,,2,0,0.0,158.832,155.0
bamboo-03682,strict,9,,3,3,1.0,0.1,0.1
bamboo-03683,oversize-floor,,,3,0,0.0,260.415,155.0
bamboo-03684,leftover,,11,3,3,1.0,56.887,27.001
bamboo-03685,strict,51,,0,0,1.0,6.704,3.192
bamboo-03686,strict,1,,1,1,1.0,0.166,0.166
bamboo-03687,strict,33,,0,0,1.0,2.439,1.6
bamboo-03688,strict,33,,1,1,1.0,2.581,0.8
bamboo-03689,strict,7,,0,0,1.0,70.537,50.0
bamboo-03690,leftover,,,0,0,0.0,68.224,14.958
bamboo-03691,oversize-floor,,,0,0,0.0,224898.707,223517.418
bamboo-03692,strict,1,,0,0,1.0,0.02,0.02
bamboo-03693,strict,1,,0,0,1.0,3.763,1.4
bamboo-03694,oversize-floor,,,4,0,0.0,202.964,155.0
bamboo-03695,strict,53,,0,0,1.0,7.332,3.169
bamboo-03696,strict,1,,0,0,1.0,0.0,0.0
bamboo-03697,strict,1,,0,0,1.0,0.0,0.0
bamboo-03698,strict,59,,2,2,1.0,9.09,3.645
bamboo-03699,strict,1,,0,0,1.0,0.0,0.0
bamboo-03700,strict,52,,4,4,1.0,8.07,4.005
bamboo-03701,strict,58,,4,4,1.0,8.997,3.0
bamboo-03702,oversize-floor,,21,4,1,0.25,298.225,155.0
bamboo-03703,strict,1,,0,0,1.0,0.0,0.0
bamboo-03704,strict,15,,0,0,1.0,0.8,0.8
bamboo-03705,strict,7,,0,0,1.0,1.145,0.976
bamboo-03706,strict,1,,0,0,1.0,0.0,0.0
bamboo-03707,strict,3,,0,0,1.0,25.0,25.0
bamboo-03708,leftover,,,0,0,0.0,14.297,12.6
bamboo-03709,strict,3,,3,3,1.0,7.1,6.7
bamboo-03710,strict,41,,0,0,1.0,4.094,2.58
bamboo-03711,strict,1,,0,0,1.0,0.0,0.0
bamboo-03712,strict,1,,0,0,1.0,0.0,0.0
bamboo-03713,oversize-floor,,,4,0,0.0,294.807,252.375
bamboo-03714,oversize-floor,,,2,0,0.0,1353.302,800.0
bamboo-03715,oversize-floor,,,0,0,0.0,156.933,155.0
bamboo-03716,strict,1,,0,0,1.0,0.0,0.0
bamboo-03717,oversize-floor,,,0,0,0.0,158.0,155.0
bamboo-03718,leftover,,,0,0,0.0,117.534,42.466
bamboo-03719,oversize-floor,,,5,0,0.0,1451.282,838.19
bamboo-03720,strict,1,,0,0,1.0,0.0,0.0
bamboo-03721,strict,1,,0,0,1.0,0.0,0.0
bamboo-03722,strict,3,,1,1,1.0,0.014,0.014
bamboo-03723,leftover,,,3,0,0.0,89.723,29.915
bamboo-03724,strict,56,,5,5,1.0,8.118,8.118
bamboo-03725,oversize-total,,,5,0,0.0,271.466,120.878
bamboo-03726,strict,26,,3,3,1.0,1.6,0.8
bamboo-03727,strict,47,,0,0,1.0,5.424,0.8
bamboo-03728,leftover,,,3,0,0.0,48.01,14.9
bamboo-03729,leftover,,,0,0,0.0,39.21,14.409
bamboo-03730,strict,1,,1,1,1.0,12.6,12.6
bamboo-03731,strict,1,,0,0,1.0,0.0,0.0
bamboo-03732,strict,44,,5,5,1.0,4.82,0.8
bamboo-03733,leftover,,,6,0,0.0,79.278,78.378
bamboo-03734,leftover,,,0,0,0.0,13.956,13.156
bamboo-03735,oversize-total,,,3,0,0.0,159.085,130.4
bamboo-03736,strict,46,,0,0,1.0,5.884,4.763
bamboo-03737,strict,1,,0,0,1.0,0.0,0.0
bamboo-03738,strict,47,,2,2,1.0,5.4,3.0
bamboo-03739,oversize-floor,,,2,0,0.0,4647.142,2284.329
bamboo-03740,oversize-total,,,0,0,0.0,281.235,121.366
bamboo-03741,strict,24,,0,0,1.0,1.397,1.397
bamboo-03742,strict,1,,0,0,1.0,0.0,0.0
bamboo-03743,strict,4,,0,0,1.0,40.01,40.0
bamboo-03744,oversize-floor,,,0,0,0.0,175.794,155.0
bamboo-03745,leftover,,,5,0,0.0,70.534,24.214
bamboo-03746,oversize-floor,,,5,0,0.0,271.298,155.0
bamboo-03747,leftover,,,0,0,0.0,13.558,7.869
bamboo-03748,strict,37,,0,0,1.0,3.117,0.8
bamboo-03749,oversize-floor,,,8,0,0.0,405.502,180.0
bamboo-03750,leftover,,,4,0,0.0,25.477,24.677
bamboo-03751,oversize-floor,,,0,0,0.0,512.024,284.0
bamboo-03752,strict,31,,7,7,1.0,2.353,1.087
bamboo-03753,strict,7,,6,6,1.0,50.326,50.0
bamboo-03754,leftover,,,3,0,0.0,46.825,14.958
bamboo-03755,oversize-floor,,,3,0,0.0,269.997,155.0
bamboo-03756,oversize-total,,,3,0,0.0,186.656,133.723
bamboo-03757,oversize-floor,,,7,0,0.0,17945.478,17942.184
bamboo-03758,oversize-floor,,,4,0,0.0,283.693,245.237
bamboo-03759,strict,38,,10,10,1.0,3.2,0.8
bamboo-03760,strict,10,,0,0,1.0,4.258,3.0
bamboo-03761,strict,1,,2,2,1.0,0.2,0.1
bamboo-03762,strict,22,,0,0,1.0,0.901,0.8
bamboo-03763,strict,17,,0,0,1.0,0.8,0.8
bamboo-03764,oversize-floor,,,0,0,0.0,190.454,155.0
bamboo-03765,oversize-floor,,,0,0,0.0,230.958,230.951
bamboo-03766,strict,33,,1,1,1.0,5.605,0.8
bamboo-03767,strict,22,,2,2,1.0,0.92,0.8
bamboo-03768,strict,57,,0,0,1.0,8.403,5.5
bamboo-03769,strict,1,,2,2,1.0,0.186,0.166
bamboo-03770,leftover,,5,7,4,0.571,21.106,19.0
bamboo-03771,leftover,,,3,0,0.0,66.376,63.594
bamboo-03772,oversize-floor,,,0,0,0.0,505.46,284.0
bamboo-03773,strict,5,,8,8,1.0,26.863,25.0
bamboo-03774,oversize-total,,,0,0,0.0,254.46,135.426
bamboo-03775,oversize-total,,2,8,1,0.125,505.011,128.5
bamboo-03776,strict,1,,7,7,1.0,3.734,3.5
bamboo-03777,strict,1,,2,2,1.0,0.02,0.02
bamboo-03778,strict,31,,0,0,1.0,1.7,0.8
bamboo-03779,strict,1,,0,0,1.0,0.0,0.0
bamboo-03780,leftover,,,0,0,0.0,133.423,130.4
bamboo-03781,oversize-floor,,,0,0,0.0,682.727,155.0
bamboo-03782,strict,55,,0,0,1.0,7.73,4.843
bamboo-03783,leftover,,,0,0,0.0,16.0,16.0
bamboo-03784,oversize-floor,,8,10,3,0.3,526.164,456.758
bamboo-03785,oversize-floor,,,10,0,0.0,197.625,155.0
bamboo-03786,leftover,,,9,0,0.0,39.995,30.59
bamboo-03787,strict,25,,5,5,1.0,1.6,0.8
bamboo-03788,oversize-floor,,,0,0,0.0,242.435,155.0
bamboo-03789,oversize-floor,,,5,0,0.0,158.0,155.0
bamboo-03790,strict,1,,0,0,1.0,0.0,0.0
bamboo-03791,strict,18,,0,0,1.0,0.8,0.8
bamboo-03792,oversize-floor,,,1,0,0.0,539.65,525.658
bamboo-03793,leftover,,,4,0,0.0,20.8,20.0
bamboo-03794,leftover,,,0,0,0.0,95.5,83.819
bamboo-03795,strict,1,,0,0,1.0,0.0,0.0
bamboo-03796,leftover,,,0,0,0.0,48.042,21.164
bamboo-03797,oversize-floor,,,0,0,0.0,166.529,155.0
bamboo-03798,strict,1,,0,0,1.0,0.0,0.0
bamboo-03799,strict,48,,5,5,1.0,6.0,3.0
bamboo-03800,oversize-floor,,,0,0,0.0,271.317,155.0
bamboo-03801,strict,7,,5,5,1.0,0.361,0.195
bamboo-03802,strict,22,,2,2,1.0,0.9,0.8
bamboo-03803,strict,17,,6,6,1.0,0.8,0.8
bamboo-03804,oversize-floor,,4,5,2,0.4,281.884,261.655
bamboo-03805,strict,17,,1,1,1.0,0.8,0.8
bamboo-03806,oversize-floor,,,5,0,0.0,315.058,284.0
bamboo-03807,oversize-floor,,4,5,4,0.8,156.515,155.0
bamboo-03808,strict,1,,0,0,1.0,0.0,0.0
bamboo-03809,strict,1,,0,0,1.0,0.0,0.0
bamboo-03810,leftover,,,0,0,0.0,14.444,13.0
bamboo-03811,leftover,,,6,0,0.0,136.98,130.4
bamboo-03812,strict,44,,3,3,1.0,4.6,3.0
bamboo-03813,strict,38,,4,4,1.0,3.2,0.8
bamboo-03814,strict,1,,0,0,1.0,0.0,0.0
bamboo-03815,leftover,,,5,0,0.0,57.612,17.214
bamboo-03816,oversize-floor,,,6,0,0.0,366.034,155.0
bamboo-03817,strict,17,,5,5,1.0,0.8,0.8
bamboo-03818,strict,13,,0,0,1.0,4.218,4.052
bamboo-03819,strict,1,,5,5,1.0,0.166,0.166
bamboo-03820,leftover,,,12,0,0.0,10.18,3.0
bamboo-03821,strict,17,,1,1,1.0,0.8,0.8
bamboo-03822,strict,1,,0,0,1.0,16.042,10.679
bamboo-03823,strict,1,,0,0,1.0,0.0,0.0
bamboo-03824,strict,44,,2,2,1.0,4.8,0.8
bamboo-03825,leftover,,,4,0,0.0,53.626,15.903
bamboo-03826,strict,38,,0,0,1.0,3.262,0.8
bamboo-03827,oversize-floor,,,6,0,0.0,2028.062,1396.984
bamboo-03828,oversize-floor,,,0,0,0.0,779.991,437.9
bamboo-03829,oversize-floor,,,0,0,0.0,1498.039,1395.262
bamboo-03830,leftover,,,0,0,0.0,53.953,22.0
bamboo-03831,strict,28,,0,0,1.0,1.6,0.8
bamboo-03832,leftover,,,4,0,0.0,17.466,11.27
bamboo-03833,leftover,,,0,0,0.0,41.64,35.596
bamboo-03834,strict,55,,0,0,1.0,8.473,4.657
bamboo-03835,strict,10,,0,0,1.0,1.6,0.8
bamboo-03836,leftover,,,0,0,0.0,11.319,6.5
bamboo-03837,strict,1,,0,0,1.0,0.582,0.25
bamboo-03838,strict,1,,0,0,1.0,0.0,0.0
bamboo-03839,strict,13,,0,0,1.0,0.8,0.8
bamboo-03840,strict,1,,0,0,1.0,0.0,0.0
bamboo-03841,strict,35,,3,3,1.0,6.066,4.005
bamboo-03842,leftover,,,0,0,0.0,22.573,11.184
bamboo-03843,leftover,,,2,0,0.0,31.358,26.044
bamboo-03844,strict,35,,3,3,1.0,2.856,0.8
bamboo-03845,strict,27,,2,2,1.0,1.6,0.8
bamboo-03846,leftover,,,0,0,0.0,25.74,25.74
bamboo-03847,strict,9,,0,0,1.0,2.248,1.0
bamboo-03848,strict,32,,8,8,1.0,2.4,0.8
bamboo-03849,leftover,,,3,0,0.0,17.316,14.9
bamboo-03850,leftover,,,7,0,0.0,23.535,23.283
bamboo-03851,leftover,,,0,0,0.0,16.961,7.317
bamboo-03852,leftover,,,0,0,0.0,15.653,3.0
bamboo-03853,leftover,,,2,0,0.0,44.452,16.446
bamboo-03854,oversize-floor,,,4,0,0.0,1177.954,964.238
bamboo-03855,strict,17,,1,1,1.0,0.8,0.8
bamboo-03856,oversize-floor,,,2,0,0.0,2164.196,931.323
bamboo-03857,strict,48,,2,2,1.0,8.0,5.0
bamboo-03858,strict,19,,2,2,1.0,59.314,17.214
bamboo-03859,leftover,,15,3,1,0.333,47.519,25.0
bamboo-03860,leftover,,,2,0,0.0,39.407,19.779
bamboo-03861,leftover,,,0,0,0.0,32.669,28.869
bamboo-03862,strict,38,,0,0,1.0,3.4,1.4
bamboo-03863,oversize-floor,,,4,0,0.0,164.0,155.0
bamboo-03864,leftover,,,0,0,0.0,127.341,27.511
bamboo-03865,oversize-floor,,,1,0,0.0,155.582,155.0
bamboo-03866,strict,39,,0,0,1.0,3.719,1.07
bamboo-03867,strict,49,,2,2,1.0,6.0,3.0
bamboo-03868,leftover,,,0,0,0.0,10.572,10.141
bamboo-03869,oversize-floor,,41,4,3,0.75,159.45,155.0
bamboo-03870,oversize-floor,,,1,0,0.0,1598.05,1060.317
bamboo-03871,oversize-floor,,,0,0,0.0,364.653,155.0
bamboo-03872,strict,27,,0,0,1.0,1.6,0.8
bamboo-03873,strict,1,,0,0,1.0,0.0,0.0
bamboo-03874,strict,1,,0,0,1.0,0.186,0.166
bamboo-03875,leftover,,,3,0,0.0,13.697,6.5
bamboo-03876,oversize-floor,,,4,0,0.0,155.582,155.0
bamboo-03877,leftover,,,0,0,0.0,53.322,23.283
bamboo-03878,oversize-floor,,5,3,1,0.333,1774.372,1773.572
bamboo-03879,oversize-floor,,,9,0,0.0,161.542,155.0
bamboo-03880,oversize-floor,,,2,0,0.0,461.577,434.969
bamboo-03881,oversize-total,,,7,0,0.0,171.717,94.066
bamboo-03882,strict,38,,3,3,1.0,3.2,0.8
bamboo-03883,oversize-total,,52,6,4,0.667,203.293,139.595
bamboo-03884,leftover,,1,5,1,0.2,39.966,24.2
bamboo-03885,oversize-floor,,,5,0,0.0,1057.092,155.0
bamboo-03886,strict,1,,0,0,1.0,0.0,0.0
bamboo-03887,oversize-floor,,,2,0,0.0,1143.475,180.0
bamboo-03888,oversize-total,,,0,0,0.0,310.436,82.878
bamboo-03889,oversize-total,,,0,0,0.0,494.052,135.0
bamboo-03890,strict,32,,7,7,1.0,2.4,0.8
bamboo-03891,leftover,,,0,0,0.0,84.771,27.001
bamboo-03892,strict,4,,0,0,1.0,55.152,24.2
bamboo-03893,strict,17,,0,0,1.0,54.656,54.615
bamboo-03894,strict,1,,0,0,1.0,0.0,0.0
bamboo-03895,strict,5,,0,0,1.0,7.332,7.0
bamboo-03896,oversize-floor,,,0,0,0.0,161.0,155.0
bamboo-03897,strict,1,,0,0,1.0,0.0,0.0
bamboo-03898,leftover,,,0,0,0.0,56.5,16.0
bamboo-03899,strict,1,,0,0,1.0,0.0,0.0
bamboo-03900,oversize-floor,,,3,0,0.0,262.132,155.0
bamboo-03901,strict,18,,0,0,1.0,0.8,0.8
bamboo-03902,leftover,,,0,0,0.0,17.686,7.115
bamboo-03903,strict,4,,0,0,1.0,17.371,12.6
bamboo-03904,leftover,,,0,0,0.0,39.237,25.11
bamboo-03905,strict,4,,0,0,1.0,0.041,0.041
bamboo-03906,strict,9,,0,0,1.0,1.891,1.3
bamboo-03907,leftover,,,0,0,0.0,19.878,19.524
bamboo-03908,leftover,,,0,0,0.0,56.905,53.905
bamboo-03909,leftover,,,0,0,0.0,30.002,13.0
bamboo-03910,oversize-total,,,0,0,0.0,764.335,135.0
bamboo-03911,oversize-floor,,,0,0,0.0,264.2,155.0
bamboo-03912,oversize-floor,,,13,0,0.0,5773.465,5434.959
bamboo-03913,leftover,,2,10,1,0.1,24.772,14.9
bamboo-03914,strict,1,,0,0,1.0,0.0,0.0
bamboo-03915,strict,1,,0,0,1.0,0.0,0.0
bamboo-03916,strict,1,,8,8,1.0,0.008,0.005
bamboo-03917,oversize-floor,,,5,0,0.0,178.379,155.0
bamboo-03918,oversize-floor,,,3,0,0.0,571.597,276.174
bamboo-03919,strict,5,,3,3,1.0,1.615,1.615
bamboo-03920,leftover,,20,7,3,0.429,26.454,14.901
bamboo-03921,strict,1,,0,0,1.0,0.0,0.0
bamboo-03922,strict,43,,5,5,1.0,4.394,2.794
bamboo-03923,leftover,,,0,0,0.0,45.516,26.978
bamboo-03924,strict,24,,0,0,1.0,1.397,1.397
bamboo-03925,strict,39,,7,7,1.0,3.43,2.581
bamboo-03926,strict,26,,0,0,1.0,1.6,0.8
bamboo-03927,strict,58,,0,0,1.0,9.912,3.0
bamboo-03928,strict,26,,0,0,1.0,1.6,0.8
bamboo-03929,leftover,,,4,0,0.0,99.22,51.32
bamboo-03930,strict,1,,0,0,1.0,0.0,0.0
bamboo-03931,strict,1,,0,0,1.0,0.0,0.0
bamboo-03932,leftover,,,8,0,0.0,45.268,14.9
bamboo-03933,oversize-total,,,5,0,0.0,290.563,139.698
bamboo-03934,strict,1,,0,0,1.0,10.355,10.023
bamboo-03935,leftover,,,9,0,0.0,13.866,12.6
bamboo-03936,leftover,,,5,0,0.0,36.795,24.244
bamboo-03937,strict,44,,10,10,1.0,4.73,1.73
bamboo-03938,strict,1,,0,0,1.0,0.0,0.0
bamboo-03939,strict,21,,0,0,1.0,0.805,0.8
bamboo-03940,leftover,,,1,0,0.0,23.553,17.553
bamboo-03941,strict,16,,0,0,1.0,0.8,0.8
bamboo-03942,strict,17,,0,0,1.0,0.8,0.8
bamboo-03943,strict,21,,0,0,1.0,1.603,0.8
bamboo-03944,strict,1,,0,0,1.0,0.0,0.0
bamboo-03945,leftover,,,12,0,0.0,88.621,24.214
bamboo-03946,leftover,,,0,0,0.0,33.825,33.771
bamboo-03947,leftover,,,9,0,0.0,101.363,64.283
bamboo-03948,strict,58,,0,0,1.0,8.908,3.0
bamboo-03949,strict,1,,0,0,1.0,0.0,0.0
bamboo-03950,strict,33,,2,2,1.0,2.541,1.73
bamboo-03951,strict,1,,0,0,1.0,0.0,0.0
bamboo-03952,oversize-floor,,1,13,2,0.154,155.332,155.0
bamboo-03953,oversize-floor,,,0,0,0.0,7634.964,7418.064
bamboo-03954,strict,58,,0,0,1.0,8.628,3.0
bamboo-03955,strict,1,,0,0,1.0,0.0,0.0
bamboo-03956,strict,1,,0,0,1.0,0.0,0.0
bamboo-03957,strict,1,,0,0,1.0,3.881,3.5
bamboo-03958,strict,2,,0,0,1.0,1.398,1.397
bamboo-03959,strict,45,,7,7,1.0,8.567,4.712
bamboo-03960,strict,5,,7,7,1.0,0.803,0.471
bamboo-03961,strict,45,,13,13,1.0,19.941,17.249
bamboo-03962,strict,1,,0,0,1.0,0.0,0.0
bamboo-03963,strict,33,,11,11,1.0,2.405,0.8
bamboo-03964,strict,1,,3,3,1.0,0.332,0.166
bamboo-03965,leftover,,,3,0,0.0,38.095,26.978
bamboo-03966,leftover,,,6,0,0.0,81.158,24.2
bamboo-03967,oversize-floor,,,8,0,0.0,635.091,631.998
bamboo-03968,strict,49,,1,1,1.0,7.39,3.0
bamboo-03969,strict,1,,3,3,1.0,0.186,0.166
bamboo-03970,strict,38,,0,0,1.0,3.385,2.485
bamboo-03971,leftover,,3,6,2,0.333,57.121,53.905
bamboo-03972,strict,1,,0,0,1.0,0.0,0.0
bamboo-03973,strict,40,,8,8,1.0,3.8,3.0
bamboo-03974,leftover,,7,9,2,0.222,53.165,24.2
bamboo-03975,oversize-floor,,,0,0,0.0,1310.664,641.296
bamboo-03976,strict,10,,3,3,1.0,5.286,5.286
bamboo-03977,oversize-floor,,,3,0,0.0,124736.858,124500.395
bamboo-03978,strict,44,,4,4,1.0,4.788,3.0
bamboo-03979,strict,33,,4,4,1.0,2.4,0.8
bamboo-03980,strict,2,,5,5,1.0,15.316,14.9
bamboo-03981,leftover,,,0,0,0.0,137.02,29.915
bamboo-03982,oversize-floor,,,4,0,0.0,158.0,155.0
bamboo-03983,strict,33,,0,0,1.0,2.4,0.8
bamboo-03984,leftover,,,0,0,0.0,31.564,14.9
bamboo-03985,strict,7,,0,0,1.0,0.1,0.1
bamboo-03986,strict,20,,2,2,1.0,0.8,0.8
bamboo-03987,strict,38,,0,0,1.0,3.216,0.816
bamboo-03988,oversize-floor,,,0,0,0.0,167.955,155.0
bamboo-03989,strict,4,,0,0,1.0,3.771,3.5
bamboo-03990,leftover,,,0,0,0.0,120.7,61.028
bamboo-03991,strict,36,,2,2,1.0,3.0,3.0
bamboo-03992,oversize-floor,,,0,0,0.0,334.072,284.0
bamboo-03993,strict,19,,0,0,1.0,0.8,0.8
bamboo-03994,leftover,,,0,0,0.0,85.031,60.0
bamboo-03995,leftover,,10,8,2,0.25,131.948,130.4
bamboo-03996,strict,36,,7,7,1.0,3.086,3.086
bamboo-03997,oversize-floor,,,4,0,0.0,3039.645,2275.936
bamboo-03998,strict,25,,4,4,1.0,1.6,0.8
bamboo-03999,strict,32,,2,2,1.0,2.4,0.8
bamboo-04000,leftover,,,0,0,0.0,60.463,27.305
bamboo-04001,oversize-floor,,,0,0,0.0,204.303,155.0
bamboo-04002,oversize-floor,,,10,0,0.0,333.5,284.0
bamboo-04003,leftover,,,5,0,0.0,27.116,18.516
bamboo-04004,oversize-floor,,,5,0,0.0,945.3,800.0
bamboo-04005,oversize-floor,,,0,0,0.0,197.692,155.0
bamboo-04006,leftover,,,8,0,0.0,147.541,130.4
bamboo-04007,strict,3,,6,6,1.0,0.741,0.336
bamboo-04008,strict,41,,0,0,1.0,3.923,2.308
bamboo-04009,leftover,,,5,0,0.0,11.4,3.0
bamboo-04010,oversize-floor,,,7,0,0.0,701.557,698.406
bamboo-04011,strict,23,,3,3,1.0,18.792,18.626
bamboo-04012,strict,50,,3,3,1.0,6.634,2.507
bamboo-04013,oversize-floor,,1,3,1,0.333,249.025,155.0
bamboo-04014,strict,21,,0,0,1.0,1.21,0.8
bamboo-04015,leftover,,,7,0,0.0,16.238,12.922
bamboo-04016,strict,39,,0,0,1.0,3.523,3.0
bamboo-04017,strict,4,,10,10,1.0,4.297,3.227
bamboo-04018,strict,1,,0,0,1.0,0.0,0.0
bamboo-04019,leftover,,,8,0,0.0,29.806,17.378
bamboo-04020,oversize-floor,,,0,0,0.0,163.168,155.0
bamboo-04021,oversize-floor,,,0,0,0.0,642.189,640.484
bamboo-04022,strict,24,,6,6,1.0,1.549,0.8
bamboo-04023,strict,1,,0,0,1.0,0.0,0.0
bamboo-04024,oversize-floor,,,6,0,0.0,1729.779,1210.719
bamboo-04025,oversize-floor,,,6,0,0.0,183.315,155.0
bamboo-04026,strict,1,,0,0,1.0,0.0,0.0
bamboo-04027,strict,43,,5,5,1.0,4.549,3.0
bamboo-04028,strict,17,,3,3,1.0,0.8,0.8
bamboo-04029,strict,17,,7,7,1.0,0.8,0.8
bamboo-04030,leftover,,,7,0,0.0,58.817,49.733
bamboo-04031,strict,41,,0,0,1.0,3.993,3.193
bamboo-04032,strict,13,,4,4,1.0,0.598,0.237
bamboo-04033,oversize-floor,,,2,0,0.0,156.415,155.0
bamboo-04034,strict,15,,9,9,1.0,6.922,3.725
bamboo-04035,strict,8,,4,4,1.0,10.589,10.589
bamboo-04036,strict,1,,5,5,1.0,0.186,0.166
bamboo-04037,strict,1,,0,0,1.0,0.0,0.0
bamboo-04038,strict,16,,2,2,1.0,42.997,26.489
bamboo-04039,leftover,,,10,0,0.0,24.932,8.0
bamboo-04040,leftover,,,4,0,0.0,61.0,40.0
bamboo-04041,strict,1,,1,1,1.0,0.001,0.001
bamboo-04042,strict,17,,5,5,1.0,0.8,0.8
bamboo-04043,strict,29,,1,1,1.0,1.6,0.8
bamboo-04044,oversize-floor,,,8,0,0.0,241.103,217.545
bamboo-04045,strict,32,,0,0,1.0,2.4,0.8
bamboo-04046,strict,5,,7,7,1.0,16.706,12.6
bamboo-04047,oversize-floor,,,0,0,0.0,1853.141,1210.719
bamboo-04048,strict,28,,2,2,1.0,1.6,0.8
bamboo-04049,leftover,,,10,0,0.0,19.27,13.97
bamboo-04050,strict,22,,5,5,1.0,0.986,0.8
bamboo-04051,leftover,,,11,0,0.0,70.18,33.528
bamboo-04052,leftover,,6,8,3,0.375,87.05,50.0
bamboo-04053,strict,1,,0,0,1.0,1.275,0.6
bamboo-04054,leftover,,,0,0,0.0,71.389,68.221
bamboo-04055,strict,1,,0,0,1.0,0.0,0.0
bamboo-04056,strict,9,,10,10,1.0,68.389,68.221
bamboo-04057,strict,1,,0,0,1.0,0.0,0.0
bamboo-04058,oversize-floor,,,7,0,0.0,616.127,613.727
bamboo-04059,strict,1,,7,7,1.0,0.186,0.166
bamboo-04060,strict,1,,0,0,1.0,0.0,0.0
bamboo-04061,strict,1,,0,0,1.0,0.0,0.0
bamboo-04062,strict,14,,0,0,1.0,27.94,27.94
bamboo-04063,strict,40,,8,8,1.0,3.881,3.0
bamboo-04064,strict,48,,8,8,1.0,5.905,2.484
bamboo-04065,strict,16,,1,1,1.0,0.8,0.8
bamboo-04066,strict,1,,0,0,1.0,0.0,0.0
bamboo-04067,strict,1,,5,5,1.0,0.039,0.029
bamboo-04068,strict,59,,0,0,1.0,9.095,3.0
bamboo-04069,strict,1,,0,0,1.0,0.0,0.0
bamboo-04070,strict,23,,8,8,1.0,1.385,0.8
bamboo-04071,strict,23,,7,7,1.0,2.185,0.8
bamboo-04072,oversize-floor,,,10,0,0.0,205.24,156.39
bamboo-04073,strict,43,,12,12,1.0,4.6,3.0
bamboo-04074,strict,1,,0,0,1.0,0.0,0.0
bamboo-04075,leftover,,,11,0,0.0,78.654,62.163
bamboo-04076,strict,56,,9,9,1.0,8.213,3.0
bamboo-04077,strict,36,,6,6,1.0,2.969,2.969
bamboo-04078,oversize-floor,,,3,0,0.0,1369.68,262.852
bamboo-04079,strict,25,,0,0,1.0,1.6,0.8
bamboo-04080,strict,60,,3,3,1.0,9.258,3.0
bamboo-04081,oversize-floor,,1,5,1,0.2,647.981,640.484
bamboo-04082,strict,1,,0,0,1.0,0.0,0.0
bamboo-04083,strict,1,,0,0,1.0,0.0,0.0
bamboo-04084,strict,20,,0,0,1.0,0.8,0.8
bamboo-04085,leftover,,,3,0,0.0,34.807,4.657
bamboo-04086,strict,14,,2,2,1.0,3.2,0.8
bamboo-04087,oversize-total,,,4,0,0.0,310.7,130.4
bamboo-04088,oversize-total,,,0,0,0.0,469.413,130.4
bamboo-04089,strict,43,,0,0,1.0,4.6,3.0
bamboo-04090,oversize-floor,,,3,0,0.0,560.503,560.503
bamboo-04091,strict,1,,0,0,1.0,0.0,0.0
bamboo-04092,leftover,,,2,0,0.0,59.931,14.901
bamboo-04093,strict,8,,1,1,1.0,27.94,27.94
bamboo-04094,strict,45,,1,1,1.0,8.274,3.0
bamboo-04095,oversize-floor,,,6,0,0.0,621.709,252.134
bamboo-04096,leftover,,,2,0,0.0,80.934,17.214
bamboo-04097,oversize-floor,,,0,0,0.0,325.549,155.0
bamboo-04098,strict,1,,0,0,1.0,0.631,0.25
bamboo-04099,leftover,,,0,0,0.0,68.268,40.0
bamboo-04100,oversize-floor,,,0,0,0.0,507.068,351.109
bamboo-04101,leftover,,,0,0,0.0,118.058,27.0
bamboo-04102,leftover,,,0,0,0.0,89.049,31.432
bamboo-04103,strict,57,,0,0,1.0,9.257,7.657
bamboo-04104,strict,17,,2,2,1.0,0.8,0.8
bamboo-04105,strict,46,,2,2,1.0,6.363,4.763
bamboo-04106,strict,31,,1,1,1.0,1.697,0.8
bamboo-04107,leftover,,14,8,3,0.375,9.719,6.519
bamboo-04108,oversize-floor,,,10,0,0.0,202.447,155.0
bamboo-04109,leftover,,,3,0,0.0,122.966,121.366
bamboo-04110,strict,1,,0,0,1.0,0.0,0.0
bamboo-04111,oversize-floor,,,0,0,0.0,156.693,155.0
bamboo-04112,strict,16,,8,8,1.0,0.8,0.8
bamboo-04113,leftover,,,8,0,0.0,37.887,13.09
bamboo-04114,oversize-floor,,,5,0,0.0,177.871,155.0
bamboo-04115,oversize-floor,,,0,0,0.0,883.251,651.926
bamboo-04116,strict,48,,8,8,1.0,5.707,2.501
bamboo-04117,oversize-floor,,,7,0,0.0,842.499,800.0
bamboo-04118,oversize-floor,,,2,0,0.0,404.53,326.0
bamboo-04119,strict,28,,3,3,1.0,1.6,0.8
bamboo-04120,oversize-floor,,,9,0,0.0,1425.882,1396.984
bamboo-04121,strict,1,,0,0,1.0,0.0,0.0
bamboo-04122,strict,46,,8,8,1.0,5.079,3.0
bamboo-04123,oversize-floor,,,6,0,0.0,5486.28,5434.959
bamboo-04124,strict,1,,0,0,1.0,0.0,0.0
bamboo-04125,oversize-floor,,,7,0,0.0,912.283,800.0
bamboo-04126,oversize-floor,,1,5,1,0.2,158.341,155.0
bamboo-04127,leftover,,,4,0,0.0,13.243,4.843
bamboo-04128,oversize-floor,,,5,0,0.0,333.769,298.022
bamboo-04129,strict,31,,2,2,1.0,1.718,0.51
bamboo-04130,oversize-floor,,,0,0,0.0,342.182,338.139
bamboo-04131,oversize-floor,,,5,0,0.0,182.6,155.0
bamboo-04132,strict,46,,5,5,1.0,6.612,4.763
bamboo-04133,strict,50,,3,3,1.0,6.4,0.8
bamboo-04134,strict,6,,1,1,1.0,1.639,0.8
bamboo-04135,strict,1,,0,0,1.0,0.0,0.0
bamboo-04136,strict,20,,0,0,1.0,0.8,0.8
bamboo-04137,oversize-floor,,,3,0,0.0,437.059,261.655
bamboo-04138,strict,24,,7,7,1.0,1.442,1.251
bamboo-04139,oversize-floor,,7,6,2,0.333,253.911,155.0
bamboo-04140,strict,15,,8,8,1.0,0.8,0.8
bamboo-04141,strict,1,,5,5,1.0,1.634,1.4
bamboo-04142,strict,25,,0,0,1.0,1.6,0.8
bamboo-04143,strict,1,,8,8,1.0,0.582,0.25
bamboo-04144,strict,39,,10,10,1.0,3.8,3.0
bamboo-04145,leftover,,,0,0,0.0,68.994,14.449
bamboo-04146,strict,1,,0,0,1.0,0.0,0.0
bamboo-04147,strict,1,,0,0,1.0,0.0,0.0
bamboo-04148,strict,38,,0,0,1.0,3.2,0.8
bamboo-04149,strict,15,,0,0,1.0,0.8,0.8
bamboo-04150,strict,1,,0,0,1.0,0.0,0.0
bamboo-04151,strict,44,,0,0,1.0,6.708,3.5
bamboo-04152,strict,31,,0,0,1.0,1.74,0.8
bamboo-04153,strict,1,,0,0,1.0,0.0,0.0
bamboo-04154,strict,1,,0,0,1.0,0.0,0.0
bamboo-04155,strict,17,,3,3,1.0,0.8,0.8
bamboo-04156,strict,1,,0,0,1.0,0.0,0.0
bamboo-04157,oversize-floor,,1,6,5,0.833,155.166,155.0
bamboo-04158,oversize-floor,,1,6,4,0.667,155.166,155.0
bamboo-04159,strict,58,,6,6,1.0,8.667,3.0
bamboo-04160,strict,1,,0,0,1.0,0.0,0.0
bamboo-04161,leftover,,,2,0,0.0,30.6,14.9
bamboo-04162,oversize-floor,,,3,0,0.0,2354.68,1193.069
bamboo-04163,leftover,,,8,0,0.0,15.265,12.6
bamboo-04164,strict,1,,0,0,1.0,3.832,3.5
bamboo-04165,oversize-floor,,,8,0,0.0,972.513,931.323
bamboo-04166,oversize-floor,,,8,0,0.0,1249.662,931.323
bamboo-04167,leftover,,4,9,2,0.222,91.063,61.028
bamboo-04168,strict,1,,0,0,1.0,0.0,0.0
bamboo-04169,strict,1,,0,0,1.0,0.0,0.0
bamboo-04170,oversize-total,,,8,0,0.0,597.716,65.157
bamboo-04171,strict,1,,0,0,1.0,0.0,0.0
bamboo-04172,oversize-floor,,,0,0,0.0,1299.264,838.19
bamboo-04173,leftover,,9,12,2,0.167,56.691,54.185
bamboo-04174,strict,1,,0,0,1.0,0.0,0.0
bamboo-04175,strict,1,,0,0,1.0,0.0,0.0
bamboo-04176,strict,1,,0,0,1.0,0.0,0.0
bamboo-04177,strict,1,,0,0,1.0,0.0,0.0
bamboo-04178,strict,5,,4,4,1.0,1.615,1.615
bamboo-04179,leftover,,6,6,1,0.167,75.427,25.103
bamboo-04180,strict,1,,0,0,1.0,0.0,0.0
bamboo-04181,strict,32,,2,2,1.0,2.29,1.49
bamboo-04182,oversize-floor,,,2,0,0.0,156.308,155.0
bamboo-04183,leftover,,3,3,2,0.667,30.298,12.945
bamboo-04184,oversize-floor,,,8,0,0.0,810.489,800.0
bamboo-04185,oversize-floor,,5,10,4,0.4,10315.647,9313.226
bamboo-04186,strict,6,,7,7,1.0,0.428,0.428
bamboo-04187,strict,31,,10,10,1.0,1.793,0.8
bamboo-04188,strict,17,,6,6,1.0,0.8,0.8
bamboo-04189,leftover,,15,8,1,0.125,45.736,21.719
bamboo-04190,strict,2,,6,6,1.0,14.9,14.9
bamboo-04191,oversize-floor,,,8,0,0.0,408.734,252.134
bamboo-04192,strict,22,,5,5,1.0,27.501,26.978
bamboo-04193,oversize-floor,,,0,0,0.0,181.793,155.0
bamboo-04194,strict,25,,2,2,1.0,1.6,0.8
bamboo-04195,strict,1,,0,0,1.0,0.0,0.0
bamboo-04196,strict,39,,6,6,1.0,3.8,3.0
bamboo-04197,strict,1,,2,2,1.0,0.0,0.0
bamboo-04198,oversize-floor,,,1,0,0.0,704.566,698.406
bamboo-04199,leftover,,4,9,5,0.556,74.052,24.2
bamboo-04200,oversize-floor,,,3,0,0.0,1086.007,800.0
bamboo-04201,leftover,,4,8,1,0.125,29.949,14.9
bamboo-04202,strict,32,,1,1,1.0,2.4,0.8
bamboo-04203,oversize-floor,,,3,0,0.0,5434.959,5434.959
bamboo-04204,strict,51,,5,5,1.0,6.682,4.843
bamboo-04205,strict,1,,0,0,1.0,0.0,0.0
bamboo-04206,strict,12,,10,10,1.0,7.2,0.8
bamboo-04207,leftover,,,4,0,0.0,65.746,49.36
bamboo-04208,strict,1,,0,0,1.0,0.0,0.0
bamboo-04209,oversize-floor,,,2,0,0.0,232.953,155.0
bamboo-04210,oversize-total,,,1,0,0.0,201.092,60.0
bamboo-04211,strict,22,,1,1,1.0,0.966,0.8
bamboo-04212,oversize-floor,,,3,0,0.0,239.551,155.0
bamboo-04213,strict,1,,0,0,1.0,0.0,0.0
bamboo-04214,strict,17,,1,1,1.0,0.8,0.8
bamboo-04215,strict,41,,1,1,1.0,3.904,3.0
bamboo-04216,leftover,,,7,0,0.0,11.4,3.0
bamboo-04217,strict,38,,0,0,1.0,3.242,0.8
bamboo-04218,leftover,,,2,0,0.0,61.452,23.283
bamboo-04219,leftover,,,0,0,0.0,123.858,72.9
bamboo-04220,leftover,,,10,0,0.0,23.77,19.0
bamboo-04221,strict,24,,3,3,1.0,1.4,0.8
bamboo-04222,leftover,,,4,0,0.0,12.257,12.257
bamboo-04223,strict,51,,7,7,1.0,6.73,3.0
bamboo-04224,strict,1,,0,0,1.0,0.0,0.0
bamboo-04225,leftover,,,2,0,0.0,84.169,24.868
bamboo-04226,strict,1,,8,8,1.0,0.286,0.166
bamboo-04227,leftover,,,4,0,0.0,74.636,14.9
bamboo-04228,strict,60,,3,3,1.0,42.5,15.0
bamboo-04229,leftover,,,2,0,0.0,31.951,31.851
bamboo-04230,strict,11,,5,5,1.0,15.123,14.9
bamboo-04231,leftover,,4,6,1,0.167,82.189,53.867
bamboo-04232,oversize-floor,,,3,0,0.0,9444.643,5434.959
bamboo-04233,leftover,,,7,0,0.0,38.257,14.958
bamboo-04234,strict,22,,5,5,1.0,0.9,0.8
bamboo-04235,leftover,,,6,0,0.0,34.572,23.283
bamboo-04236,strict,22,,0,0,1.0,0.9,0.8
bamboo-04237,oversize-floor,,,3,0,0.0,3179.581,1957.114
bamboo-04238,leftover,,,6,0,0.0,50.148,14.9
bamboo-04239,leftover,,,6,0,0.0,51.796,22.0
bamboo-04240,leftover,,8,6,1,0.167,134.675,25.103
bamboo-04241,leftover,,,7,0,0.0,11.953,3.874
bamboo-04242,oversize-total,,,5,0,0.0,417.818,135.0
bamboo-04243,strict,1,,0,0,1.0,0.0,0.0
bamboo-04244,strict,28,,0,0,1.0,1.6,0.8
bamboo-04245,oversize-floor,,,0,0,0.0,416.93,261.247
bamboo-04246,strict,16,,0,0,1.0,0.8,0.8
bamboo-04247,oversize-floor,,,5,0,0.0,279.26,155.0
bamboo-04248,strict,17,,0,0,1.0,0.8,0.8
bamboo-04249,leftover,,,0,0,0.0,136.723,60.0
bamboo-04250,leftover,,,0,0,0.0,38.328,14.9
bamboo-04251,leftover,,,0,0,0.0,48.159,17.214
bamboo-04252,oversize-total,,,0,0,0.0,216.812,54.855
bamboo-04253,strict,50,,0,0,1.0,6.2,3.0
bamboo-04254,strict,44,,0,0,1.0,4.8,0.8
bamboo-04255,strict,33,,0,0,1.0,2.41,0.8
bamboo-04256,strict,25,,0,0,1.0,1.6,0.8
bamboo-04257,strict,1,,0,0,1.0,0.0,0.0
bamboo-04258,strict,42,,3,3,1.0,4.292,1.698
bamboo-04259,oversize-floor,,,5,0,0.0,297.475,284.0
bamboo-04260,strict,1,,0,0,1.0,0.0,0.0
bamboo-04261,leftover,,,10,0,0.0,86.503,20.0
bamboo-04262,strict,22,,1,1,1.0,0.9,0.8
bamboo-04263,strict,31,,13,13,1.0,1.78,0.98
bamboo-04264,oversize-floor,,45,10,3,0.3,168.46,155.0
bamboo-04265,leftover,,45,10,5,0.5,35.366,26.0
bamboo-04266,strict,1,,0,0,1.0,0.0,0.0
bamboo-04267,leftover,,,10,0,0.0,102.204,102.204
bamboo-04268,strict,1,,7,7,1.0,0.02,0.02
bamboo-04269,leftover,,,5,0,0.0,64.454,24.2
bamboo-04270,strict,1,,0,0,1.0,0.0,0.0
bamboo-04271,leftover,,,1,0,0.0,72.732,31.504
bamboo-04272,strict,53,,2,2,1.0,7.078,6.054
bamboo-04273,strict,22,,0,0,1.0,1.132,0.8
bamboo-04274,strict,38,,0,0,1.0,3.2,0.8
bamboo-04275,strict,19,,0,0,1.0,0.8,0.8
bamboo-04276,oversize-floor,,7,5,5,1.0,200.502,155.0
bamboo-04277,strict,1,,0,0,1.0,0.0,0.0
bamboo-04278,strict,1,,0,0,1.0,0.0,0.0
bamboo-04279,strict,1,,0,0,1.0,0.0,0.0
bamboo-04280,strict,20,,3,3,1.0,0.801,0.8
bamboo-04281,strict,1,,0,0,1.0,0.0,0.0
bamboo-04282,strict,54,,3,3,1.0,7.6,7.5
bamboo-04283,strict,14,,2,2,1.0,27.94,27.94
bamboo-04284,strict,1,,0,0,1.0,0.0,0.0
bamboo-04285,leftover,,,5,0,0.0,45.589,29.876
bamboo-04286,strict,57,,7,7,1.0,8.259,4.259
bamboo-04287,strict,5,,5,5,1.0,0.8,0.8
bamboo-04288,strict,45,,1,1,1.0,8.24,5.6
bamboo-04289,strict,1,,0,0,1.0,0.0,0.0
bamboo-04290,strict,25,,2,2,1.0,1.6,0.8
bamboo-04291,strict,1,,0,0,1.0,0.0,0.0
bamboo-04292,strict,1,,0,0,1.0,0.0,0.0
bamboo-04293,oversize-floor,,,4,0,0.0,155.78,155.0
bamboo-04294,strict,7,,9,9,1.0,12.524,5.6
bamboo-04295,strict,1,,0,0,1.0,0.0,0.0
bamboo-04296,strict,48,,6,6,1.0,5.93,5.93
bamboo-04297,oversize-floor,,,0,0,0.0,840.0,800.0
bamboo-04298,leftover,,32,4,1,0.25,29.079,20.0
bamboo-04299,oversize-floor,,1,10,6,0.6,240.385,155.0
bamboo-04300,strict,1,,0,0,1.0,0.0,0.0
bamboo-04301,strict,2,,0,0,1.0,10.641,10.641
bamboo-04302,strict,1,,0,0,1.0,0.0,0.0
bamboo-04303,strict,1,,0,0,1.0,0.25,0.25
bamboo-04304,strict,37,,0,0,1.0,3.11,1.48
bamboo-04305,strict,34,,4,4,1.0,57.404,13.743
bamboo-04306,strict,36,,0,0,1.0,3.0,3.0
bamboo-04307,leftover,,,0,0,0.0,144.427,53.905
bamboo-04308,strict,1,,0,0,1.0,0.0,0.0
bamboo-04309,oversize-total,,,0,0,0.0,356.166,135.0
bamboo-04310,strict,20,,3,3,1.0,0.801,0.8
bamboo-04311,strict,13,,3,3,1.0,22.6,3.0
bamboo-04312,leftover,,,1,0,0.0,10.148,6.5
bamboo-04313,oversize-floor,,45,3,2,0.667,164.666,155.0
bamboo-04314,leftover,,,0,0,0.0,39.941,14.9
bamboo-04315,strict,31,,0,0,1.0,1.63,0.8
bamboo-04316,leftover,,,0,0,0.0,36.848,18.455
bamboo-04317,strict,52,,0,0,1.0,7.062,1.675
bamboo-04318,oversize-floor,,,0,0,0.0,155.582,155.0
bamboo-04319,strict,1,,0,0,1.0,0.0,0.0
bamboo-04320,strict,1,,0,0,1.0,0.0,0.0
bamboo-04321,strict,1,,0,0,1.0,0.0,0.0
bamboo-04322,strict,1,,0,0,1.0,0.234,0.166
bamboo-04323,strict,20,,0,0,1.0,0.8,0.8
bamboo-04324,strict,1,,0,0,1.0,0.0,0.0
bamboo-04325,leftover,,,3,0,0.0,14.461,12.6
bamboo-04326,strict,2,,10,10,1.0,10.641,10.641
bamboo-04327,strict,1,,3,3,1.0,0.093,0.093
bamboo-04328,leftover,,,8,0,0.0,49.01,23.283
bamboo-04329,oversize-total,,,8,0,0.0,161.234,76.916
bamboo-04330,leftover,,,10,0,0.0,21.586,13.039
bamboo-04331,oversize-floor,,,8,0,0.0,825.4,800.0
bamboo-04332,strict,18,,0,0,1.0,0.8,0.8
bamboo-04333,strict,59,,7,7,1.0,12.7,6.7
bamboo-04334,strict,6,,1,1,1.0,0.1,0.1
bamboo-04335,leftover,,8,7,1,0.143,109.145,57.706
bamboo-04336,strict,39,,5,5,1.0,3.8,3.0
bamboo-04337,oversize-floor,,,4,0,0.0,311.271,155.0
bamboo-04338,leftover,,20,6,3,0.5,27.651,25.743
bamboo-04339,leftover,,7,4,3,0.75,15.654,11.781
bamboo-04340,strict,8,,4,4,1.0,0.784,0.408
bamboo-04341,leftover,,,5,0,0.0,72.798,15.0
bamboo-04342,strict,4,,3,3,1.0,40.0,40.0
bamboo-04343,oversize-total,,,4,0,0.0,333.513,135.0
bamboo-04344,leftover,,,5,0,0.0,103.56,38.763
bamboo-04345,oversize-floor,,,5,0,0.0,490.668,314.971
bamboo-04346,leftover,,,2,0,0.0,16.863,3.0
bamboo-04347,leftover,,,5,0,0.0,131.768,130.385
bamboo-04348,strict,1,,0,0,1.0,0.0,0.0
bamboo-04349,oversize-total,,1,4,1,0.25,187.505,26.979
bamboo-04350,oversize-floor,,,0,0,0.0,324.0,284.0
bamboo-04351,strict,22,,3,3,1.0,1.06,0.8
bamboo-04352,leftover,,,5,0,0.0,29.743,14.9
bamboo-04353,strict,10,,3,3,1.0,0.86,0.51
bamboo-04354,oversize-total,,,5,0,0.0,322.997,94.066
bamboo-04355,oversize-total,,,5,0,0.0,276.717,136.729
bamboo-04356,leftover,,,1,0,0.0,22.093,14.093
bamboo-04357,strict,32,,5,5,1.0,2.328,2.328
bamboo-04358,leftover,,,5,0,0.0,24.928,12.6
bamboo-04359,strict,29,,2,2,1.0,1.6,0.8
bamboo-04360,leftover,,14,4,3,0.75,47.053,41.91
bamboo-04361,leftover,,,3,0,0.0,33.541,29.915
bamboo-04362,oversize-floor,,,3,0,0.0,813.057,800.0
bamboo-04363,strict,1,,0,0,1.0,0.0,0.0
bamboo-04364,oversize-floor,,,5,0,0.0,160.117,155.0
bamboo-04365,strict,1,,4,4,1.0,38.291,13.503
bamboo-04366,strict,1,,0,0,1.0,0.0,0.0
bamboo-04367,oversize-floor,,,2,0,0.0,908.04,838.19
bamboo-04368,leftover,,,3,0,0.0,54.11,25.745
bamboo-04369,oversize-floor,,,5,0,0.0,163.677,155.0
bamboo-04370,strict,19,,5,5,1.0,46.314,17.214
bamboo-04371,strict,39,,5,5,1.0,3.8,3.0
bamboo-04372,strict,1,,0,0,1.0,0.0,0.0
bamboo-04373,leftover,,,4,0,0.0,78.899,78.899
bamboo-04374,strict,1,,0,0,1.0,0.0,0.0
bamboo-04375,oversize-total,,,4,0,0.0,164.779,128.5
bamboo-04376,oversize-floor,,,0,0,0.0,844.69,838.19
bamboo-04377,leftover,,,5,0,0.0,35.538,14.093
bamboo-04378,oversize-total,,,5,0,0.0,800.111,136.738
bamboo-04379,oversize-floor,,,5,0,0.0,845.289,838.19
bamboo-04380,oversize-floor,,,5,0,0.0,5434.959,5434.959
bamboo-04381,leftover,,7,12,8,0.667,29.135,25.0
bamboo-04382,strict,1,,0,0,1.0,0.0,0.0
bamboo-04383,oversize-floor,,,1,0,0.0,162.431,155.0
bamboo-04384,oversize-floor,,,8,0,0.0,1632.295,1210.719
bamboo-04385,leftover,,,9,0,0.0,37.822,17.05
bamboo-04386,strict,17,,10,10,1.0,0.8,0.8
bamboo-04387,strict,2,,1,1,1.0,2.198,1.211
bamboo-04388,oversize-floor,,,0,0,0.0,222.811,199.81
bamboo-04389,leftover,,,2,0,0.0,128.813,127.005
bamboo-04390,strict,13,,1,1,1.0,0.476,0.466
bamboo-04391,leftover,,,0,0,0.0,86.601,20.0
bamboo-04392,strict,1,,0,0,1.0,0.0,0.0
bamboo-04393,oversize-floor,,,6,0,0.0,159.338,155.0
bamboo-04394,strict,33,,3,3,1.0,2.656,0.8
bamboo-04395,leftover,,,7,0,0.0,13.526,3.0
bamboo-04396,oversize-floor,,,7,0,0.0,425.183,284.0
bamboo-04397,oversize-floor,,2,8,1,0.125,5656.181,4656.613
bamboo-04398,strict,46,,6,6,1.0,6.394,4.763
bamboo-04399,oversize-floor,,,1,0,0.0,168.628,155.0
bamboo-04400,oversize-floor,,,1,0,0.0,125871.122,124500.395
bamboo-04401,strict,1,,0,0,1.0,0.0,0.0
bamboo-04402,strict,46,,1,1,1.0,6.461,4.861
bamboo-04403,strict,22,,1,1,1.0,0.823,0.8
bamboo-04404,leftover,,,7,0,0.0,12.905,4.43
bamboo-04405,leftover,,,1,0,0.0,54.265,33.997
bamboo-04406,leftover,,,0,0,0.0,89.464,21.719
bamboo-04407,leftover,,,2,0,0.0,72.779,20.332
bamboo-04408,strict,34,,0,0,1.0,2.8,2.0
bamboo-04409,strict,6,,5,5,1.0,0.1,0.1
bamboo-04410,strict,39,,1,1,1.0,3.8,3.0
bamboo-04411,leftover,,11,6,1,0.167,24.504,14.9
bamboo-04412,oversize-floor,,,1,0,0.0,641.363,640.484
bamboo-04413,strict,10,,1,1,1.0,0.185,0.103
bamboo-04414,leftover,,,6,0,0.0,148.081,93.402
bamboo-04415,leftover,,,1,0,0.0,14.488,10.679
bamboo-04416,oversize-floor,,,0,0,0.0,251.57,155.0
bamboo-04417,strict,45,,1,1,1.0,5.539,0.957
bamboo-04418,strict,16,,1,1,1.0,0.8,0.8
bamboo-04419,leftover,,,4,0,0.0,66.054,51.502
bamboo-04420,oversize-floor,,,1,0,0.0,340.254,177.4
bamboo-04421,strict,17,,0,0,1.0,0.8,0.8
bamboo-04422,leftover,,,5,0,0.0,35.792,13.0
bamboo-04423,strict,10,,1,1,1.0,0.264,0.195
bamboo-04424,leftover,,,1,0,0.0,14.656,7.701
bamboo-04425,strict,3,,6,6,1.0,5.354,2.0
bamboo-04426,strict,1,,0,0,1.0,0.0,0.0
bamboo-04427,strict,1,,0,0,1.0,0.0,0.0
bamboo-04428,strict,25,,1,1,1.0,1.6,0.8
bamboo-04429,oversize-floor,,,1,0,0.0,182.911,155.0
bamboo-04430,strict,25,,1,1,1.0,1.6,0.8
bamboo-04431,oversize-total,,,2,0,0.0,313.192,130.4
bamboo-04432,strict,1,,0,0,1.0,0.0,0.0
bamboo-04433,leftover,,3,5,5,1.0,44.852,40.0
bamboo-04434,strict,3,,1,1,1.0,2.4,0.8
bamboo-04435,strict,1,,1,1,1.0,0.279,0.166
bamboo-04436,strict,1,,0,0,1.0,0.0,0.0
bamboo-04437,strict,1,,0,0,1.0,0.0,0.0
bamboo-04438,oversize-total,,,1,0,0.0,245.5,130.4
bamboo-04439,strict,53,,1,1,1.0,7.418,5.818
bamboo-04440,strict,1,,0,0,1.0,0.0,0.0
bamboo-04441,strict,32,,5,5,1.0,2.4,0.8
bamboo-04442,strict,47,,8,8,1.0,5.4,3.0
bamboo-04443,strict,22,,8,8,1.0,0.88,0.8
bamboo-04444,oversize-floor,,1,7,5,0.714,158.706,155.0
bamboo-04445,strict,1,,0,0,1.0,0.0,0.0
bamboo-04446,strict,10,,0,0,1.0,7.319,1.3
bamboo-04447,strict,1,,2,2,1.0,0.1,0.1
bamboo-04448,leftover,,,0,0,0.0,114.705,61.821
bamboo-04449,strict,3,,0,0,1.0,0.017,0.017
bamboo-04450,oversize-floor,,,2,0,0.0,314.926,155.0
bamboo-04451,oversize-floor,,,0,0,0.0,583.435,558.794
bamboo-04452,strict,33,,2,2,1.0,2.444,0.8
bamboo-04453,strict,14,,7,7,1.0,2.18,2.107
bamboo-04454,leftover,,1,3,2,0.667,10.316,7.535
bamboo-04455,strict,10,,3,3,1.0,2.581,1.211
bamboo-04456,oversize-floor,,,5,0,0.0,168.973,155.0
bamboo-04457,strict,1,,6,6,1.0,0.166,0.166
bamboo-04458,strict,1,,1,1,1.0,0.02,0.02
bamboo-04459,strict,31,,4,4,1.0,2.042,1.4
bamboo-04460,strict,1,,0,0,1.0,0.0,0.0
bamboo-04461,leftover,,,6,0,0.0,21.047,14.047
bamboo-04462,leftover,,,2,0,0.0,142.452,35.993
bamboo-04463,strict,40,,0,0,1.0,3.9,3.0
bamboo-04464,leftover,,,2,0,0.0,70.18,30.547
bamboo-04465,strict,1,,0,0,1.0,0.0,0.0
bamboo-04466,strict,10,,1,1,1.0,6.519,6.519
bamboo-04467,leftover,,,8,0,0.0,28.446,24.677
bamboo-04468,oversize-floor,,,4,0,0.0,1287.24,931.323
bamboo-04469,leftover,,,2,0,0.0,112.848,64.054
bamboo-04470,strict,19,,1,1,1.0,0.8,0.8
bamboo-04471,strict,1,,1,1,1.0,0.332,0.166
bamboo-04472,strict,24,,4,4,1.0,1.6,0.8
bamboo-04473,strict,22,,1,1,1.0,0.995,0.8
bamboo-04474,strict,23,,2,2,1.0,1.142,0.8
bamboo-04475,leftover,,,3,0,0.0,140.599,139.698
bamboo-04476,oversize-floor,,,2,0,0.0,162.899,155.0
bamboo-04477,strict,1,,0,0,1.0,0.0,0.0
bamboo-04478,strict,31,,5,5,1.0,1.887,1.07
bamboo-04479,strict,1,,0,0,1.0,0.0,0.0
bamboo-04480,leftover,,,6,0,0.0,23.9,20.0
bamboo-04481,strict,1,,0,0,1.0,0.0,0.0
bamboo-04482,leftover,,,0,0,0.0,10.465,8.0
bamboo-04483,oversize-floor,,7,2,1,0.5,164.205,155.0
bamboo-04484,oversize-floor,,,2,0,0.0,190.776,155.0
bamboo-04485,strict,3,,2,2,1.0,6.5,6.5
bamboo-04486,strict,1,,0,0,1.0,0.0,0.0
bamboo-04487,strict,6,,0,0,1.0,12.6,12.6
bamboo-04488,strict,32,,1,1,1.0,2.146,2.146
bamboo-04489,oversize-total,,,2,0,0.0,158.623,92.7
bamboo-04490,strict,1,,2,2,1.0,0.166,0.166
bamboo-04491,oversize-floor,,1,1,1,1.0,155.332,155.0
bamboo-04492,oversize-floor,,,2,0,0.0,850.79,838.19
bamboo-04493,strict,4,,6,6,1.0,0.903,0.718
bamboo-04494,leftover,,,6,0,0.0,81.283,53.905
bamboo-04495,oversize-floor,,,1,0,0.0,1440.258,261.928
bamboo-04496,leftover,,,2,0,0.0,42.574,21.719
bamboo-04497,oversize-floor,,,1,0,0.0,155.166,155.0
bamboo-04498,oversize-floor,,5,6,1,0.167,170.085,155.0
bamboo-04499,leftover,,,5,0,0.0,51.234,28.38
bamboo-04500,strict,7,,2,2,1.0,22.46,17.249
bamboo-04501,oversize-floor,,,2,0,0.0,155.1,155.0
bamboo-04502,oversize-floor,,,3,0,0.0,1353.945,1352.345
bamboo-04503,strict,1,,6,6,1.0,0.166,0.166
bamboo-04504,strict,1,,0,0,1.0,0.0,0.0
bamboo-04505,strict,1,,0,0,1.0,0.0,0.0
bamboo-04506,strict,1,,0,0,1.0,0.0,0.0
bamboo-04507,strict,1,,0,0,1.0,0.0,0.0
bamboo-04508,leftover,,,11,0,0.0,14.092,4.292
bamboo-04509,strict,9,,7,7,1.0,0.938,0.8
bamboo-04510,leftover,,,3,0,0.0,20.257,3.874
bamboo-04511,oversize-floor,,45,6,1,0.167,200.554,155.0
bamboo-04512,leftover,,,6,0,0.0,20.537,14.185
bamboo-04513,strict,33,,0,0,1.0,2.4,0.8
bamboo-04514,strict,1,,0,0,1.0,0.0,0.0
bamboo-04515,strict,1,,0,0,1.0,0.0,0.0
bamboo-04516,strict,1,,0,0,1.0,0.068,0.049
bamboo-04517,strict,1,,0,0,1.0,0.0,0.0
bamboo-04518,strict,20,,5,5,1.0,0.8,0.8
bamboo-04519,strict,1,,0,0,1.0,0.0,0.0
bamboo-04520,oversize-total,,,3,0,0.0,193.944,130.4
bamboo-04521,strict,1,,0,0,1.0,0.0,0.0
bamboo-04522,strict,11,,2,2,1.0,0.414,0.25
bamboo-04523,strict,32,,2,2,1.0,2.197,1.397
bamboo-04524,oversize-total,,,5,0,0.0,331.439,27.001
bamboo-04525,leftover,,,5,0,0.0,11.881,6.62
bamboo-04526,strict,10,,4,4,1.0,0.101,0.1
bamboo-04527,oversize-floor,,,5,0,0.0,397.767,397.767
bamboo-04528,oversize-floor,,,4,0,0.0,11171.228,8381.903
bamboo-04529,oversize-floor,,,6,0,0.0,739.424,631.998
bamboo-04530,oversize-floor,,,6,0,0.0,155.0,155.0
bamboo-04531,leftover,,,3,0,0.0,47.299,28.869
bamboo-04532,oversize-floor,,,4,0,0.0,2304.236,2275.936
bamboo-04533,strict,27,,13,13,1.0,60.536,60.536
bamboo-04534,leftover,,,1,0,0.0,12.505,7.862
bamboo-04535,strict,27,,0,0,1.0,1.6,0.8
bamboo-04536,strict,11,,5,5,1.0,44.817,29.915
bamboo-04537,leftover,,,5,0,0.0,49.934,25.103
bamboo-04538,leftover,,,5,0,0.0,54.664,18.455
bamboo-04539,leftover,,,2,0,0.0,9.795,5.995
bamboo-04540,leftover,,7,5,5,1.0,14.532,9.313
bamboo-04541,oversize-floor,,,0,0,0.0,5029.142,5029.142
bamboo-04542,strict,1,,0,0,1.0,0.0,0.0
bamboo-04543,leftover,,,4,0,0.0,17.918,9.518
bamboo-04544,strict,33,,2,2,1.0,2.4,0.8
bamboo-04545,leftover,,,0,0,0.0,116.297,50.657
bamboo-04546,leftover,,,5,0,0.0,73.052,36.79
bamboo-04547,leftover,,,5,0,0.0,29.941,15.0
bamboo-04548,strict,31,,6,6,1.0,1.84,0.8
bamboo-04549,oversize-floor,,,0,0,0.0,415.252,284.0
bamboo-04550,leftover,,,5,0,0.0,53.645,50.0
bamboo-04551,strict,1,,0,0,1.0,0.0,0.0
bamboo-04552,strict,11,,5,5,1.0,33.124,14.9
bamboo-04553,strict,52,,5,5,1.0,7.346,5.112
bamboo-04554,oversize-floor,,1,8,4,0.5,155.166,155.0
bamboo-04555,leftover,,,7,0,0.0,23.954,23.154
bamboo-04556,leftover,,,5,0,0.0,76.112,25.783
bamboo-04557,strict,1,,0,0,1.0,0.0,0.0
bamboo-04558,strict,24,,2,2,1.0,1.6,0.8
bamboo-04559,strict,14,,8,8,1.0,1.668,0.8
bamboo-04560,strict,21,,5,5,1.0,0.9,0.8
bamboo-04561,leftover,,,2,0,0.0,10.287,7.287
bamboo-04562,leftover,,,5,0,0.0,42.947,24.214
bamboo-04563,strict,39,,0,0,1.0,4.743,2.804
bamboo-04564,strict,37,,7,7,1.0,3.145,3.0
bamboo-04565,leftover,,15,8,3,0.375,49.733,22.352
bamboo-04566,strict,18,,0,0,1.0,0.8,0.8
bamboo-04567,leftover,,,0,0,0.0,17.819,3.319
bamboo-04568,leftover,,49,6,4,0.667,15.237,12.6
bamboo-04569,oversize-total,,28,5,2,0.4,191.428,130.4
bamboo-04570,strict,1,,0,0,1.0,0.0,0.0
bamboo-04571,strict,16,,0,0,1.0,0.8,0.8
bamboo-04572,leftover,,,6,0,0.0,40.433,31.733
bamboo-04573,oversize-floor,,,0,0,0.0,212.562,191.362
bamboo-04574,leftover,,,0,0,0.0,105.666,101.679
bamboo-04575,strict,22,,9,9,1.0,0.893,0.8
bamboo-04576,strict,1,,0,0,1.0,0.0,0.0
bamboo-04577,oversize-total,,,1,0,0.0,180.2,128.5
bamboo-04578,strict,3,,0,0,1.0,6.7,6.7
bamboo-04579,strict,50,,3,3,1.0,6.475,3.0
bamboo-04580,oversize-floor,,,0,0,0.0,686.247,558.794
bamboo-04581,strict,1,,0,0,1.0,0.0,0.0
bamboo-04582,strict,1,,5,5,1.0,8.242,3.0
bamboo-04583,oversize-total,,,5,0,0.0,468.636,61.028
bamboo-04584,oversize-floor,,,5,0,0.0,494.477,186.265
bamboo-04585,leftover,,4,2,1,0.5,20.084,14.9
bamboo-04586,strict,5,,3,3,1.0,0.47,0.47
bamboo-04587,strict,1,,5,5,1.0,12.6,12.6
bamboo-04588,strict,1,,0,0,1.0,0.0,0.0
bamboo-04589,strict,30,,8,8,1.0,148.591,130.4
bamboo-04590,strict,15,,5,5,1.0,0.8,0.8
bamboo-04591,strict,1,,0,0,1.0,0.0,0.0
bamboo-04592,strict,10,,3,3,1.0,5.106,1.863
bamboo-04593,strict,9,,5,5,1.0,0.1,0.1
bamboo-04594,strict,2,,1,1,1.0,0.195,0.195
bamboo-04595,oversize-floor,,,0,0,0.0,830.575,792.326
bamboo-04596,strict,6,,5,5,1.0,0.093,0.036
bamboo-04597,strict,34,,4,4,1.0,2.595,1.795
bamboo-04598,strict,37,,4,4,1.0,3.115,0.8
bamboo-04599,strict,1,,0,0,1.0,0.0,0.0
bamboo-04600,strict,42,,2,2,1.0,4.187,2.494
bamboo-04601,oversize-floor,,,5,0,0.0,2428.245,1561.79
bamboo-04602,strict,1,,1,1,1.0,0.186,0.166
bamboo-04603,leftover,,,3,0,0.0,16.575,14.9
bamboo-04604,strict,10,,1,1,1.0,1.6,0.8
bamboo-04605,strict,1,,0,0,1.0,0.0,0.0
bamboo-04606,oversize-total,,,5,0,0.0,355.946,135.426
bamboo-04607,oversize-floor,,,4,0,0.0,533.261,525.658
bamboo-04608,strict,48,,0,0,1.0,6.0,3.0
bamboo-04609,strict,1,,0,0,1.0,0.0,0.0
bamboo-04610,strict,22,,2,2,1.0,0.9,0.8
bamboo-04611,leftover,,,4,0,0.0,85.967,15.445
bamboo-04612,leftover,,,5,0,0.0,122.265,27.0
bamboo-04613,oversize-floor,,,3,0,0.0,251.612,155.0
bamboo-04614,oversize-floor,,,4,0,0.0,451.063,261.655
bamboo-04615,leftover,,,4,0,0.0,37.116,14.9
bamboo-04616,strict,26,,3,3,1.0,1.6,0.8
bamboo-04617,strict,18,,4,4,1.0,56.779,19.686
bamboo-04618,strict,31,,2,2,1.0,1.645,1.0
bamboo-04619,strict,1,,0,0,1.0,0.416,0.25
bamboo-04620,strict,10,,5,5,1.0,6.509,3.0
bamboo-04621,strict,1,,3,3,1.0,0.186,0.166
bamboo-04622,strict,45,,4,4,1.0,4.885,3.529
bamboo-04623,oversize-floor,,,7,0,0.0,51458.582,51048.155
bamboo-04624,strict,1,,0,0,1.0,0.0,0.0
bamboo-04625,leftover,,,6,0,0.0,46.045,14.9
bamboo-04626,leftover,,,5,0,0.0,27.978,27.94
bamboo-04627,leftover,,,7,0,0.0,16.982,12.872
bamboo-04628,strict,1,,7,7,1.0,0.546,0.218
bamboo-04629,oversize-total,,,3,0,0.0,308.313,145.778
bamboo-04630,leftover,,,6,0,0.0,10.6,3.0
bamboo-04631,oversize-total,,,7,0,0.0,162.691,132.988
bamboo-04632,strict,1,,0,0,1.0,0.0,0.0
bamboo-04633,strict,16,,0,0,1.0,0.8,0.8
bamboo-04634,strict,4,,6,6,1.0,8.332,8.0
bamboo-04635,oversize-floor,,,7,0,0.0,675.368,262.852
bamboo-04636,strict,39,,6,6,1.0,3.8,3.0
bamboo-04637,leftover,,,0,0,0.0,21.502,8.502
bamboo-04638,oversize-floor,,,6,0,0.0,553.092,284.0
bamboo-04639,oversize-floor,,,5,0,0.0,284.0,284.0
bamboo-04640,leftover,,,6,0,0.0,52.463,28.38
bamboo-04641,leftover,,,6,0,0.0,37.818,15.343
bamboo-04642,strict,1,,0,0,1.0,0.0,0.0
bamboo-04643,leftover,,,0,0,0.0,103.067,25.0
bamboo-04644,strict,31,,5,5,1.0,1.7,0.8
bamboo-04645,oversize-floor,,,5,0,0.0,326.834,166.911
bamboo-04646,oversize-total,,,7,0,0.0,285.979,135.0
bamboo-04647,leftover,,2,4,1,0.25,45.143,14.003
bamboo-04648,strict,4,,0,0,1.0,40.0,40.0
bamboo-04649,oversize-floor,,,0,0,0.0,226.179,155.0
bamboo-04650,leftover,,21,5,2,0.4,92.185,37.079
bamboo-04651,strict,9,,7,7,1.0,0.968,0.8
bamboo-04652,strict,37,,0,0,1.0,3.332,3.0
bamboo-04653,strict,32,,3,3,1.0,2.4,0.8
bamboo-04654,strict,52,,7,7,1.0,7.0,3.0
bamboo-04655,oversize-floor,,1,6,3,0.5,155.364,155.0
bamboo-04656,leftover,,,0,0,0.0,37.183,14.9
bamboo-04657,strict,1,,0,0,1.0,0.0,0.0
bamboo-04658,strict,36,,0,0,1.0,33.616,12.922
bamboo-04659,leftover,,,0,0,0.0,34.705,11.176
bamboo-04660,strict,59,,6,6,1.0,9.118,1.118
bamboo-04661,leftover,,,0,0,0.0,44.805,15.444
bamboo-04662,leftover,,,0,0,0.0,12.3,3.0
bamboo-04663,oversize-floor,,,0,0,0.0,9501.77,9313.226
bamboo-04664,leftover,,,0,0,0.0,12.814,7.862
bamboo-04665,leftover,,,0,0,0.0,25.349,14.9
bamboo-04666,leftover,,,2,0,0.0,54.968,53.183
bamboo-04667,leftover,,,0,0,0.0,62.09,23.624
bamboo-04668,leftover,,,5,0,0.0,27.161,14.185
bamboo-04669,oversize-total,,6,4,1,0.25,265.48,135.0
bamboo-04670,strict,1,,0,0,1.0,0.0,0.0
bamboo-04671,strict,17,,0,0,1.0,0.8,0.8
bamboo-04672,strict,19,,5,5,1.0,29.373,14.9
bamboo-04673,strict,31,,5,5,1.0,1.616,0.8
bamboo-04674,strict,42,,5,5,1.0,4.212,3.0
bamboo-04675,strict,1,,0,0,1.0,0.0,0.0
bamboo-04676,strict,46,,0,0,1.0,5.04,5.031
bamboo-04677,strict,1,,0,0,1.0,0.0,0.0
bamboo-04678,strict,1,,0,0,1.0,0.0,0.0
bamboo-04679,strict,31,,0,0,1.0,1.7,0.8
bamboo-04680,strict,1,,0,0,1.0,0.0,0.0
bamboo-04681,strict,1,,0,0,1.0,0.0,0.0
bamboo-04682,strict,31,,0,0,1.0,1.624,0.824
bamboo-04683,oversize-floor,,,0,0,0.0,193.954,155.0
bamboo-04684,strict,22,,6,6,1.0,1.041,0.8
bamboo-04685,leftover,,,4,0,0.0,72.221,44.321
bamboo-04686,strict,53,,2,2,1.0,7.2,0.8
bamboo-04687,leftover,,,1,0,0.0,58.809,23.283
bamboo-04688,oversize-total,,2,9,4,0.444,176.397,130.4
bamboo-04689,strict,10,,6,6,1.0,0.25,0.25
bamboo-04690,strict,4,,10,10,1.0,40.213,40.0
bamboo-04691,leftover,,,0,0,0.0,122.227,121.366
bamboo-04692,leftover,,,0,0,0.0,43.299,23.283
bamboo-04693,oversize-floor,,,1,0,0.0,4964.263,4656.613
bamboo-04694,strict,1,,0,0,1.0,0.0,0.0
bamboo-04695,strict,24,,0,0,1.0,1.6,0.8
bamboo-04696,strict,1,,0,0,1.0,0.0,0.0
bamboo-04697,strict,1,,0,0,1.0,3.832,3.5
bamboo-04698,oversize-total,,,0,0,0.0,189.453,131.417
bamboo-04699,leftover,,,2,0,0.0,45.339,32.539
bamboo-04700,leftover,,20,3,2,0.667,104.529,74.506
bamboo-04701,leftover,,,0,0,0.0,124.948,101.679
bamboo-04702,leftover,,,0,0,0.0,23.63,20.0
bamboo-04703,oversize-floor,,,0,0,0.0,155.166,155.0
bamboo-04704,oversize-floor,,,0,0,0.0,391.691,284.0
bamboo-04705,strict,14,,0,0,1.0,1.815,0.8
bamboo-04706,leftover,,,0,0,0.0,18.008,9.145
bamboo-04707,strict,1,,0,0,1.0,0.0,0.0
bamboo-04708,oversize-total,,,0,0,0.0,211.171,124.213
bamboo-04709,strict,36,,0,0,1.0,33.034,12.922
bamboo-04710,strict,21,,0,0,1.0,0.966,0.8
bamboo-04711,strict,1,,0,0,1.0,0.0,0.0
bamboo-04712,leftover,,,10,0,0.0,95.281,17.214
bamboo-04713,leftover,,,12,0,0.0,12.8,3.0
bamboo-04714,oversize-total,,,10,0,0.0,368.977,135.551
bamboo-04715,strict,16,,0,0,1.0,0.8,0.8
bamboo-04716,strict,32,,5,5,1.0,2.4,0.8
bamboo-04717,strict,1,,2,2,1.0,0.02,0.02
bamboo-04718,leftover,,,3,0,0.0,32.133,14.003
bamboo-04719,oversize-floor,,1,5,4,0.8,155.416,155.0
bamboo-04720,strict,1,,0,0,1.0,0.0,0.0
bamboo-04721,strict,1,,0,0,1.0,0.0,0.0
bamboo-04722,leftover,,,0,0,0.0,48.243,14.9
bamboo-04723,strict,1,,0,0,1.0,0.0,0.0
bamboo-04724,strict,33,,0,0,1.0,2.4,0.8
bamboo-04725,leftover,,,5,0,0.0,115.908,105.0
bamboo-04726,strict,1,,0,0,1.0,0.0,0.0
bamboo-04727,oversize-floor,,,8,0,0.0,64733.407,51048.155
bamboo-04728,oversize-total,,,5,0,0.0,197.119,130.4
bamboo-04729,strict,1,,0,0,1.0,0.332,0.166
bamboo-04730,strict,1,,0,0,1.0,0.0,0.0
bamboo-04731,strict,1,,0,0,1.0,0.0,0.0
bamboo-04732,strict,31,,5,5,1.0,2.4,0.8
bamboo-04733,strict,27,,0,0,1.0,1.6,0.8
bamboo-04734,leftover,,,0,0,0.0,54.248,25.103
bamboo-04735,leftover,,,5,0,0.0,14.477,14.011
bamboo-04736,strict,36,,0,0,1.0,2.972,1.288
bamboo-04737,oversize-total,,,0,0,0.0,189.258,130.4
bamboo-04738,strict,1,,0,0,1.0,4.92,3.5
bamboo-04739,strict,3,,3,3,1.0,105.001,53.905
bamboo-04740,oversize-floor,,,0,0,0.0,2007.186,800.0
bamboo-04741,oversize-floor,,,0,0,0.0,1878.633,800.0
bamboo-04742,strict,46,,0,0,1.0,6.253,4.763
bamboo-04743,strict,3,,5,5,1.0,0.904,0.904
bamboo-04744,oversize-total,,1,4,1,0.25,239.334,109.772
bamboo-04745,leftover,,,3,0,0.0,30.586,14.828
bamboo-04746,oversize-floor,,,0,0,0.0,538.859,537.193
bamboo-04747,leftover,,,5,0,0.0,36.759,21.719
bamboo-04748,leftover,,,3,0,0.0,59.188,28.38
bamboo-04749,strict,24,,1,1,1.0,1.6,0.8
bamboo-04750,oversize-floor,,,0,0,0.0,321.916,155.0
bamboo-04751,leftover,,,0,0,0.0,24.851,21.719
bamboo-04752,strict,1,,1,1,1.0,0.001,0.001
bamboo-04753,leftover,,,0,0,0.0,104.399,22.0
bamboo-04754,leftover,,,0,0,0.0,27.329,27.329
bamboo-04755,oversize-floor,,,5,0,0.0,250.819,155.0
bamboo-04756,strict,17,,5,5,1.0,0.8,0.8
bamboo-04757,leftover,,,0,0,0.0,98.317,24.214
bamboo-04758,leftover,,,5,0,0.0,32.924,22.324
bamboo-04759,oversize-floor,,,5,0,0.0,399.234,395.68
bamboo-04760,leftover,,,5,0,0.0,23.051,14.094
bamboo-04761,strict,1,,0,0,1.0,0.4,0.166
bamboo-04762,oversize-floor,,,3,0,0.0,631.006,177.4
bamboo-04763,leftover,,,5,0,0.0,91.12,15.0
bamboo-04764,leftover,,,5,0,0.0,60.163,18.0
bamboo-04765,oversize-floor,,,0,0,0.0,857.512,631.998
bamboo-04766,leftover,,,0,0,0.0,43.364,25.103
bamboo-04767,oversize-floor,,,0,0,0.0,920.821,912.221
bamboo-04768,strict,41,,5,5,1.0,4.0,0.8
bamboo-04769,strict,6,,0,0,1.0,0.1,0.1
bamboo-04770,strict,1,,0,0,1.0,0.0,0.0
bamboo-04771,strict,11,,0,0,1.0,51.7,24.2
bamboo-04772,strict,1,,0,0,1.0,0.0,0.0
bamboo-04773,oversize-floor,,,0,0,0.0,566.424,330.441
bamboo-04774,leftover,,,5,0,0.0,63.843,27.817
bamboo-04775,oversize-floor,,,0,0,0.0,635.735,155.0
bamboo-04776,strict,2,,0,0,1.0,25.6,13.0
bamboo-04777,oversize-floor,,,8,0,0.0,160.049,155.0
bamboo-04778,strict,24,,2,2,1.0,1.6,0.8
bamboo-04779,strict,25,,4,4,1.0,1.6,0.8
bamboo-04780,oversize-floor,,1,7,5,0.714,155.332,155.0
bamboo-04781,strict,38,,8,8,1.0,3.178,3.0
bamboo-04782,strict,1,,0,0,1.0,0.0,0.0
bamboo-04783,strict,47,,0,0,1.0,5.337,3.55
bamboo-04784,strict,32,,5,5,1.0,2.4,0.8
bamboo-04785,leftover,,,6,0,0.0,123.549,24.244
bamboo-04786,strict,9,,8,8,1.0,68.389,68.221
bamboo-04787,oversize-floor,,,4,0,0.0,277.884,153.461
bamboo-04788,oversize-floor,,,5,0,0.0,4604.155,4599.312
bamboo-04789,oversize-floor,,,5,0,0.0,6701.898,6701.898
bamboo-04790,oversize-floor,,,5,0,0.0,158.0,155.0
bamboo-04791,strict,16,,5,5,1.0,0.8,0.8
bamboo-04792,oversize-total,,,5,0,0.0,194.341,44.412
bamboo-04793,oversize-floor,,,5,0,0.0,1165.322,537.193
bamboo-04794,strict,1,,0,0,1.0,0.0,0.0
bamboo-04795,strict,1,,0,0,1.0,0.0,0.0
bamboo-04796,strict,1,,0,0,1.0,0.0,0.0
bamboo-04797,strict,31,,4,4,1.0,1.881,0.8
bamboo-04798,strict,1,,0,0,1.0,0.0,0.0
bamboo-04799,oversize-total,,,5,0,0.0,242.303,124.213
bamboo-04800,strict,49,,4,4,1.0,6.332,3.0
bamboo-04801,leftover,,,0,0,0.0,16.572,11.969
bamboo-04802,oversize-floor,,,5,0,0.0,309.2,155.0
bamboo-04803,oversize-floor,,,5,0,0.0,190.81,155.0
bamboo-04804,strict,24,,5,5,1.0,1.6,0.8
bamboo-04805,oversize-floor,,,5,0,0.0,641.477,640.484
bamboo-04806,leftover,,,3,0,0.0,66.006,14.958
bamboo-04807,oversize-floor,,1,3,1,0.333,156.616,155.0
bamboo-04808,oversize-floor,,,4,0,0.0,825.495,698.406
bamboo-04809,leftover,,,5,0,0.0,64.875,17.665
bamboo-04810,strict,14,,4,4,1.0,4.998,0.8
bamboo-04811,leftover,,,5,0,0.0,9.546,3.725
bamboo-04812,strict,3,,3,3,1.0,0.741,0.336
bamboo-04813,strict,1,,0,0,1.0,0.0,0.0
bamboo-04814,strict,1,,1,1,1.0,0.168,0.168
bamboo-04815,strict,1,,0,0,1.0,0.0,0.0
bamboo-04816,oversize-floor,,,5,0,0.0,167.153,155.0
bamboo-04817,strict,40,,5,5,1.0,3.8,3.0
bamboo-04818,strict,48,,5,5,1.0,6.0,3.0
bamboo-04819,strict,20,,3,3,1.0,0.801,0.8
bamboo-04820,oversize-total,,,3,0,0.0,152.487,100.787
bamboo-04821,strict,1,,0,0,1.0,0.0,0.0
bamboo-04822,oversize-total,,,4,0,0.0,529.4,130.4
bamboo-04823,oversize-floor,,,5,0,0.0,155.0,155.0
bamboo-04824,strict,1,,0,0,1.0,0.386,0.168
bamboo-04825,leftover,,,5,0,0.0,57.216,12.945
bamboo-04826,strict,36,,5,5,1.0,2.96,2.794
bamboo-04827,leftover,,1,3,1,0.333,90.639,83.819
bamboo-04828,strict,13,,5,5,1.0,0.676,0.676
bamboo-04829,leftover,,,5,0,0.0,16.411,5.08
bamboo-04830,strict,58,,4,4,1.0,8.929,3.0
bamboo-04831,oversize-total,,,2,0,0.0,211.237,125.896
bamboo-04832,oversize-floor,,,3,0,0.0,956.001,931.323
bamboo-04833,oversize-total,,,0,0,0.0,275.563,124.284
bamboo-04834,strict,22,,0,0,1.0,0.927,0.927
bamboo-04835,strict,34,,4,4,1.0,2.781,2.35
bamboo-04836,oversize-floor,,,0,0,0.0,325.708,284.0
bamboo-04837,oversize-floor,,1,2,1,0.5,155.332,155.0
bamboo-04838,leftover,,,3,0,0.0,67.6,37.079
bamboo-04839,leftover,,,0,0,0.0,117.467,72.732
bamboo-04840,oversize-total,,,0,0,0.0,238.252,120.878
bamboo-04841,leftover,,,4,0,0.0,13.526,2.611
bamboo-04842,leftover,,,0,0,0.0,87.619,83.819
bamboo-04843,oversize-floor,,,0,0,0.0,494.921,177.4
bamboo-04844,leftover,,,0,0,0.0,144.978,25.103
bamboo-04845,oversize-floor,,,0,0,0.0,945.3,800.0
bamboo-04846,strict,1,,0,0,1.0,0.0,0.0
bamboo-04847,oversize-floor,,,1,0,0.0,1302.072,1210.719
bamboo-04848,strict,1,,3,3,1.0,3.122,2.107
bamboo-04849,oversize-floor,,,2,0,0.0,742.958,450.0
bamboo-04850,oversize-floor,,,3,0,0.0,1212.327,931.323
bamboo-04851,leftover,,,3,0,0.0,14.208,12.6
bamboo-04852,strict,1,,0,0,1.0,0.186,0.166
bamboo-04853,strict,1,,0,0,1.0,0.0,0.0
bamboo-04854,strict,1,,0,0,1.0,0.0,0.0
bamboo-04855,oversize-floor,,,0,0,0.0,439.166,284.0
bamboo-04856,oversize-total,,,5,0,0.0,193.052,130.4
bamboo-04857,strict,1,,0,0,1.0,0.0,0.0
bamboo-04858,strict,1,,0,0,1.0,0.0,0.0
bamboo-04859,strict,1,,0,0,1.0,0.0,0.0
bamboo-04860,oversize-floor,,,3,0,0.0,989.614,931.323
bamboo-04861,strict,4,,0,0,1.0,0.023,0.023
bamboo-04862,strict,58,,4,4,1.0,8.991,6.519
bamboo-04863,leftover,,,3,0,0.0,25.409,12.107
bamboo-04864,leftover,,,0,0,0.0,16.733,16.638
bamboo-04865,strict,1,,0,0,1.0,1.566,1.4
bamboo-04866,oversize-floor,,5,4,2,0.5,197.404,155.0
bamboo-04867,strict,1,,0,0,1.0,0.0,0.0
bamboo-04868,strict,1,,0,0,1.0,0.0,0.0
bamboo-04869,leftover,,,0,0,0.0,15.217,3.0
bamboo-04870,strict,31,,0,0,1.0,1.786,0.8
bamboo-04871,oversize-total,,,4,0,0.0,267.651,136.207
bamboo-04872,leftover,,,0,0,0.0,116.768,105.0
bamboo-04873,leftover,,,2,0,0.0,22.144,13.0
bamboo-04874,strict,36,,0,0,1.0,3.0,3.0
bamboo-04875,strict,45,,2,2,1.0,23.26,17.249
bamboo-04876,strict,1,,0,0,1.0,0.0,0.0
bamboo-04877,leftover,,,0,0,0.0,13.023,10.679
bamboo-04878,oversize-floor,,,0,0,0.0,7660.206,7418.064
bamboo-04879,oversize-floor,,,1,0,0.0,321.305,284.0
bamboo-04880,strict,49,,0,0,1.0,6.037,3.0
bamboo-04881,oversize-floor,,,4,0,0.0,158.537,155.0
bamboo-04882,oversize-floor,,,7,0,0.0,841.36,833.282
bamboo-04883,strict,32,,1,1,1.0,2.595,0.8
bamboo-04884,leftover,,,2,0,0.0,20.83,19.23
bamboo-04885,oversize-floor,,,0,0,0.0,200.139,155.0
bamboo-04886,strict,1,,0,0,1.0,0.0,0.0
bamboo-04887,strict,1,,0,0,1.0,0.0,0.0
bamboo-04888,strict,38,,0,0,1.0,3.2,0.8
bamboo-04889,oversize-floor,,,2,0,0.0,560.859,558.794
bamboo-04890,leftover,,,2,0,0.0,64.928,61.028
bamboo-04891,strict,60,,5,5,1.0,9.338,2.642
bamboo-04892,leftover,,,0,0,0.0,108.374,60.0
bamboo-04893,oversize-floor,,,0,0,0.0,195.987,184.44
bamboo-04894,oversize-floor,,,4,0,0.0,1653.382,1210.719
bamboo-04895,strict,39,,3,3,1.0,3.8,3.0
bamboo-04896,leftover,,,0,0,0.0,27.32,14.9
bamboo-04897,strict,50,,3,3,1.0,6.391,3.0
bamboo-04898,strict,26,,0,0,1.0,1.716,1.0
bamboo-04899,strict,1,,0,0,1.0,0.0,0.0
bamboo-04900,leftover,,,0,0,0.0,76.798,36.799
bamboo-04901,oversize-total,,,4,0,0.0,183.49,130.4
bamboo-04902,leftover,,,3,0,0.0,32.788,23.283
bamboo-04903,oversize-floor,,,1,0,0.0,165.628,155.0
bamboo-04904,leftover,,,0,0,0.0,20.9,14.9
bamboo-04905,leftover,,1,4,1,0.25,10.961,3.0
bamboo-04906,strict,40,,1,1,1.0,3.8,3.0
bamboo-04907,strict,1,,0,0,1.0,0.0,0.0
bamboo-04908,strict,39,,0,0,1.0,3.8,3.0
bamboo-04909,strict,41,,0,0,1.0,4.124,0.8
bamboo-04910,oversize-floor,,,4,0,0.0,1237.686,1210.719
bamboo-04911,oversize-floor,,,0,0,0.0,158.689,155.0
bamboo-04912,leftover,,,0,0,0.0,92.384,51.32
bamboo-04913,leftover,,,0,0,0.0,95.737,53.905
bamboo-04914,oversize-floor,,,0,0,0.0,9510.286,9313.226
bamboo-04915,strict,10,,0,0,1.0,0.2,0.1
bamboo-04916,strict,40,,0,0,1.0,3.839,3.0
bamboo-04917,strict,39,,0,0,1.0,3.8,3.0
bamboo-04918,oversize-total,,,4,0,0.0,196.954,122.055
bamboo-04919,leftover,,,3,0,0.0,19.305,19.305
bamboo-04920,oversize-floor,,,0,0,0.0,156.45,155.0
bamboo-04921,strict,17,,3,3,1.0,0.8,0.8
bamboo-04922,strict,38,,0,0,1.0,4.636,1.4
bamboo-04923,strict,5,,0,0,1.0,0.8,0.8
bamboo-04924,strict,38,,0,0,1.0,3.178,3.0
bamboo-04925,oversize-floor,,,0,0,0.0,8604.199,8381.903
bamboo-04926,leftover,,,3,0,0.0,59.836,24.2
bamboo-04927,oversize-total,,,0,0,0.0,416.848,131.417
bamboo-04928,strict,54,,4,4,1.0,7.6,3.0
bamboo-04929,strict,7,,1,1,1.0,72.494,50.0
bamboo-04930,strict,7,,0,0,1.0,1.03,0.976
bamboo-04931,leftover,,,0,0,0.0,41.003,14.9
bamboo-04932,strict,55,,0,0,1.0,23.331,12.945
bamboo-04933,leftover,,,2,0,0.0,10.559,3.0
bamboo-04934,strict,59,,0,0,1.0,9.2,3.0
bamboo-04935,leftover,,,0,0,0.0,26.728,9.424
bamboo-04936,strict,1,,0,0,1.0,0.0,0.0
bamboo-04937,leftover,,,3,0,0.0,35.034,15.042
bamboo-04938,leftover,,,2,0,0.0,43.0,40.0
bamboo-04939,leftover,,,3,0,0.0,14.14,10.679
bamboo-04940,strict,49,,5,5,1.0,6.654,6.054
bamboo-04941,leftover,,,0,0,0.0,15.947,14.9
bamboo-04942,leftover,,,0,0,0.0,57.558,14.9
bamboo-04943,strict,41,,0,0,1.0,4.083,0.907
bamboo-04944,strict,11,,0,0,1.0,44.815,29.915
bamboo-04945,leftover,,,0,0,0.0,20.518,7.0
bamboo-04946,leftover,,,0,0,0.0,65.304,19.0
bamboo-04947,oversize-floor,,,0,0,0.0,2437.235,2275.936
bamboo-04948,strict,1,,0,0,1.0,0.0,0.0
bamboo-04949,strict,1,,0,0,1.0,0.0,0.0
bamboo-04950,strict,1,,0,0,1.0,0.0,0.0
bamboo-04951,strict,28,,0,0,1.0,1.6,0.8
bamboo-04952,strict,34,,0,0,1.0,5.088,2.078
bamboo-04953,oversize-floor,,,0,0,0.0,326.959,284.0
bamboo-04954,strict,5,,1,1,1.0,2.068,2.0
bamboo-04955,oversize-floor,,,0,0,0.0,857.748,838.19
bamboo-04956,oversize-total,,,4,0,0.0,161.058,130.4
bamboo-04957,leftover,,,2,0,0.0,58.083,20.489
bamboo-04958,strict,1,,0,0,1.0,0.0,0.0
bamboo-04959,oversize-floor,,,0,0,0.0,157.206,155.0
bamboo-04960,strict,10,,0,0,1.0,0.2,0.1
bamboo-04961,strict,44,,2,2,1.0,4.6,3.0
bamboo-04962,leftover,,5,4,1,0.25,13.777,7.325
bamboo-04963,leftover,,,2,0,0.0,13.905,13.905
bamboo-04964,strict,23,,5,5,1.0,1.216,0.8
bamboo-04965,strict,41,,3,3,1.0,4.0,0.8
bamboo-04966,strict,33,,0,0,1.0,3.51,0.8
bamboo-04967,strict,33,,0,0,1.0,3.511,0.8
bamboo-04968,strict,18,,0,0,1.0,0.8,0.8
bamboo-04969,strict,5,,3,3,1.0,0.8,0.8
bamboo-04970,strict,17,,0,0,1.0,0.8,0.8
bamboo-04971,strict,41,,0,0,1.0,4.078,1.288
bamboo-04972,leftover,,,0,0,0.0,27.751,5.748
bamboo-04973,strict,34,,0,0,1.0,2.797,2.74
bamboo-04974,strict,45,,2,2,1.0,14.812,4.712
bamboo-04975,leftover,,,0,0,0.0,41.517,14.9
bamboo-04976,leftover,,,3,0,0.0,72.944,27.0
bamboo-04977,strict,1,,0,0,1.0,0.0,0.0
bamboo-04978,strict,1,,0,0,1.0,0.0,0.0
bamboo-04979,leftover,,,0,0,0.0,117.84,48.429
bamboo-04980,leftover,,22,5,1,0.2,41.03,26.978
bamboo-04981,leftover,,,3,0,0.0,21.587,13.156
bamboo-04982,oversize-floor,,,0,0,0.0,541.777,525.658
bamboo-04983,leftover,,,0,0,0.0,21.933,14.958
bamboo-04984,oversize-floor,,,0,0,0.0,190.587,167.415
bamboo-04985,leftover,,22,4,1,0.25,45.434,26.978
bamboo-04986,leftover,,,0,0,0.0,77.983,23.283
bamboo-04987,oversize-floor,,,2,0,0.0,155.532,155.0
bamboo-04988,leftover,,,4,0,0.0,50.234,29.756
bamboo-04989,strict,1,,0,0,1.0,0.0,0.0
bamboo-04990,strict,22,,3,3,1.0,2.749,1.865
bamboo-04991,strict,21,,2,2,1.0,65.266,20.049
bamboo-04992,leftover,,,0,0,0.0,27.462,16.37
bamboo-04993,strict,58,,4,4,1.0,9.171,3.0
bamboo-04994,oversize-floor,,,1,0,0.0,172.695,155.0
bamboo-04995,leftover,,,0,0,0.0,84.107,36.215
bamboo-04996,strict,38,,0,0,1.0,3.2,0.8
bamboo-04997,strict,1,,0,0,1.0,0.0,0.0
bamboo-04998,leftover,,,2,0,0.0,42.302,40.0
bamboo-04999,oversize-floor,,,1,0,0.0,51203.321,51048.155
bamboo-05000,leftover,,,2,0,0.0,85.866,83.819
bamboo-05001,strict,1,,0,0,1.0,0.0,0.0
bamboo-05002,strict,44,,6,6,1.0,4.8,0.8
bamboo-05003,oversize-floor,,,0,0,0.0,161.607,155.0
bamboo-05004,oversize-floor,,,0,0,0.0,5884.153,5587.935
bamboo-05005,leftover,,,4,0,0.0,52.617,22.701
bamboo-05006,strict,47,,0,0,1.0,5.6,0.8
bamboo-05007,oversize-floor,,,4,0,0.0,507.875,504.075
bamboo-05008,strict,31,,3,3,1.0,1.651,0.8
bamboo-05009,strict,13,,0,0,1.0,0.8,0.8
bamboo-05010,strict,2,,2,2,1.0,0.244,0.166
bamboo-05011,strict,25,,1,1,1.0,1.6,0.8
bamboo-05012,leftover,,,2,0,0.0,81.526,74.935
bamboo-05013,leftover,,,0,0,0.0,46.94,14.011
bamboo-05014,strict,1,,0,0,1.0,0.0,0.0
bamboo-05015,strict,46,,0,0,1.0,5.205,1.2
bamboo-05016,oversize-floor,,,3,0,0.0,162.933,155.0
bamboo-05017,oversize-total,,,0,0,0.0,312.704,47.715
bamboo-05018,oversize-total,,,0,0,0.0,461.886,135.0
bamboo-05019,strict,17,,0,0,1.0,0.8,0.8
bamboo-05020,leftover,,,3,0,0.0,47.176,29.876
bamboo-05021,oversize-floor,,,0,0,0.0,1796.753,456.758
bamboo-05022,leftover,,,3,0,0.0,126.691,17.988
bamboo-05023,leftover,,,3,0,0.0,43.896,26.498
bamboo-05024,leftover,,,2,0,0.0,81.936,53.905
bamboo-05025,strict,11,,0,0,1.0,0.271,0.199
bamboo-05026,oversize-floor,,,0,0,0.0,1436.216,1396.984
bamboo-05027,strict,1,,0,0,1.0,0.0,0.0
bamboo-05028,strict,31,,0,0,1.0,2.147,0.957
bamboo-05029,leftover,,,0,0,0.0,14.278,12.6
bamboo-05030,oversize-floor,,,3,0,0.0,562.577,537.193
bamboo-05031,strict,1,,0,0,1.0,0.0,0.0
bamboo-05032,strict,45,,0,0,1.0,36.932,13.503
bamboo-05033,leftover,,,0,0,0.0,78.218,24.214
bamboo-05034,strict,60,,0,0,1.0,48.114,18.0
bamboo-05035,strict,21,,0,0,1.0,0.814,0.8
bamboo-05036,strict,15,,4,4,1.0,31.595,21.719
bamboo-05037,oversize-floor,,,0,0,0.0,204.606,155.0
bamboo-05038,leftover,,,3,0,0.0,54.018,13.97
bamboo-05039,strict,57,,0,0,1.0,8.584,3.755
bamboo-05040,leftover,,,0,0,0.0,75.196,19.984
bamboo-05041,strict,14,,0,0,1.0,1.66,1.4
bamboo-05042,leftover,,,3,0,0.0,27.342,20.0
bamboo-05043,strict,1,,0,0,1.0,0.0,0.0
bamboo-05044,leftover,,17,4,1,0.25,66.334,54.615
bamboo-05045,leftover,,,4,0,0.0,102.431,31.733
bamboo-05046,strict,32,,0,0,1.0,54.32,53.085
bamboo-05047,strict,33,,0,0,1.0,2.498,0.8
bamboo-05048,strict,1,,0,0,1.0,0.186,0.166
bamboo-05049,strict,1,,0,0,1.0,0.0,0.0
bamboo-05050,oversize-floor,,,4,0,0.0,2504.004,1210.719
bamboo-05051,oversize-total,,,0,0,0.0,238.401,120.878
bamboo-05052,leftover,,,5,0,0.0,41.977,24.677
bamboo-05053,strict,44,,0,0,1.0,4.8,0.8
bamboo-05054,strict,19,,0,0,1.0,0.8,0.8
bamboo-05055,leftover,,,0,0,0.0,11.4,3.0
bamboo-05056,strict,31,,5,5,1.0,1.786,0.8
bamboo-05057,oversize-floor,,,4,0,0.0,162.561,155.0
bamboo-05058,oversize-floor,,,3,0,0.0,852.877,800.0
bamboo-05059,leftover,,,0,0,0.0,46.731,17.271
bamboo-05060,strict,13,,1,1,1.0,5.909,3.0
bamboo-05061,oversize-total,,,2,0,0.0,217.526,130.4
bamboo-05062,strict,25,,2,2,1.0,1.6,0.8
bamboo-05063,strict,17,,0,0,1.0,0.8,0.8
bamboo-05064,oversize-floor,,,0,0,0.0,360.664,155.0
bamboo-05065,leftover,,,3,0,0.0,14.457,3.5
bamboo-05066,leftover,,,0,0,0.0,31.286,6.7
bamboo-05067,oversize-floor,,,0,0,0.0,165.032,155.0
bamboo-05068,strict,52,,0,0,1.0,6.862,3.0
bamboo-05069,strict,39,,0,0,1.0,3.688,3.0
bamboo-05070,oversize-floor,,3,3,1,0.333,433.918,292.721
bamboo-05071,oversize-floor,,,2,0,0.0,219.538,155.0
bamboo-05072,strict,1,,2,2,1.0,0.068,0.049
bamboo-05073,strict,1,,0,0,1.0,0.0,0.0
bamboo-05074,strict,32,,2,2,1.0,2.629,0.8
bamboo-05075,oversize-floor,,,5,0,0.0,2651.005,2603.326
bamboo-05076,oversize-floor,,,2,0,0.0,681.301,465.661
bamboo-05077,oversize-floor,,,2,0,0.0,1912.38,1193.069
bamboo-05078,leftover,,,3,0,0.0,29.919,12.872
bamboo-05079,oversize-floor,,,2,0,0.0,591.966,590.728
bamboo-05080,leftover,,,0,0,0.0,20.324,4.712
bamboo-05081,oversize-floor,,,0,0,0.0,967.431,759.754
bamboo-05082,strict,28,,3,3,1.0,1.6,0.8
bamboo-05083,leftover,,,0,0,0.0,43.326,26.508
bamboo-05084,strict,5,,1,1,1.0,0.8,0.8
bamboo-05085,leftover,,,4,0,0.0,39.144,14.2
bamboo-05086,strict,4,,2,2,1.0,0.21,0.166
bamboo-05087,strict,18,,0,0,1.0,0.8,0.8
bamboo-05088,strict,51,,0,0,1.0,6.66,3.492
bamboo-05089,strict,3,,0,0,1.0,0.016,0.01
bamboo-05090,leftover,,,0,0,0.0,32.843,25.0
bamboo-05091,leftover,,,2,0,0.0,32.965,15.282
bamboo-05092,leftover,,,4,0,0.0,100.604,82.966
bamboo-05093,strict,1,,0,0,1.0,0.0,0.0
bamboo-05094,leftover,,,0,0,0.0,10.375,4.657
bamboo-05095,leftover,,,0,0,0.0,93.583,25.0
bamboo-05096,leftover,,,0,0,0.0,57.539,14.9
bamboo-05097,oversize-total,,,1,0,0.0,311.452,128.5
bamboo-05098,strict,3,,1,1,1.0,1.2,1.2
bamboo-05099,oversize-floor,,,3,0,0.0,172.144,155.0
bamboo-05100,strict,38,,0,0,1.0,4.586,0.8
bamboo-05101,strict,36,,0,0,1.0,3.0,3.0
bamboo-05102,oversize-floor,,,3,0,0.0,511.926,491.216
bamboo-05103,leftover,,2,4,1,0.25,93.474,27.0
bamboo-05104,strict,6,,0,0,1.0,39.178,24.2
bamboo-05105,strict,31,,2,2,1.0,1.7,0.8
bamboo-05106,strict,44,,2,2,1.0,4.842,3.5
bamboo-05107,leftover,,,0,0,0.0,144.488,60.0
bamboo-05108,leftover,,,0,0,0.0,35.139,28.239
bamboo-05109,strict,33,,0,0,1.0,3.2,0.8
bamboo-05110,oversize-floor,,,4,0,0.0,1382.969,1210.719
bamboo-05111,strict,1,,0,0,1.0,0.0,0.0
bamboo-05112,oversize-floor,,,2,0,0.0,158.543,155.0
bamboo-05113,oversize-total,,,0,0,0.0,294.508,135.0
bamboo-05114,leftover,,,0,0,0.0,132.849,26.389
bamboo-05115,leftover,,,3,0,0.0,35.249,12.898
bamboo-05116,leftover,,,0,0,0.0,26.313,13.157
bamboo-05117,strict,1,,2,2,1.0,0.186,0.166
bamboo-05118,leftover,,,3,0,0.0,86.549,25.689
bamboo-05119,leftover,,,6,0,0.0,30.744,29.915
bamboo-05120,leftover,,,0,0,0.0,21.739,8.028
bamboo-05121,strict,57,,1,1,1.0,8.409,3.0
bamboo-05122,strict,8,,0,0,1.0,27.94,27.94
bamboo-05123,leftover,,,0,0,0.0,13.63,6.5
bamboo-05124,strict,41,,0,0,1.0,4.068,0.8
bamboo-05125,strict,41,,0,0,1.0,4.0,3.0
bamboo-05126,strict,7,,1,1,1.0,0.1,0.1
bamboo-05127,leftover,,,0,0,0.0,12.813,0.8
bamboo-05128,oversize-floor,,,0,0,0.0,300.149,155.0
bamboo-05129,oversize-total,,8,3,1,0.333,161.595,94.066
bamboo-05130,strict,16,,0,0,1.0,0.8,0.8
bamboo-05131,strict,57,,0,0,1.0,8.6,3.0
bamboo-05132,oversize-floor,,,6,0,0.0,2050.061,800.0
bamboo-05133,strict,20,,1,1,1.0,0.8,0.8
bamboo-05134,leftover,,,0,0,0.0,10.477,8.615
bamboo-05135,strict,16,,0,0,1.0,0.8,0.8
bamboo-05136,strict,43,,4,4,1.0,4.6,3.0
bamboo-05137,oversize-floor,,,5,0,0.0,249.123,155.0
bamboo-05138,oversize-floor,,,0,0,0.0,1112.48,312.31
bamboo-05139,strict,1,,0,0,1.0,0.0,0.0
bamboo-05140,strict,1,,0,0,1.0,0.0,0.0
bamboo-05141,oversize-floor,,,7,0,0.0,487.961,439.106
bamboo-05142,leftover,,,3,0,0.0,21.11,4.859
bamboo-05143,leftover,,,4,0,0.0,10.2,3.0
bamboo-05144,oversize-floor,,,3,0,0.0,968.89,558.794
bamboo-05145,oversize-total,,,2,0,0.0,241.954,94.066
bamboo-05146,oversize-floor,,,4,0,0.0,14590.188,6701.898
bamboo-05147,oversize-floor,,,3,0,0.0,403.506,326.0
bamboo-05148,strict,18,,0,0,1.0,0.8,0.8
bamboo-05149,strict,48,,1,1,1.0,6.0,3.0
bamboo-05150,oversize-floor,,,0,0,0.0,1303.8,1300.0
bamboo-05151,strict,41,,1,1,1.0,3.904,3.0
bamboo-05152,oversize-floor,,,3,0,0.0,1472.331,1060.317
bamboo-05153,strict,31,,2,2,1.0,49.256,25.041
bamboo-05154,strict,9,,0,0,1.0,62.2,61.381
bamboo-05155,leftover,,,1,0,0.0,78.51,74.506
bamboo-05156,strict,1,,0,0,1.0,0.0,0.0
bamboo-05157,leftover,,,3,0,0.0,125.306,74.506
bamboo-05158,strict,24,,3,3,1.0,1.6,0.8
bamboo-05159,strict,24,,0,0,1.0,1.6,0.8
bamboo-05160,oversize-floor,,,3,0,0.0,236.265,186.265
bamboo-05161,strict,19,,0,0,1.0,0.8,0.8
bamboo-05162,oversize-floor,,,4,0,0.0,2371.645,1862.645
bamboo-05163,strict,40,,3,3,1.0,3.8,3.0
bamboo-05164,strict,9,,2,2,1.0,61.493,61.381
bamboo-05165,strict,42,,0,0,1.0,4.268,4.268
bamboo-05166,strict,49,,0,0,1.0,6.15,5.35
bamboo-05167,strict,44,,5,5,1.0,4.7,3.0
bamboo-05168,oversize-floor,,,0,0,0.0,2815.594,2812.594
bamboo-05169,strict,47,,2,2,1.0,6.0,3.0
bamboo-05170,leftover,,,0,0,0.0,30.81,21.635
bamboo-05171,strict,43,,4,4,1.0,6.618,3.0
bamboo-05172,strict,43,,3,3,1.0,4.6,3.0
bamboo-05173,oversize-floor,,,0,0,0.0,648.638,320.626
bamboo-05174,strict,1,,0,0,1.0,0.0,0.0
bamboo-05175,oversize-floor,,,0,0,0.0,1377.144,1048.144
bamboo-05176,strict,28,,0,0,1.0,1.6,0.8
bamboo-05177,strict,6,,2,2,1.0,3.035,2.235
bamboo-05178,leftover,,,4,0,0.0,15.94,5.596
bamboo-05179,strict,41,,4,4,1.0,3.9,3.0
bamboo-05180,leftover,,5,3,1,0.333,50.762,27.94
bamboo-05181,strict,9,,0,0,1.0,0.1,0.1
bamboo-05182,leftover,,,1,0,0.0,15.57,13.97
bamboo-05183,strict,1,,0,0,1.0,0.0,0.0
bamboo-05184,strict,25,,2,2,1.0,1.6,0.8
bamboo-05185,strict,2,,0,0,1.0,0.1,0.1
bamboo-05186,strict,9,,2,2,1.0,0.1,0.1
bamboo-05187,leftover,,,2,0,0.0,28.668,24.868
bamboo-05188,strict,1,,0,0,1.0,0.0,0.0
bamboo-05189,strict,26,,3,3,1.0,1.6,0.8
bamboo-05190,strict,17,,4,4,1.0,0.8,0.8
bamboo-05191,oversize-floor,,,3,0,0.0,3076.364,1862.645
bamboo-05192,strict,1,,0,0,1.0,0.0,0.0
bamboo-05193,strict,19,,0,0,1.0,0.8,0.8
bamboo-05194,strict,18,,1,1,1.0,0.8,0.8
bamboo-05195,oversize-total,,,2,0,0.0,255.464,135.353
bamboo-05196,oversize-floor,,,3,0,0.0,335.0,326.0
bamboo-05197,leftover,,,3,0,0.0,124.072,121.072
bamboo-05198,oversize-floor,,,4,0,0.0,168.493,166.893
bamboo-05199,oversize-floor,,,3,0,0.0,172.519,169.371
bamboo-05200,oversize-floor,,,1,0,0.0,335.0,326.0
bamboo-05201,oversize-floor,,,5,0,0.0,424.234,326.0
bamboo-05202,oversize-total,,,2,0,0.0,327.256,130.4
bamboo-05203,oversize-floor,,,0,0,0.0,263.698,155.0
bamboo-05204,strict,38,,3,3,1.0,3.2,0.8
bamboo-05205,leftover,,53,4,1,0.25,82.524,60.0
bamboo-05206,leftover,,,3,0,0.0,18.185,14.185
bamboo-05207,strict,15,,1,1,1.0,0.8,0.8
bamboo-05208,leftover,,,1,0,0.0,69.957,37.079
bamboo-05209,oversize-floor,,,0,0,0.0,476.001,284.0
bamboo-05210,strict,47,,7,7,1.0,6.406,0.8
bamboo-05211,strict,5,,2,2,1.0,0.196,0.168
bamboo-05212,leftover,,,0,0,0.0,17.77,13.97
bamboo-05213,strict,2,,3,3,1.0,10.641,10.641
bamboo-05214,strict,1,,0,0,1.0,0.215,0.166
bamboo-05215,leftover,,,4,0,0.0,21.566,20.366
bamboo-05216,leftover,,,0,0,0.0,31.956,12.945
bamboo-05217,strict,45,,0,0,1.0,18.853,17.249
bamboo-05218,strict,17,,1,1,1.0,0.8,0.8
bamboo-05219,strict,6,,3,3,1.0,0.1,0.1
bamboo-05220,strict,1,,0,0,1.0,0.0,0.0
bamboo-05221,oversize-floor,,,0,0,0.0,379.37,284.0
bamboo-05222,strict,1,,0,0,1.0,0.0,0.0
bamboo-05223,strict,11,,3,3,1.0,0.296,0.296
bamboo-05224,oversize-floor,,,1,0,0.0,12183.464,6701.898
bamboo-05225,oversize-total,,,0,0,0.0,428.036,122.055
bamboo-05226,strict,40,,3,3,1.0,3.8,3.0
bamboo-05227,oversize-floor,,,3,0,0.0,602.67,579.491
bamboo-05228,leftover,,,0,0,0.0,60.49,20.827
bamboo-05229,leftover,,,0,0,0.0,29.251,13.039
bamboo-05230,strict,51,,1,1,1.0,6.565,3.0
bamboo-05231,leftover,,,3,0,0.0,44.0,16.0
bamboo-05232,leftover,,,0,0,0.0,122.623,61.028
bamboo-05233,oversize-floor,,,2,0,0.0,530.951,439.106
bamboo-05234,oversize-total,,,3,0,0.0,197.286,120.878
bamboo-05235,strict,14,,0,0,1.0,2.282,2.107
bamboo-05236,leftover,,,0,0,0.0,90.065,53.905
bamboo-05237,leftover,,,0,0,0.0,38.192,14.2
bamboo-05238,leftover,,,0,0,0.0,39.886,14.9
bamboo-05239,leftover,,,0,0,0.0,107.386,60.0
bamboo-05240,leftover,,,2,0,0.0,121.615,48.488
bamboo-05241,oversize-floor,,,0,0,0.0,155.966,155.0
bamboo-05242,strict,8,,0,0,1.0,28.268,14.9
bamboo-05243,oversize-total,,,1,0,0.0,282.976,76.916
bamboo-05244,leftover,,,6,0,0.0,58.891,16.0
bamboo-05245,leftover,,,5,0,0.0,92.453,60.0
bamboo-05246,leftover,,,5,0,0.0,21.487,13.887
bamboo-05247,strict,19,,0,0,1.0,0.8,0.8
bamboo-05248,leftover,,,0,0,0.0,58.512,18.0
bamboo-05249,oversize-floor,,,3,0,0.0,167.41,155.0
bamboo-05250,strict,1,,0,0,1.0,0.0,0.0
bamboo-05251,leftover,,,5,0,0.0,102.49,83.819
bamboo-05252,strict,16,,0,0,1.0,0.8,0.8
bamboo-05253,strict,50,,1,1,1.0,6.2,3.0
bamboo-05254,oversize-floor,,,1,0,0.0,1245.743,1222.553
bamboo-05255,leftover,,,0,0,0.0,37.139,23.283
bamboo-05256,strict,45,,0,0,1.0,5.2,1.2
bamboo-05257,strict,49,,2,2,1.0,6.332,3.0
bamboo-05258,oversize-total,,,0,0,0.0,232.031,136.738
bamboo-05259,leftover,,2,2,1,0.5,14.441,6.328
bamboo-05260,oversize-total,,,1,0,0.0,182.105,61.028
bamboo-05261,strict,2,,3,3,1.0,0.282,0.195
bamboo-05262,leftover,,,3,0,0.0,95.66,60.0
bamboo-05263,leftover,,3,4,3,0.75,58.832,53.905
bamboo-05264,oversize-floor,,2,4,1,0.25,439.466,284.0
bamboo-05265,strict,10,,0,0,1.0,9.163,6.519
bamboo-05266,leftover,,,2,0,0.0,107.162,93.132
bamboo-05267,strict,18,,4,4,1.0,10.0,7.5
bamboo-05268,oversize-total,,,1,0,0.0,321.159,135.0
bamboo-05269,oversize-floor,,1,3,2,0.667,165.459,155.0
bamboo-05270,oversize-floor,,,0,0,0.0,333.805,326.0
bamboo-05271,strict,13,,1,1,1.0,0.8,0.8
bamboo-05272,oversize-total,,,3,0,0.0,280.273,136.729
bamboo-05273,leftover,,,0,0,0.0,18.842,14.638
bamboo-05274,strict,17,,0,0,1.0,0.8,0.8
bamboo-05275,oversize-floor,,,0,0,0.0,268.262,155.0
bamboo-05276,leftover,,,2,0,0.0,71.937,15.256
bamboo-05277,leftover,,,0,0,0.0,37.253,24.214
bamboo-05278,leftover,,8,3,1,0.333,33.238,14.9
bamboo-05279,oversize-total,,,1,0,0.0,303.321,130.4
bamboo-05280,leftover,,,4,0,0.0,28.311,27.511
bamboo-05281,leftover,,,0,0,0.0,101.108,98.568
bamboo-05282,oversize-floor,,,3,0,0.0,13969.839,13969.839
bamboo-05283,leftover,,,0,0,0.0,30.971,20.0
bamboo-05284,oversize-total,,,3,0,0.0,196.453,50.715
bamboo-05285,strict,52,,0,0,1.0,6.881,3.0
bamboo-05286,leftover,,,1,0,0.0,92.212,24.214
bamboo-05287,oversize-floor,,,0,0,0.0,243.338,204.891
bamboo-05288,leftover,,,1,0,0.0,62.635,27.001
bamboo-05289,strict,4,,0,0,1.0,14.425,14.2
bamboo-05290,leftover,,38,3,1,0.333,42.222,22.954
bamboo-05291,oversize-floor,,,0,0,0.0,867.654,428.312
bamboo-05292,leftover,,,1,0,0.0,59.949,27.0
bamboo-05293,leftover,,,0,0,0.0,86.182,14.958
bamboo-05294,strict,41,,0,0,1.0,4.0,0.8
bamboo-05295,leftover,,,0,0,0.0,13.0,3.0
bamboo-05296,leftover,,,4,0,0.0,137.841,80.0
bamboo-05297,leftover,,,0,0,0.0,21.413,7.492
bamboo-05298,leftover,,,4,0,0.0,61.791,5.588
bamboo-05299,leftover,,,3,0,0.0,35.782,13.039
bamboo-05300,leftover,,,0,0,0.0,144.466,74.506
bamboo-05301,oversize-floor,,35,6,1,0.167,660.612,292.721
bamboo-05302,strict,44,,3,3,1.0,4.6,3.0
bamboo-05303,oversize-floor,,,1,0,0.0,739.436,326.415
bamboo-05304,leftover,,,0,0,0.0,26.6,3.0
bamboo-05305,strict,1,,0,0,1.0,0.0,0.0
bamboo-05306,strict,1,,0,0,1.0,0.0,0.0
bamboo-05307,oversize-floor,,4,7,2,0.286,326.638,284.0
bamboo-05308,leftover,,,4,0,0.0,15.513,12.6
bamboo-05309,leftover,,,0,0,0.0,71.28,58.404
bamboo-05310,oversize-total,,,4,0,0.0,409.31,48.793
bamboo-05311,strict,33,,3,3,1.0,2.4,0.8
bamboo-05312,strict,1,,1,1,1.0,0.003,0.003
bamboo-05313,strict,1,,0,0,1.0,0.0,0.0
bamboo-05314,oversize-floor,,,0,0,0.0,175.679,155.0
bamboo-05315,leftover,,,0,0,0.0,51.351,50.0
bamboo-05316,strict,15,,4,4,1.0,13.133,12.6
bamboo-05317,strict,45,,2,2,1.0,4.944,3.0
bamboo-05318,leftover,,,0,0,0.0,50.032,25.0
bamboo-05319,leftover,,2,2,1,0.5,14.446,7.145
bamboo-05320,leftover,,3,3,1,0.333,122.943,83.819
bamboo-05321,leftover,,,3,0,0.0,111.448,40.502
bamboo-05322,strict,1,,0,0,1.0,0.0,0.0
bamboo-05323,oversize-floor,,,0,0,0.0,441.484,326.0
bamboo-05324,strict,1,,0,0,1.0,0.0,0.0
bamboo-05325,leftover,,,2,0,0.0,47.914,17.214
bamboo-05326,leftover,,4,5,2,0.4,63.714,27.0
bamboo-05327,strict,39,,0,0,1.0,3.8,3.0
bamboo-05328,leftover,,,1,0,0.0,65.718,18.455
bamboo-05329,leftover,,,0,0,0.0,21.447,5.343
bamboo-05330,oversize-total,,,3,0,0.0,306.701,48.488
bamboo-05331,leftover,,,3,0,0.0,13.209,4.809
bamboo-05332,strict,1,,0,0,1.0,0.0,0.0
bamboo-05333,leftover,,,3,0,0.0,94.268,27.0
bamboo-05334,strict,32,,3,3,1.0,2.07,1.2
bamboo-05335,leftover,,,4,0,0.0,24.1,3.0
bamboo-05336,leftover,,,1,0,0.0,17.0,3.0
bamboo-05337,leftover,,,2,0,0.0,31.319,20.178
bamboo-05338,leftover,,,4,0,0.0,28.487,26.184
bamboo-05339,oversize-total,,,5,0,0.0,235.043,136.738
bamboo-05340,strict,53,,6,6,1.0,7.202,0.8
bamboo-05341,oversize-total,,,2,0,0.0,217.395,130.4
bamboo-05342,leftover,,,0,0,0.0,76.902,28.38
bamboo-05343,leftover,,,3,0,0.0,74.348,25.0
bamboo-05344,oversize-floor,,,0,0,0.0,2444.586,1862.645
bamboo-05345,strict,3,,0,0,1.0,16.95,12.945
bamboo-05346,strict,42,,0,0,1.0,4.18,0.98
bamboo-05347,leftover,,,2,0,0.0,28.423,14.2
bamboo-05348,strict,1,,0,0,1.0,0.0,0.0
bamboo-05349,strict,36,,0,0,1.0,3.0,3.0
bamboo-05350,strict,1,,0,0,1.0,0.0,0.0
bamboo-05351,leftover,,,0,0,0.0,15.518,11.374
bamboo-05352,leftover,,,0,0,0.0,62.978,28.38
bamboo-05353,leftover,,,0,0,0.0,107.386,29.876
bamboo-05354,oversize-floor,,,0,0,0.0,169.893,155.0
bamboo-05355,leftover,,,0,0,0.0,56.668,27.0
bamboo-05356,oversize-floor,,,3,0,0.0,1270.881,1266.281
bamboo-05357,leftover,,3,2,1,0.5,70.368,53.905
bamboo-05358,leftover,,,3,0,0.0,15.741,14.9
bamboo-05359,strict,46,,0,0,1.0,5.122,0.8
bamboo-05360,strict,19,,2,2,1.0,43.285,14.9
bamboo-05361,strict,1,,0,0,1.0,0.0,0.0
bamboo-05362,leftover,,,0,0,0.0,59.367,38.514
bamboo-05363,strict,5,,0,0,1.0,21.719,21.719
bamboo-05364,strict,31,,4,4,1.0,2.342,0.8
bamboo-05365,oversize-floor,,,4,0,0.0,1338.276,1300.0
bamboo-05366,leftover,,,0,0,0.0,71.012,40.0
bamboo-05367,strict,1,,0,0,1.0,0.0,0.0
bamboo-05368,oversize-floor,,,0,0,0.0,165.092,155.0
bamboo-05369,strict,4,,0,0,1.0,0.047,0.047
bamboo-05370,strict,31,,2,2,1.0,1.8,0.8
bamboo-05371,strict,48,,0,0,1.0,5.963,1.863
bamboo-05372,strict,34,,4,4,1.0,2.64,1.704
bamboo-05373,oversize-floor,,,2,0,0.0,172.341,155.0
bamboo-05374,leftover,,,4,0,0.0,39.312,33.819
bamboo-05375,strict,49,,0,0,1.0,7.0,3.0
bamboo-05376,strict,46,,3,3,1.0,5.314,3.0
bamboo-05377,leftover,,,0,0,0.0,26.376,21.719
bamboo-05378,oversize-total,,,7,0,0.0,231.21,54.064
bamboo-05379,leftover,,,3,0,0.0,58.859,36.631
bamboo-05380,leftover,,,3,0,0.0,45.107,21.719
bamboo-05381,leftover,,,0,0,0.0,53.999,18.626
bamboo-05382,leftover,,,0,0,0.0,35.877,14.93
bamboo-05383,leftover,,,1,0,0.0,13.333,6.449
bamboo-05384,leftover,,,0,0,0.0,34.516,17.214
bamboo-05385,leftover,,,6,0,0.0,62.415,37.253
bamboo-05386,strict,24,,0,0,1.0,79.564,52.678
bamboo-05387,leftover,,,3,0,0.0,55.535,28.92
bamboo-05388,leftover,,,2,0,0.0,22.125,14.2
bamboo-05389,leftover,,,1,0,0.0,47.196,41.206
bamboo-05390,leftover,,,0,0,0.0,82.232,65.193
bamboo-05391,oversize-floor,,,1,0,0.0,720.134,698.406
bamboo-05392,strict,1,,0,0,1.0,0.0,0.0
bamboo-05393,leftover,,,4,0,0.0,102.42,24.214
bamboo-05394,strict,10,,0,0,1.0,0.218,0.186
bamboo-05395,leftover,,4,2,1,0.5,91.831,60.0
bamboo-05396,strict,1,,0,0,1.0,0.0,0.0
bamboo-05397,oversize-floor,,,5,0,0.0,891.928,838.19
bamboo-05398,strict,39,,4,4,1.0,3.8,3.0
bamboo-05399,oversize-floor,,,0,0,0.0,167.083,155.0
bamboo-05400,strict,1,,0,0,1.0,0.0,0.0
bamboo-05401,leftover,,,0,0,0.0,23.521,14.9
bamboo-05402,oversize-floor,,,0,0,0.0,3408.082,1862.645
bamboo-05403,oversize-total,,,2,0,0.0,280.388,142.05
bamboo-05404,oversize-total,,,0,0,0.0,556.835,131.417
bamboo-05405,strict,10,,0,0,1.0,9.623,5.894
bamboo-05406,strict,48,,0,0,1.0,5.849,3.0
bamboo-05407,leftover,,,0,0,0.0,42.424,27.511
bamboo-05408,leftover,,,0,0,0.0,18.606,3.029
bamboo-05409,strict,48,,0,0,1.0,5.849,3.0
bamboo-05410,leftover,,,0,0,0.0,46.566,46.566
bamboo-05411,strict,32,,0,0,1.0,2.4,0.8
bamboo-05412,oversize-total,,,4,0,0.0,223.657,130.4
bamboo-05413,strict,46,,0,0,1.0,5.546,2.2
bamboo-05414,strict,1,,0,0,1.0,0.0,0.0
bamboo-05415,strict,25,,1,1,1.0,1.6,0.8
bamboo-05416,leftover,,,2,0,0.0,36.426,34.926
bamboo-05417,oversize-total,,,0,0,0.0,252.708,82.966
bamboo-05418,strict,51,,1,1,1.0,6.598,0.8
bamboo-05419,leftover,,,0,0,0.0,33.738,25.0
bamboo-05420,strict,36,,0,0,1.0,4.056,1.087
bamboo-05421,leftover,,,0,0,0.0,67.075,35.596
bamboo-05422,oversize-floor,,,0,0,0.0,236.604,155.0
bamboo-05423,oversize-floor,,,0,0,0.0,180.6,155.0
bamboo-05424,oversize-total,,,0,0,0.0,159.589,54.064
bamboo-05425,oversize-floor,,,1,0,0.0,648.686,641.296
bamboo-05426,oversize-floor,,,0,0,0.0,838.19,838.19
bamboo-05427,strict,17,,0,0,1.0,0.8,0.8
bamboo-05428,strict,43,,0,0,1.0,4.6,3.0
bamboo-05429,leftover,,,0,0,0.0,34.479,14.2
bamboo-05430,oversize-floor,,,0,0,0.0,213.467,155.0
bamboo-05431,oversize-floor,,,0,0,0.0,1675.65,640.484
bamboo-05432,strict,1,,0,0,1.0,0.0,0.0
bamboo-05433,leftover,,,5,0,0.0,69.501,25.0
bamboo-05434,strict,22,,0,0,1.0,0.98,0.98
bamboo-05435,strict,44,,0,0,1.0,4.673,3.0
bamboo-05436,leftover,,,0,0,0.0,21.503,14.9
bamboo-05437,strict,24,,1,1,1.0,1.6,0.8
bamboo-05438,strict,48,,0,0,1.0,7.422,0.8
bamboo-05439,oversize-floor,,,3,0,0.0,1222.779,1210.719
bamboo-05440,strict,1,,0,0,1.0,0.0,0.0
bamboo-05441,oversize-floor,,,4,0,0.0,1984.854,1193.069
bamboo-05442,oversize-floor,,,0,0,0.0,290.276,155.0
bamboo-05443,leftover,,,2,0,0.0,115.27,47.715
bamboo-05444,oversize-floor,,,3,0,0.0,413.39,326.0
bamboo-05445,oversize-total,,,2,0,0.0,295.958,135.426
bamboo-05446,oversize-total,,,0,0,0.0,201.425,79.471
bamboo-05447,oversize-floor,,,0,0,0.0,644.207,640.484
bamboo-05448,strict,1,,0,0,1.0,0.0,0.0
bamboo-05449,oversize-total,,,4,0,0.0,151.926,60.0
bamboo-05450,oversize-floor,,3,3,1,0.333,298.967,252.134
bamboo-05451,oversize-floor,,,0,0,0.0,1410.836,1395.262
bamboo-05452,leftover,,,1,0,0.0,24.517,13.245
bamboo-05453,leftover,,12,5,2,0.4,25.672,21.719
bamboo-05454,oversize-floor,,,2,0,0.0,1091.306,1024.455
bamboo-05455,leftover,,,4,0,0.0,14.617,6.199
bamboo-05456,oversize-total,,,0,0,0.0,371.091,125.706
bamboo-05457,oversize-floor,,,6,0,0.0,7324.032,6519.258
bamboo-05458,oversize-floor,,,2,0,0.0,665.257,326.0
bamboo-05459,strict,40,,0,0,1.0,3.8,3.0
bamboo-05460,leftover,,,0,0,0.0,60.8,60.0
bamboo-05461,strict,48,,1,1,1.0,5.734,0.8
bamboo-05462,oversize-floor,,,1,0,0.0,156.45,155.0
bamboo-05463,strict,36,,3,3,1.0,3.0,3.0
bamboo-05464,strict,16,,0,0,1.0,0.8,0.8
bamboo-05465,leftover,,,0,0,0.0,29.794,14.2
bamboo-05466,leftover,,7,3,1,0.333,48.722,16.764
bamboo-05467,strict,14,,0,0,1.0,1.815,0.8
bamboo-05468,oversize-floor,,,6,0,0.0,181.701,155.0
bamboo-05469,oversize-floor,,,5,0,0.0,2351.267,2300.104
bamboo-05470,oversize-floor,,,3,0,0.0,1482.085,641.296
bamboo-05471,strict,15,,0,0,1.0,0.8,0.8
bamboo-05472,leftover,,,2,0,0.0,22.266,15.445
bamboo-05473,strict,7,,3,3,1.0,19.761,17.249
bamboo-05474,oversize-floor,,,3,0,0.0,237.906,155.0
bamboo-05475,strict,24,,3,3,1.0,1.6,0.8
bamboo-05476,oversize-floor,,,3,0,0.0,1653.951,792.326
bamboo-05477,leftover,,,0,0,0.0,14.429,12.6
bamboo-05478,leftover,,,2,0,0.0,37.211,24.2
bamboo-05479,strict,60,,3,3,1.0,9.309,4.912
bamboo-05480,strict,29,,0,0,1.0,1.604,1.604
bamboo-05481,oversize-floor,,,0,0,0.0,4656.613,4656.613
bamboo-05482,leftover,,,3,0,0.0,15.786,3.0
bamboo-05483,leftover,,,0,0,0.0,118.435,82.966
bamboo-05484,strict,31,,4,4,1.0,3.106,1.4
bamboo-05485,strict,54,,4,4,1.0,7.6,3.0
bamboo-05486,leftover,,,0,0,0.0,46.907,14.93
bamboo-05487,oversize-total,,,0,0,0.0,211.395,139.698
bamboo-05488,leftover,,,0,0,0.0,50.848,14.93
bamboo-05489,strict,15,,0,0,1.0,21.739,21.719
bamboo-05490,oversize-floor,,,0,0,0.0,874.057,428.312
bamboo-05491,oversize-floor,,,0,0,0.0,957.4,745.058
bamboo-05492,leftover,,,1,0,0.0,53.093,50.0
bamboo-05493,strict,1,,0,0,1.0,3.832,3.5
bamboo-05494,strict,45,,3,3,1.0,53.922,17.249
bamboo-05495,strict,2,,0,0,1.0,0.005,0.005
bamboo-05496,strict,22,,0,0,1.0,16.784,5.6
bamboo-05497,leftover,,4,6,3,0.5,11.733,7.099
bamboo-05498,strict,7,,0,0,1.0,1.494,1.113
bamboo-05499,strict,41,,1,1,1.0,4.004,0.8
bamboo-05500,oversize-floor,,,1,0,0.0,2397.142,1396.984
bamboo-05501,strict,1,,0,0,1.0,0.0,0.0
bamboo-05502,strict,5,,0,0,1.0,30.911,14.958
bamboo-05503,leftover,,,6,0,0.0,106.81,60.0
bamboo-05504,leftover,,,0,0,0.0,13.502,7.862
bamboo-05505,strict,59,,4,4,1.0,14.561,6.7
bamboo-05506,strict,7,,0,0,1.0,0.1,0.1
bamboo-05507,strict,51,,0,0,1.0,6.842,3.0
bamboo-05508,strict,16,,0,0,1.0,35.12,17.695
bamboo-05509,oversize-floor,,,3,0,0.0,7004.671,3883.547
bamboo-05510,strict,53,,2,2,1.0,7.057,3.957
bamboo-05511,leftover,,,0,0,0.0,132.248,93.132
bamboo-05512,leftover,,,0,0,0.0,35.856,27.94
bamboo-05513,oversize-floor,,,0,0,0.0,328.759,322.559
bamboo-05514,leftover,,,0,0,0.0,58.865,27.511
bamboo-05515,strict,31,,0,0,1.0,1.925,1.024
bamboo-05516,strict,3,,3,3,1.0,0.661,0.466
bamboo-05517,leftover,,,0,0,0.0,14.792,7.287
bamboo-05518,leftover,,,0,0,0.0,11.862,3.0
bamboo-05519,oversize-floor,,3,2,1,0.5,212.909,155.0
bamboo-05520,leftover,,,0,0,0.0,127.748,96.006
bamboo-05521,strict,33,,0,0,1.0,2.407,0.8
bamboo-05522,leftover,,,0,0,0.0,131.52,83.819
bamboo-05523,oversize-floor,,,0,0,0.0,52636.398,51048.155
bamboo-05524,strict,15,,0,0,1.0,34.352,23.283
bamboo-05525,strict,18,,1,1,1.0,0.8,0.8
bamboo-05526,strict,1,,0,0,1.0,0.332,0.166
bamboo-05527,leftover,,,0,0,0.0,74.207,66.646
bamboo-05528,oversize-floor,,,3,0,0.0,336.377,326.0
bamboo-05529,strict,31,,1,1,1.0,1.91,0.8
bamboo-05530,oversize-floor,,10,2,1,0.5,709.392,640.484
bamboo-05531,oversize-floor,,,0,0,0.0,1953.028,1846.896
bamboo-05532,oversize-floor,,,0,0,0.0,284.028,284.0
bamboo-05533,oversize-floor,,,3,0,0.0,165.315,155.0
bamboo-05534,oversize-floor,,,1,0,0.0,626.2,262.852
bamboo-05535,oversize-floor,,,4,0,0.0,423.495,232.831
bamboo-05536,strict,31,,3,3,1.0,1.64,1.005
bamboo-05537,strict,25,,1,1,1.0,1.6,0.8
bamboo-05538,leftover,,,0,0,0.0,10.432,9.632
bamboo-05539,leftover,,,0,0,0.0,25.268,22.57
bamboo-05540,oversize-floor,,,3,0,0.0,6531.606,6519.258
bamboo-05541,leftover,,17,3,1,0.333,54.837,46.899
bamboo-05542,oversize-floor,,,0,0,0.0,51203.321,51048.155
bamboo-05543,strict,46,,0,0,1.0,7.663,4.763
bamboo-05544,strict,1,,0,0,1.0,0.1,0.1
bamboo-05545,oversize-floor,,9,7,2,0.286,660.238,640.484
bamboo-05546,leftover,,,0,0,0.0,113.402,48.273
bamboo-05547,leftover,,,2,0,0.0,47.458,30.333
bamboo-05548,strict,43,,0,0,1.0,4.449,1.249
bamboo-05549,strict,17,,3,3,1.0,0.8,0.8
bamboo-05550,leftover,,,1,0,0.0,86.819,83.819
bamboo-05551,oversize-total,,7,4,1,0.25,200.548,130.4
bamboo-05552,oversize-total,,4,2,1,0.5,175.747,120.191
bamboo-05553,strict,1,,0,0,1.0,0.0,0.0
bamboo-05554,strict,47,,2,2,1.0,6.587,0.8
bamboo-05555,strict,1,,0,0,1.0,0.0,0.0
bamboo-05556,leftover,,,1,0,0.0,107.471,101.679
bamboo-05557,oversize-floor,,,0,0,0.0,187.486,186.265
bamboo-05558,leftover,,,0,0,0.0,73.944,52.307
bamboo-05559,leftover,,,0,0,0.0,89.426,15.445
bamboo-05560,leftover,,,0,0,0.0,61.097,58.097
bamboo-05561,oversize-total,,,4,0,0.0,198.036,91.053
bamboo-05562,oversize-floor,,,0,0,0.0,1054.82,284.0
bamboo-05563,leftover,,,3,0,0.0,93.89,25.0
bamboo-05564,strict,33,,0,0,1.0,2.794,0.8
bamboo-05565,leftover,,,0,0,0.0,98.585,24.214
bamboo-05566,strict,51,,4,4,1.0,6.742,5.122
bamboo-05567,oversize-floor,,,0,0,0.0,786.055,439.106
bamboo-05568,leftover,,,4,0,0.0,82.05,18.0
bamboo-05569,strict,34,,0,0,1.0,3.041,1.3
bamboo-05570,leftover,,,0,0,0.0,35.6,25.0
bamboo-05571,leftover,,,0,0,0.0,56.07,15.0
bamboo-05572,oversize-floor,,,3,0,0.0,304.159,273.438
bamboo-05573,strict,1,,0,0,1.0,0.0,0.0
bamboo-05574,strict,41,,0,0,1.0,4.112,2.483
bamboo-05575,strict,6,,0,0,1.0,2.538,0.8
bamboo-05576,strict,52,,1,1,1.0,6.982,6.485
bamboo-05577,leftover,,,6,0,0.0,17.847,14.047
bamboo-05578,leftover,,,1,0,0.0,40.589,26.389
bamboo-05579,strict,13,,0,0,1.0,0.75,0.745
bamboo-05580,strict,45,,0,0,1.0,9.117,3.5
bamboo-05581,leftover,,,0,0,0.0,14.872,13.259
bamboo-05582,oversize-floor,,,1,0,0.0,13956.601,6988.69
bamboo-05583,leftover,,,3,0,0.0,130.17,25.783
bamboo-05584,strict,1,,0,0,1.0,0.0,0.0
bamboo-05585,strict,1,,2,2,1.0,4.084,3.5
bamboo-05586,strict,35,,0,0,1.0,2.849,1.249
bamboo-05587,strict,1,,0,0,1.0,0.0,0.0
bamboo-05588,leftover,,,0,0,0.0,27.94,27.94
bamboo-05589,leftover,,,2,0,0.0,93.735,74.506
bamboo-05590,oversize-floor,,,0,0,0.0,369.448,276.978
bamboo-05591,oversize-floor,,,3,0,0.0,190.489,155.0
bamboo-05592,leftover,,,0,0,0.0,30.127,14.2
bamboo-05593,leftover,,,1,0,0.0,10.6,3.0
bamboo-05594,leftover,,,0,0,0.0,46.96,36.844
bamboo-05595,strict,54,,3,3,1.0,7.6,3.0
bamboo-05596,oversize-floor,,,0,0,0.0,306.532,284.0
bamboo-05597,strict,1,,0,0,1.0,0.0,0.0
bamboo-05598,leftover,,,3,0,0.0,17.533,14.9
bamboo-05599,oversize-floor,,,0,0,0.0,447.02,284.0
bamboo-05600,leftover,,,0,0,0.0,34.068,14.958
bamboo-05601,strict,46,,0,0,1.0,5.36,1.36
bamboo-05602,strict,49,,3,3,1.0,6.421,5.021
bamboo-05603,leftover,,,4,0,0.0,44.913,14.901
bamboo-05604,leftover,,,0,0,0.0,64.007,29.871
bamboo-05605,leftover,,,3,0,0.0,49.706,34.024
bamboo-05606,leftover,,,0,0,0.0,18.474,18.17
bamboo-05607,oversize-total,,,0,0,0.0,160.126,53.905
bamboo-05608,oversize-floor,,,3,0,0.0,167.061,161.061
bamboo-05609,oversize-floor,,,0,0,0.0,1225.532,1210.719
bamboo-05610,oversize-floor,,,3,0,0.0,52030.803,51048.155
bamboo-05611,leftover,,,0,0,0.0,110.853,59.605
bamboo-05612,leftover,,,3,0,0.0,24.989,14.9
bamboo-05613,strict,33,,1,1,1.0,2.401,0.8
bamboo-05614,oversize-floor,,,0,0,0.0,2534.534,1266.281
bamboo-05615,strict,7,,3,3,1.0,2.4,1.6
bamboo-05616,strict,33,,0,0,1.0,2.4,0.8
bamboo-05617,oversize-floor,,,0,0,0.0,1232.719,1210.719
bamboo-05618,strict,4,,0,0,1.0,0.824,0.824
bamboo-05619,strict,19,,2,2,1.0,29.331,14.9
bamboo-05620,strict,6,,3,3,1.0,2.235,2.235
bamboo-05621,oversize-floor,,,0,0,0.0,164.265,155.0
bamboo-05622,strict,38,,0,0,1.0,3.2,0.8
bamboo-05623,oversize-floor,,1,3,1,0.333,649.596,245.237
bamboo-05624,leftover,,,2,0,0.0,60.703,32.539
bamboo-05625,strict,21,,0,0,1.0,1.21,0.8
bamboo-05626,oversize-total,,,2,0,0.0,205.384,99.869
bamboo-05627,leftover,,,4,0,0.0,81.25,37.844
bamboo-05628,leftover,,,0,0,0.0,16.341,16.341
bamboo-05629,oversize-total,,,4,0,0.0,288.917,61.028
bamboo-05630,strict,6,,4,4,1.0,12.696,12.6
bamboo-05631,oversize-floor,,3,3,2,0.667,1038.148,800.0
bamboo-05632,oversize-floor,,,0,0,0.0,249.224,155.0
bamboo-05633,leftover,,,0,0,0.0,66.328,58.404
bamboo-05634,leftover,,,0,0,0.0,97.789,93.132
bamboo-05635,leftover,,,2,0,0.0,24.639,22.595
bamboo-05636,oversize-total,,,5,0,0.0,225.663,25.783
bamboo-05637,strict,1,,0,0,1.0,0.0,0.0
bamboo-05638,leftover,,,2,0,0.0,44.284,14.9
bamboo-05639,oversize-floor,,,3,0,0.0,244.095,155.0
bamboo-05640,oversize-floor,,,0,0,0.0,335.0,326.0
bamboo-05641,leftover,,,0,0,0.0,90.486,60.0
bamboo-05642,leftover,,,0,0,0.0,10.644,10.541
bamboo-05643,leftover,,,4,0,0.0,33.537,32.737
bamboo-05644,leftover,,5,2,1,0.5,30.269,27.241
bamboo-05645,strict,41,,6,6,1.0,4.0,0.8
bamboo-05646,oversize-floor,,,0,0,0.0,1153.714,1057.994
bamboo-05647,oversize-floor,,,4,0,0.0,5324.752,4656.613
bamboo-05648,strict,36,,1,1,1.0,3.0,3.0
bamboo-05649,strict,7,,0,0,1.0,9.402,5.6
bamboo-05650,strict,14,,0,0,1.0,1.815,0.8
bamboo-05651,strict,1,,0,0,1.0,0.02,0.02
bamboo-05652,strict,15,,0,0,1.0,8.018,7.325
bamboo-05653,strict,17,,2,2,1.0,47.646,46.899
bamboo-05654,leftover,,,2,0,0.0,131.22,72.652
bamboo-05655,leftover,,,0,0,0.0,27.94,27.94
bamboo-05656,strict,3,,0,0,1.0,0.1,0.1
bamboo-05657,strict,47,,3,3,1.0,5.4,3.0
bamboo-05658,oversize-floor,,,5,0,0.0,251.815,227.092
bamboo-05659,strict,1,,0,0,1.0,0.0,0.0
bamboo-05660,oversize-total,,,0,0,0.0,351.319,136.207
bamboo-05661,leftover,,,3,0,0.0,22.284,19.623
bamboo-05662,leftover,,,0,0,0.0,30.75,29.756
bamboo-05663,oversize-floor,,,0,0,0.0,409.668,284.0
bamboo-05664,strict,38,,4,4,1.0,3.2,0.8
bamboo-05665,strict,1,,0,0,1.0,0.0,0.0
bamboo-05666,strict,57,,0,0,1.0,8.365,3.0
bamboo-05667,leftover,,,3,0,0.0,100.862,57.187
bamboo-05668,strict,55,,0,0,1.0,15.807,4.843
bamboo-05669,leftover,,,0,0,0.0,28.967,14.9
bamboo-05670,oversize-floor,,,3,0,0.0,155.0,155.0
bamboo-05671,oversize-floor,,,3,0,0.0,475.827,284.0
bamboo-05672,oversize-floor,,,0,0,0.0,6681.888,6519.258
bamboo-05673,strict,52,,7,7,1.0,7.0,3.0
bamboo-05674,oversize-floor,,,4,0,0.0,2232.724,1060.317
bamboo-05675,strict,24,,1,1,1.0,1.6,0.8
bamboo-05676,leftover,,,1,0,0.0,38.332,20.0
bamboo-05677,oversize-total,,,2,0,0.0,218.567,136.738
bamboo-05678,oversize-total,,,1,0,0.0,210.019,64.054
bamboo-05679,leftover,,,0,0,0.0,19.485,14.9
bamboo-05680,strict,53,,0,0,1.0,7.122,4.657
bamboo-05681,leftover,,,4,0,0.0,10.078,5.481
bamboo-05682,strict,1,,0,0,1.0,0.0,0.0
bamboo-05683,strict,49,,1,1,1.0,6.1,3.0
bamboo-05684,leftover,,,0,0,0.0,13.619,12.6
bamboo-05685,oversize-floor,,,0,0,0.0,157.347,155.0
bamboo-05686,leftover,,,0,0,0.0,18.802,3.0
bamboo-05687,strict,7,,0,0,1.0,47.922,13.503
bamboo-05688,oversize-floor,,,0,0,0.0,214.634,155.0
bamboo-05689,leftover,,,0,0,0.0,17.416,17.416
bamboo-05690,oversize-floor,,,1,0,0.0,400.804,150.585
bamboo-05691,leftover,,,2,0,0.0,15.2,3.0
bamboo-05692,leftover,,,0,0,0.0,88.534,37.253
bamboo-05693,strict,10,,3,3,1.0,8.4,3.0
bamboo-05694,strict,8,,3,3,1.0,79.968,24.2
bamboo-05695,leftover,,,3,0,0.0,120.159,111.759
bamboo-05696,oversize-floor,,,3,0,0.0,271.567,263.167
bamboo-05697,leftover,,,0,0,0.0,42.021,14.9
bamboo-05698,strict,1,,0,0,1.0,0.0,0.0
bamboo-05699,leftover,,,0,0,0.0,13.373,4.101
bamboo-05700,oversize-floor,,,3,0,0.0,369.06,305.546
bamboo-05701,leftover,,,3,0,0.0,12.051,11.251
bamboo-05702,oversize-total,,,4,0,0.0,371.685,130.385
bamboo-05703,strict,13,,1,1,1.0,3.132,3.132
bamboo-05704,leftover,,,3,0,0.0,45.639,13.039
bamboo-05705,strict,45,,3,3,1.0,40.851,13.503
bamboo-05706,oversize-floor,,,0,0,0.0,833.91,465.661
bamboo-05707,leftover,,,0,0,0.0,37.192,12.6
bamboo-05708,strict,25,,0,0,1.0,1.6,0.8
bamboo-05709,leftover,,49,3,1,0.333,31.0,25.0
bamboo-05710,oversize-floor,,,5,0,0.0,4735.648,4420.297
bamboo-05711,strict,7,,0,0,1.0,52.8,50.0
bamboo-05712,strict,58,,3,3,1.0,8.766,1.4
bamboo-05713,leftover,,,4,0,0.0,86.013,27.511
bamboo-05714,strict,31,,1,1,1.0,2.448,1.4
bamboo-05715,oversize-total,,,2,0,0.0,182.736,60.0
bamboo-05716,oversize-floor,,,0,0,0.0,1426.247,1222.553
bamboo-05717,strict,12,,0,0,1.0,9.199,4.712
bamboo-05718,strict,40,,0,0,1.0,3.8,3.0
bamboo-05719,leftover,,,1,0,0.0,20.03,14.9
bamboo-05720,strict,33,,0,0,1.0,2.4,0.8
bamboo-05721,leftover,,,0,0,0.0,29.663,14.9
bamboo-05722,leftover,,,3,0,0.0,10.259,4.0
bamboo-05723,leftover,,,2,0,0.0,138.338,136.738
bamboo-05724,oversize-floor,,,3,0,0.0,165.421,155.0
bamboo-05725,oversize-floor,,,3,0,0.0,392.412,314.971
bamboo-05726,strict,41,,5,5,1.0,4.0,0.8
bamboo-05727,oversize-total,,,1,0,0.0,268.786,139.726
bamboo-05728,oversize-total,,,3,0,0.0,265.736,136.729
bamboo-05729,oversize-floor,,,0,0,0.0,1071.078,800.0
bamboo-05730,strict,14,,0,0,1.0,28.74,27.94
bamboo-05731,strict,24,,0,0,1.0,1.426,1.211
bamboo-05732,strict,50,,2,2,1.0,6.256,3.0
bamboo-05733,leftover,,,2,0,0.0,122.177,106.516
bamboo-05734,leftover,,,0,0,0.0,40.832,32.737
bamboo-05735,strict,13,,1,1,1.0,0.8,0.8
bamboo-05736,strict,12,,4,4,1.0,3.666,0.8
bamboo-05737,oversize-floor,,,3,0,0.0,412.378,386.523
bamboo-05738,strict,14,,0,0,1.0,29.167,25.0
bamboo-05739,leftover,,,2,0,0.0,30.685,14.9
bamboo-05740,leftover,,,0,0,0.0,122.355,121.366
bamboo-05741,leftover,,,1,0,0.0,31.576,25.0
bamboo-05742,leftover,,,3,0,0.0,26.847,21.687
bamboo-05743,oversize-total,,,3,0,0.0,437.463,131.417
bamboo-05744,strict,31,,0,0,1.0,1.647,0.8
bamboo-05745,leftover,,,2,0,0.0,103.495,73.412
bamboo-05746,leftover,,,6,0,0.0,59.972,54.185
bamboo-05747,strict,25,,2,2,1.0,1.6,0.8
bamboo-05748,leftover,,,4,0,0.0,128.752,82.878
bamboo-05749,strict,1,,0,0,1.0,0.0,0.0
bamboo-05750,leftover,,,4,0,0.0,83.044,27.0
bamboo-05751,strict,31,,2,2,1.0,1.724,0.8
bamboo-05752,oversize-floor,,,6,0,0.0,524.689,326.0
bamboo-05753,strict,29,,0,0,1.0,1.6,0.8
bamboo-05754,leftover,,49,2,1,0.5,15.867,4.912
bamboo-05755,strict,3,,1,1,1.0,1.11,0.8
bamboo-05756,strict,25,,5,5,1.0,1.6,0.8
bamboo-05757,strict,14,,0,0,1.0,25.601,9.88
bamboo-05758,strict,17,,1,1,1.0,0.8,0.8
bamboo-05759,strict,47,,0,0,1.0,7.637,4.843
bamboo-05760,leftover,,,4,0,0.0,86.346,83.945
bamboo-05761,oversize-floor,,,4,0,0.0,547.821,326.0
bamboo-05762,strict,49,,0,0,1.0,6.6,3.0
bamboo-05763,leftover,,,4,0,0.0,25.616,3.0
bamboo-05764,oversize-floor,,,1,0,0.0,688.937,650.0
bamboo-05765,strict,5,,0,0,1.0,1.372,0.8
bamboo-05766,oversize-floor,,,6,0,0.0,1298.474,1210.719
bamboo-05767,oversize-floor,,,3,0,0.0,1106.723,931.323
bamboo-05768,strict,1,,0,0,1.0,0.049,0.049
bamboo-05769,strict,47,,0,0,1.0,5.569,0.8
bamboo-05770,leftover,,,0,0,0.0,98.025,25.103
bamboo-05771,leftover,,,0,0,0.0,17.053,17.026
bamboo-05772,strict,28,,0,0,1.0,1.6,0.8
bamboo-05773,oversize-floor,,,0,0,0.0,1223.357,1210.719
bamboo-05774,leftover,,,3,0,0.0,31.803,21.719
bamboo-05775,strict,39,,0,0,1.0,3.463,1.397
bamboo-05776,oversize-floor,,,2,0,0.0,6956.911,6519.258
bamboo-05777,leftover,,,5,0,0.0,145.824,60.0
bamboo-05778,oversize-floor,,,3,0,0.0,1279.933,1210.719
bamboo-05779,strict,44,,4,4,1.0,4.805,2.525
bamboo-05780,strict,2,,0,0,1.0,0.005,0.005
bamboo-05781,leftover,,,3,0,0.0,17.998,17.998
bamboo-05782,leftover,,,4,0,0.0,71.983,17.214
bamboo-05783,oversize-floor,,,3,0,0.0,806.298,800.0
bamboo-05784,oversize-floor,,,4,0,0.0,238.635,155.0
bamboo-05785,leftover,,,0,0,0.0,96.132,93.132
bamboo-05786,strict,10,,3,3,1.0,0.186,0.109
bamboo-05787,oversize-floor,,,3,0,0.0,6521.67,6519.258
bamboo-05788,leftover,,,4,0,0.0,18.166,3.0
bamboo-05789,strict,52,,3,3,1.0,7.004,3.0
bamboo-05790,strict,34,,0,0,1.0,2.615,0.8
bamboo-05791,strict,38,,2,2,1.0,3.2,0.8
bamboo-05792,leftover,,,3,0,0.0,23.4,3.0
bamboo-05793,strict,47,,0,0,1.0,5.588,4.657
bamboo-05794,leftover,,,6,0,0.0,127.846,24.2
bamboo-05795,oversize-floor,,,4,0,0.0,8071.241,5434.959
bamboo-05796,leftover,,,2,0,0.0,17.068,14.9
bamboo-05797,strict,1,,0,0,1.0,0.0,0.0
bamboo-05798,oversize-floor,,10,2,1,0.5,323.691,314.971
bamboo-05799,oversize-floor,,,3,0,0.0,155.3,155.0
bamboo-05800,oversize-floor,,,0,0,0.0,3884.068,1482.276
bamboo-05801,strict,9,,1,1,1.0,1.157,0.705
bamboo-05802,leftover,,,2,0,0.0,15.352,5.588
bamboo-05803,strict,32,,2,2,1.0,2.4,0.8
bamboo-05804,oversize-floor,,,1,0,0.0,454.42,450.0
bamboo-05805,strict,20,,0,0,1.0,0.8,0.8
bamboo-05806,oversize-total,,,3,0,0.0,194.693,82.966
bamboo-05807,oversize-floor,,,5,0,0.0,10887.054,4967.921
bamboo-05808,leftover,,11,4,2,0.5,48.798,14.958
bamboo-05809,oversize-floor,,,3,0,0.0,220.75,155.0
bamboo-05810,leftover,,,1,0,0.0,33.29,14.475
bamboo-05811,leftover,,,3,0,0.0,89.23,46.566
bamboo-05812,oversize-total,,,0,0,0.0,154.776,49.599
bamboo-05813,strict,1,,0,0,1.0,0.0,0.0
bamboo-05814,leftover,,20,4,2,0.5,69.565,14.9
bamboo-05815,leftover,,4,4,3,0.75,119.214,61.733
bamboo-05816,leftover,,,3,0,0.0,55.929,24.214
bamboo-05817,oversize-floor,,,0,0,0.0,1151.999,838.19
bamboo-05818,strict,2,,0,0,1.0,10.641,10.641
bamboo-05819,oversize-floor,,3,4,3,0.75,5435.154,5434.959
bamboo-05820,leftover,,,4,0,0.0,9.8,3.0
bamboo-05821,leftover,,,3,0,0.0,89.292,24.2
bamboo-05822,oversize-floor,,,0,0,0.0,839.295,641.296
bamboo-05823,oversize-floor,,,0,0,0.0,5619.81,5434.959
bamboo-05824,leftover,,,0,0,0.0,9.779,5.122
bamboo-05825,leftover,,,2,0,0.0,88.957,65.193
bamboo-05826,leftover,,,4,0,0.0,12.312,7.862
bamboo-05827,strict,1,,0,0,1.0,0.0,0.0
bamboo-05828,leftover,,,0,0,0.0,57.518,25.0
bamboo-05829,leftover,,1,4,1,0.25,36.768,19.757
bamboo-05830,strict,32,,4,4,1.0,2.4,0.8
bamboo-05831,leftover,,,3,0,0.0,139.541,80.418
bamboo-05832,oversize-total,,3,4,1,0.25,205.4,130.4
bamboo-05833,leftover,,,6,0,0.0,104.135,24.869
bamboo-05834,strict,19,,5,5,1.0,31.596,14.9
bamboo-05835,oversize-floor,,,0,0,0.0,986.33,650.0
bamboo-05836,leftover,,,0,0,0.0,10.513,5.713
bamboo-05837,oversize-floor,,,0,0,0.0,284.0,284.0
bamboo-05838,oversize-floor,,,0,0,0.0,709.024,698.406
bamboo-05839,leftover,,,0,0,0.0,103.297,63.594
bamboo-05840,leftover,,,4,0,0.0,14.447,10.117
bamboo-05841,strict,13,,1,1,1.0,0.8,0.8
bamboo-05842,oversize-floor,,,0,0,0.0,664.383,640.484
bamboo-05843,strict,44,,4,4,1.0,4.777,3.56
bamboo-05844,leftover,,,1,0,0.0,75.246,74.446
bamboo-05845,oversize-floor,,,2,0,0.0,5510.034,5434.959
bamboo-05846,strict,3,,3,3,1.0,0.904,0.904
bamboo-05847,oversize-floor,,,0,0,0.0,6554.97,6519.258
bamboo-05848,leftover,,,0,0,0.0,14.67,6.5
bamboo-05849,leftover,,,2,0,0.0,94.267,83.819
bamboo-05850,strict,22,,1,1,1.0,0.9,0.8
bamboo-05851,leftover,,,5,0,0.0,60.55,41.91
bamboo-05852,oversize-floor,,,2,0,0.0,11777.141,11548.495
bamboo-05853,strict,14,,0,0,1.0,27.94,27.94
bamboo-05854,strict,56,,0,0,1.0,7.86,1.142
bamboo-05855,leftover,,,3,0,0.0,61.057,30.195
bamboo-05856,leftover,,,3,0,0.0,17.006,4.005
bamboo-05857,strict,55,,4,4,1.0,7.693,3.0
bamboo-05858,leftover,,,3,0,0.0,12.2,3.0
bamboo-05859,strict,38,,3,3,1.0,3.2,0.8
bamboo-05860,oversize-floor,,,3,0,0.0,404.9,155.0
bamboo-05861,strict,40,,2,2,1.0,3.854,1.771
bamboo-05862,leftover,,,3,0,0.0,71.148,25.0
bamboo-05863,oversize-total,,,0,0,0.0,264.686,135.551
bamboo-05864,strict,25,,0,0,1.0,75.213,61.028
bamboo-05865,leftover,,,0,0,0.0,51.812,14.739
bamboo-05866,leftover,,,0,0,0.0,66.918,15.445
bamboo-05867,leftover,,,6,0,0.0,97.227,28.869
bamboo-05868,leftover,,,0,0,0.0,29.935,14.2
bamboo-05869,oversize-floor,,3,4,2,0.5,230998.231,223517.418
bamboo-05870,oversize-total,,,4,0,0.0,292.99,130.4
bamboo-05871,strict,1,,0,0,1.0,0.0,0.0
bamboo-05872,strict,22,,0,0,1.0,0.877,0.8
bamboo-05873,oversize-floor,,,5,0,0.0,185.948,155.0
bamboo-05874,oversize-floor,,,0,0,0.0,324.728,155.0
bamboo-05875,oversize-floor,,,0,0,0.0,208.425,155.0
bamboo-05876,strict,44,,0,0,1.0,6.305,3.5
bamboo-05877,strict,1,,0,0,1.0,0.416,0.25
bamboo-05878,oversize-floor,,,1,0,0.0,357.216,314.971
bamboo-05879,strict,16,,0,0,1.0,0.8,0.8
bamboo-05880,leftover,,2,5,1,0.2,85.251,24.2
bamboo-05881,strict,47,,3,3,1.0,5.4,3.0
bamboo-05882,strict,10,,3,3,1.0,8.228,4.101
bamboo-05883,oversize-total,,,0,0,0.0,266.819,135.0
bamboo-05884,strict,32,,0,0,1.0,2.4,0.8
bamboo-05885,oversize-floor,,,0,0,0.0,165.217,164.878
bamboo-05886,strict,3,,5,5,1.0,0.193,0.1
bamboo-05887,oversize-floor,,,0,0,0.0,155.582,155.0
bamboo-05888,leftover,,,0,0,0.0,35.842,18.626
bamboo-05889,leftover,,,2,0,0.0,84.116,27.0
bamboo-05890,oversize-floor,,,0,0,0.0,374.816,358.855
bamboo-05891,strict,3,,2,2,1.0,26.2,25.0
bamboo-05892,leftover,,,0,0,0.0,59.43,32.539
bamboo-05893,oversize-floor,,,2,0,0.0,1216.059,1210.719
bamboo-05894,leftover,,,1,0,0.0,57.87,51.87
bamboo-05895,strict,34,,0,0,1.0,3.204,0.98
bamboo-05896,strict,23,,4,4,1.0,1.266,0.8
bamboo-05897,oversize-floor,,,5,0,0.0,604.081,561.239
bamboo-05898,oversize-floor,,,1,0,0.0,838.19,838.19
bamboo-05899,leftover,,,1,0,0.0,21.335,14.638
bamboo-05900,strict,60,,1,1,1.0,35.4,18.0
bamboo-05901,leftover,,,0,0,0.0,75.398,55.879
bamboo-05902,leftover,,,1,0,0.0,131.971,101.679
bamboo-05903,leftover,,,0,0,0.0,43.227,19.0
bamboo-05904,leftover,,,6,0,0.0,40.21,15.312
bamboo-05905,leftover,,,1,0,0.0,87.461,27.0
bamboo-05906,leftover,,14,2,1,0.5,11.112,5.949
bamboo-05907,strict,20,,3,3,1.0,0.8,0.8
bamboo-05908,strict,7,,0,0,1.0,50.0,50.0
bamboo-05909,strict,44,,0,0,1.0,6.16,3.5
bamboo-05910,oversize-floor,,,0,0,0.0,161.95,155.0
bamboo-05911,leftover,,,3,0,0.0,145.094,55.023
bamboo-05912,oversize-floor,,,0,0,0.0,827.792,558.794
bamboo-05913,strict,58,,0,0,1.0,8.838,5.034
bamboo-05914,oversize-floor,,,2,0,0.0,5766.02,5434.959
bamboo-05915,strict,9,,0,0,1.0,2.557,1.757
bamboo-05916,leftover,,,3,0,0.0,90.966,61.028
bamboo-05917,leftover,,,0,0,0.0,33.032,30.246
bamboo-05918,leftover,,,0,0,0.0,61.427,45.627
bamboo-05919,strict,47,,4,4,1.0,5.514,5.495
bamboo-05920,strict,31,,1,1,1.0,1.66,0.8
bamboo-05921,oversize-floor,,,0,0,0.0,688.477,537.193
bamboo-05922,oversize-floor,,,4,0,0.0,36679.008,27668.811
bamboo-05923,oversize-floor,,,3,0,0.0,1664.321,1193.069
bamboo-05924,leftover,,,1,0,0.0,143.346,61.028
bamboo-05925,leftover,,,0,0,0.0,21.975,14.185
bamboo-05926,oversize-floor,,,2,0,0.0,330.6,326.0
bamboo-05927,strict,52,,3,3,1.0,6.8,3.0
bamboo-05928,oversize-floor,,,0,0,0.0,4932.436,4656.613
bamboo-05929,leftover,,,3,0,0.0,13.335,4.098
bamboo-05930,leftover,,,0,0,0.0,45.997,14.9
bamboo-05931,strict,51,,0,0,1.0,6.554,3.0
bamboo-05932,leftover,,,0,0,0.0,25.895,12.6
bamboo-05933,leftover,,,2,0,0.0,107.219,83.819
bamboo-05934,leftover,,,5,0,0.0,24.668,20.964
bamboo-05935,leftover,,,0,0,0.0,34.765,13.0
bamboo-05936,strict,41,,5,5,1.0,6.811,2.648
bamboo-05937,leftover,,,0,0,0.0,36.261,21.719
bamboo-05938,oversize-total,,,1,0,0.0,231.565,121.366
bamboo-05939,oversize-floor,,,6,0,0.0,440.58,349.246
bamboo-05940,oversize-floor,,,0,0,0.0,1416.647,1396.984
bamboo-05941,strict,1,,0,0,1.0,0.0,0.0
bamboo-05942,leftover,,,0,0,0.0,99.737,29.915
bamboo-05943,oversize-floor,,,0,0,0.0,402.317,177.4
bamboo-05944,leftover,,,5,0,0.0,96.129,40.0
bamboo-05945,oversize-floor,,,0,0,0.0,19119.842,11548.495
bamboo-05946,oversize-floor,,,0,0,0.0,915.431,838.19
bamboo-05947,oversize-total,,,1,0,0.0,290.6,130.4
bamboo-05948,leftover,,,2,0,0.0,33.087,32.671
bamboo-05949,leftover,,,0,0,0.0,42.162,13.503
bamboo-05950,oversize-total,,,0,0,0.0,150.634,61.028
bamboo-05951,strict,23,,0,0,1.0,85.25,81.25
bamboo-05952,leftover,,,0,0,0.0,28.984,25.0
bamboo-05953,strict,44,,3,3,1.0,4.685,3.0
bamboo-05954,oversize-total,,,1,0,0.0,370.916,136.729
bamboo-05955,oversize-floor,,,2,0,0.0,180.118,155.0
bamboo-05956,leftover,,,1,0,0.0,104.363,64.283
bamboo-05957,oversize-floor,,,1,0,0.0,157.027,155.0
bamboo-05958,leftover,,,0,0,0.0,27.689,20.489
bamboo-05959,oversize-floor,,,3,0,0.0,472.945,284.0
bamboo-05960,strict,1,,0,0,1.0,0.0,0.0
bamboo-05961,leftover,,,1,0,0.0,23.554,14.851
bamboo-05962,strict,44,,2,2,1.0,4.6,3.0
bamboo-05963,leftover,,,0,0,0.0,30.602,20.962
bamboo-05964,oversize-floor,,1,4,1,0.25,159.45,155.0
bamboo-05965,leftover,,,1,0,0.0,108.531,66.646
bamboo-05966,leftover,,,0,0,0.0,67.134,27.786
bamboo-05967,strict,10,,0,0,1.0,0.802,0.8
bamboo-05968,leftover,,,2,0,0.0,134.917,130.4
bamboo-05969,oversize-total,,,1,0,0.0,236.514,69.849
bamboo-05970,leftover,,,0,0,0.0,64.934,14.9
bamboo-05971,strict,1,,0,0,1.0,0.352,0.166
bamboo-05972,leftover,,,2,0,0.0,130.126,61.024
bamboo-05973,strict,1,,0,0,1.0,0.0,0.0
bamboo-05974,leftover,,24,3,1,0.333,11.071,6.799
bamboo-05975,oversize-floor,,,0,0,0.0,553.315,292.721
bamboo-05976,oversize-floor,,,3,0,0.0,298.904,284.0
bamboo-05977,strict,49,,4,4,1.0,6.131,2.794
bamboo-05978,strict,1,,0,0,1.0,0.0,0.0
bamboo-05979,leftover,,,3,0,0.0,110.353,39.547
bamboo-05980,strict,40,,0,0,1.0,3.8,3.0
bamboo-05981,leftover,,,3,0,0.0,57.647,27.511
bamboo-05982,strict,55,,0,0,1.0,69.549,49.599
bamboo-05983,leftover,,,0,0,0.0,133.832,101.679
bamboo-05984,strict,1,,0,0,1.0,3.063,2.107
bamboo-05985,oversize-floor,,,2,0,0.0,810.008,800.0
bamboo-05986,strict,15,,0,0,1.0,8.838,4.657
bamboo-05987,oversize-total,,,1,0,0.0,251.684,89.449
bamboo-05988,strict,35,,2,2,1.0,2.893,0.922
bamboo-05989,oversize-floor,,,2,0,0.0,1326.999,651.926
bamboo-05990,strict,47,,1,1,1.0,5.415,3.0
bamboo-05991,oversize-floor,,,0,0,0.0,296.8,284.0
bamboo-05992,oversize-floor,,,0,0,0.0,4456.115,4420.297
bamboo-05993,strict,34,,4,4,1.0,2.686,0.8
bamboo-05994,leftover,,,3,0,0.0,64.622,60.0
bamboo-05995,oversize-floor,,,0,0,0.0,155.884,155.0
bamboo-05996,leftover,,,2,0,0.0,79.673,61.028
bamboo-05997,strict,5,,0,0,1.0,0.863,0.8
bamboo-05998,oversize-floor,,,1,0,0.0,429.075,400.234
bamboo-05999,oversize-floor,,,3,0,0.0,5434.959,5434.959
bamboo-06000,leftover,,,0,0,0.0,111.652,56.097
bamboo-06001,strict,51,,5,5,1.0,6.649,3.0
bamboo-06002,oversize-floor,,7,4,3,0.75,201.739,155.0
bamboo-06003,leftover,,,3,0,0.0,95.109,71.753
bamboo-06004,strict,3,,0,0,1.0,16.95,12.945
bamboo-06005,strict,9,,0,0,1.0,0.1,0.1
bamboo-06006,leftover,,,0,0,0.0,64.533,14.2
bamboo-06007,strict,22,,0,0,1.0,2.875,1.865
bamboo-06008,strict,1,,0,0,1.0,0.0,0.0
bamboo-06009,leftover,,,3,0,0.0,46.568,25.0
bamboo-06010,oversize-total,,,3,0,0.0,301.262,136.738
bamboo-06011,leftover,,,4,0,0.0,36.622,14.9
bamboo-06012,strict,24,,0,0,1.0,1.445,0.8
bamboo-06013,oversize-floor,,,4,0,0.0,452.803,284.0
bamboo-06014,leftover,,,0,0,0.0,94.864,16.764
bamboo-06015,leftover,,,0,0,0.0,24.965,8.401
bamboo-06016,oversize-total,,,3,0,0.0,253.249,130.385
bamboo-06017,oversize-floor,,,0,0,0.0,6701.898,6701.898
bamboo-06018,strict,39,,0,0,1.0,3.8,3.0
bamboo-06019,strict,1,,4,4,1.0,0.0,0.0
bamboo-06020,strict,32,,4,4,1.0,2.4,0.8
bamboo-06021,strict,3,,0,0,1.0,2.535,0.8
bamboo-06022,strict,1,,0,0,1.0,0.215,0.098
bamboo-06023,oversize-floor,,,9,0,0.0,1031.168,576.39
bamboo-06024,leftover,,,0,0,0.0,35.022,14.185
bamboo-06025,oversize-floor,,,3,0,0.0,1051.437,838.19
bamboo-06026,oversize-floor,,,4,0,0.0,378.784,150.585
bamboo-06027,oversize-total,,,2,0,0.0,158.62,130.4
bamboo-06028,strict,31,,0,0,1.0,25.134,25.041
bamboo-06029,leftover,,,3,0,0.0,80.586,66.646
bamboo-06030,strict,41,,0,0,1.0,4.197,1.118
bamboo-06031,strict,18,,1,1,1.0,0.8,0.8
bamboo-06032,oversize-total,,,0,0,0.0,164.076,28.158
bamboo-06033,oversize-floor,,,4,0,0.0,760.969,326.415
bamboo-06034,leftover,,,0,0,0.0,56.383,44.315
bamboo-06035,oversize-floor,,,1,0,0.0,1088.495,698.406
bamboo-06036,oversize-floor,,,0,0,0.0,321.824,155.0
bamboo-06037,leftover,,,1,0,0.0,15.2,3.0
bamboo-06038,leftover,,,2,0,0.0,61.733,13.503
bamboo-06039,strict,1,,0,0,1.0,0.0,0.0
bamboo-06040,oversize-floor,,,0,0,0.0,338.746,338.746
bamboo-06041,leftover,,,0,0,0.0,145.301,130.4
bamboo-06042,leftover,,,6,0,0.0,13.848,3.0
bamboo-06043,strict,2,,0,0,1.0,0.492,0.326
bamboo-06044,leftover,,,0,0,0.0,78.253,25.745
bamboo-06045,strict,26,,0,0,1.0,1.6,0.8
bamboo-06046,leftover,,,0,0,0.0,106.821,25.0
bamboo-06047,leftover,,,3,0,0.0,19.367,4.657
bamboo-06048,leftover,,9,4,3,0.75,71.389,68.221
bamboo-06049,leftover,,,0,0,0.0,52.542,25.745
bamboo-06050,strict,1,,0,0,1.0,0.0,0.0
bamboo-06051,strict,1,,0,0,1.0,0.0,0.0
bamboo-06052,oversize-floor,,,2,0,0.0,1326.608,1062.752
bamboo-06053,strict,43,,2,2,1.0,4.6,3.0
bamboo-06054,strict,18,,1,1,1.0,0.8,0.8
bamboo-06055,strict,7,,0,0,1.0,21.641,17.249
bamboo-06056,strict,55,,3,3,1.0,18.445,12.945
bamboo-06057,oversize-total,,,5,0,0.0,154.596,53.905
bamboo-06058,leftover,,,0,0,0.0,136.063,127.653
bamboo-06059,leftover,,,0,0,0.0,59.703,14.9
bamboo-06060,leftover,,,0,0,0.0,17.877,14.2
bamboo-06061,strict,32,,0,0,1.0,2.4,0.8
bamboo-06062,leftover,,,0,0,0.0,56.759,14.9
bamboo-06063,strict,7,,0,0,1.0,1.445,0.8
bamboo-06064,strict,24,,2,2,1.0,1.6,0.8
bamboo-06065,leftover,,,1,0,0.0,53.062,25.103
bamboo-06066,oversize-floor,,,1,0,0.0,183.739,181.33
bamboo-06067,leftover,,,1,0,0.0,84.052,83.819
bamboo-06068,oversize-total,,,0,0,0.0,265.5,135.0
bamboo-06069,strict,59,,1,1,1.0,9.2,6.0
bamboo-06070,strict,1,,0,0,1.0,0.0,0.0
bamboo-06071,oversize-floor,,,4,0,0.0,1612.958,964.238
bamboo-06072,strict,13,,1,1,1.0,4.6,0.8
bamboo-06073,oversize-floor,,,0,0,0.0,1432.65,1342.831
bamboo-06074,oversize-total,,,3,0,0.0,348.401,136.738
bamboo-06075,oversize-floor,,,0,0,0.0,339.817,339.817
bamboo-06076,strict,47,,0,0,1.0,5.4,3.0
bamboo-06077,strict,1,,0,0,1.0,0.0,0.0
bamboo-06078,strict,17,,4,4,1.0,0.8,0.8
bamboo-06079,oversize-floor,,,0,0,0.0,279.676,155.0
bamboo-06080,oversize-total,,,4,0,0.0,201.409,79.471
bamboo-06081,oversize-floor,,,0,0,0.0,263.819,155.0
bamboo-06082,oversize-total,,,3,0,0.0,269.516,125.272
bamboo-06083,leftover,,,0,0,0.0,31.013,25.0
bamboo-06084,leftover,,,1,0,0.0,53.81,50.0
bamboo-06085,oversize-floor,,,0,0,0.0,607.6,284.0
bamboo-06086,strict,3,,0,0,1.0,1.015,0.8
bamboo-06087,leftover,,,2,0,0.0,144.47,60.0
bamboo-06088,oversize-floor,,1,4,1,0.25,2125.19,800.0
bamboo-06089,oversize-floor,,,0,0,0.0,3783.795,987.202
bamboo-06090,leftover,,,0,0,0.0,11.556,3.623
bamboo-06091,leftover,,,5,0,0.0,36.566,32.566
bamboo-06092,strict,31,,2,2,1.0,1.979,0.8
bamboo-06093,leftover,,,1,0,0.0,36.392,3.0
bamboo-06094,leftover,,,3,0,0.0,118.903,45.499
bamboo-06095,oversize-floor,,,0,0,0.0,195.841,177.4
bamboo-06096,leftover,,,3,0,0.0,25.822,6.5
bamboo-06097,oversize-floor,,,0,0,0.0,162.61,155.0
bamboo-06098,oversize-total,,,0,0,0.0,192.259,71.504
bamboo-06099,oversize-floor,,,0,0,0.0,249.785,155.0
bamboo-06100,leftover,,,0,0,0.0,96.315,93.132
bamboo-06101,oversize-total,,,0,0,0.0,344.92,120.878
bamboo-06102,leftover,,,0,0,0.0,18.729,13.887
bamboo-06103,oversize-floor,,,2,0,0.0,187.773,155.0
bamboo-06104,leftover,,,0,0,0.0,59.354,18.726
bamboo-06105,leftover,,,0,0,0.0,79.454,15.822
bamboo-06106,leftover,,,0,0,0.0,101.433,64.283
bamboo-06107,oversize-total,,,1,0,0.0,261.983,136.738
bamboo-06108,strict,13,,3,3,1.0,22.31,7.0
bamboo-06109,strict,6,,0,0,1.0,0.1,0.1
bamboo-06110,strict,44,,4,4,1.0,6.911,3.5
bamboo-06111,strict,20,,0,0,1.0,0.8,0.8
bamboo-06112,leftover,,,4,0,0.0,26.446,7.287
bamboo-06113,oversize-floor,,7,5,4,0.8,169.665,155.0
bamboo-06114,oversize-floor,,,3,0,0.0,193.053,155.0
bamboo-06115,oversize-floor,,,0,0,0.0,302.267,289.081
bamboo-06116,oversize-floor,,,3,0,0.0,241.784,155.0
bamboo-06117,leftover,,,4,0,0.0,110.783,69.849
bamboo-06118,leftover,,,1,0,0.0,15.341,7.671
bamboo-06119,strict,53,,3,3,1.0,10.101,7.101
bamboo-06120,oversize-floor,,,0,0,0.0,7219.86,7207.76
bamboo-06121,leftover,,,0,0,0.0,16.499,15.445
bamboo-06122,oversize-floor,,,0,0,0.0,889.275,627.013
bamboo-06123,strict,17,,0,0,1.0,0.8,0.8
bamboo-06124,strict,57,,0,0,1.0,8.44,5.44
bamboo-06125,oversize-total,,,3,0,0.0,166.724,128.6
bamboo-06126,oversize-total,,,4,0,0.0,256.028,135.0
bamboo-06127,strict,46,,0,0,1.0,5.022,2.877
bamboo-06128,leftover,,,3,0,0.0,9.819,7.451
bamboo-06129,oversize-floor,,,2,0,0.0,232.468,155.0
bamboo-06130,strict,38,,3,3,1.0,3.2,3.0
bamboo-06131,leftover,,,1,0,0.0,18.9,14.2
bamboo-06132,strict,18,,0,0,1.0,0.8,0.8
bamboo-06133,oversize-floor,,,4,0,0.0,1202.521,931.323
bamboo-06134,leftover,,,0,0,0.0,54.409,17.271
bamboo-06135,strict,37,,0,0,1.0,28.0,25.0
bamboo-06136,oversize-floor,,1,2,1,0.5,156.147,155.0
bamboo-06137,strict,40,,0,0,1.0,3.8,3.0
bamboo-06138,leftover,,,0,0,0.0,63.428,19.686
bamboo-06139,strict,2,,0,0,1.0,0.013,0.013
bamboo-06140,strict,20,,0,0,1.0,53.098,33.528
bamboo-06141,leftover,,,0,0,0.0,31.202,15.444
bamboo-06142,oversize-floor,,,0,0,0.0,550.376,439.106
bamboo-06143,oversize-floor,,,3,0,0.0,156.669,155.0
bamboo-06144,leftover,,,2,0,0.0,31.626,7.626
bamboo-06145,oversize-floor,,,3,0,0.0,423.561,252.134
bamboo-06146,oversize-floor,,,4,0,0.0,25043.023,18766.227
bamboo-06147,leftover,,,2,0,0.0,41.385,18.063
bamboo-06148,leftover,,,0,0,0.0,25.305,23.433
